BEGIN 01-candidate scheduled_steps=1273
W0727 21:55:40.828000 45322 torch/distributed/run.py:852] 
W0727 21:55:40.828000 45322 torch/distributed/run.py:852] *****************************************
W0727 21:55:40.828000 45322 torch/distributed/run.py:852] Setting OMP_NUM_THREADS environment variable for each process to be 1 in default, to avoid your system being overloaded, please further tune the variable for optimal performance in your application as needed. 
W0727 21:55:40.828000 45322 torch/distributed/run.py:852] *****************************************
[Gloo] Rank [Gloo] Rank 03 is connected to  is connected to 77 peer ranks.  peer ranks. Expected number of connected peer ranks is : Expected number of connected peer ranks is : 77

[Gloo] Rank 4 is connected to 7 peer ranks. Expected number of connected peer ranks is : 7
[Gloo] Rank 1 is connected to 7 peer ranks. Expected number of connected peer ranks is : 7
[Gloo] Rank 2 is connected to 7 peer ranks. Expected number of connected peer ranks is : 7
[Gloo] Rank 7 is connected to 7 peer ranks. Expected number of connected peer ranks is : 7
[Gloo] Rank 6 is connected to 7 peer ranks. Expected number of connected peer ranks is : 7
[Gloo] Rank 5 is connected to 7 peer ranks. Expected number of connected peer ranks is : 7
Warning: You are sending unauthenticated requests to the HF Hub. Please set a HF_TOKEN to enable higher rate limits and faster downloads.
Warning: You are sending unauthenticated requests to the HF Hub. Please set a HF_TOKEN to enable higher rate limits and faster downloads.
Warning: You are sending unauthenticated requests to the HF Hub. Please set a HF_TOKEN to enable higher rate limits and faster downloads.
Warning: You are sending unauthenticated requests to the HF Hub. Please set a HF_TOKEN to enable higher rate limits and faster downloads.
Warning: You are sending unauthenticated requests to the HF Hub. Please set a HF_TOKEN to enable higher rate limits and faster downloads.
Fetching 8 files:   0%|          | 0/8 [00:00<?, ?it/s]Fetching 8 files: 100%|██████████| 8/8 [00:00<00:00, 2279.05it/s]
Fetching 8 files:   0%|          | 0/8 [00:00<?, ?it/s]Fetching 8 files: 100%|██████████| 8/8 [00:00<00:00, 2803.68it/s]
Fetching 8 files:   0%|          | 0/8 [00:00<?, ?it/s]Fetching 8 files: 100%|██████████| 8/8 [00:00<00:00, 2420.95it/s]
Fetching 8 files:   0%|          | 0/8 [00:00<?, ?it/s]Fetching 8 files: 100%|██████████| 8/8 [00:00<00:00, 2852.30it/s]
Fetching 8 files:   0%|          | 0/8 [00:00<?, ?it/s]Fetching 8 files:   0%|          | 0/8 [00:00<?, ?it/s]Fetching 8 files: 100%|██████████| 8/8 [00:00<00:00, 2377.22it/s]
Fetching 8 files: 100%|██████████| 8/8 [00:00<00:00, 2654.62it/s]
Fetching 8 files:   0%|          | 0/8 [00:00<?, ?it/s]Fetching 8 files: 100%|██████████| 8/8 [00:00<00:00, 2870.60it/s]
Fetching 8 files:   0%|          | 0/8 [00:00<?, ?it/s]Fetching 8 files: 100%|██████████| 8/8 [00:00<00:00, 2417.12it/s]
logs/b368c151-6804-4de3-b15a-35a204750c8e.txt
Compiling model and warming up kernels (~7 minutes on first execution)
Sampling steps [0, 1, 422, 423, 424, 425, 847, 848, 849, 850, 1271, 1272, 1273, 1274, 1287] for warmup
Resetting Model
Terminal-blended sharded TailEMA scope=readout start=848 every=1 decay=0.9933 blend=0.65
step:0/1288 val_loss:10.8342 train_time:0ms step_avg:0.03ms
step:1/1288 train_time:86ms step_avg:86.10ms
step:2/1288 train_time:111ms step_avg:55.65ms
step:3/1288 train_time:132ms step_avg:43.95ms
step:4/1288 train_time:159ms step_avg:39.81ms
step:5/1288 train_time:186ms step_avg:37.26ms
step:6/1288 train_time:224ms step_avg:37.27ms
step:7/1288 train_time:251ms step_avg:35.86ms
step:8/1288 train_time:288ms step_avg:35.97ms
step:9/1288 train_time:315ms step_avg:35.03ms
step:10/1288 train_time:353ms step_avg:35.30ms
step:11/1288 train_time:381ms step_avg:34.60ms
step:12/1288 train_time:418ms step_avg:34.80ms
step:13/1288 train_time:446ms step_avg:34.28ms
step:14/1288 train_time:482ms step_avg:34.46ms
step:15/1288 train_time:510ms step_avg:34.03ms
step:16/1288 train_time:547ms step_avg:34.21ms
step:17/1288 train_time:575ms step_avg:33.82ms
step:18/1288 train_time:612ms step_avg:34.02ms
step:19/1288 train_time:640ms step_avg:33.69ms
step:20/1288 train_time:677ms step_avg:33.84ms
step:21/1288 train_time:705ms step_avg:33.56ms
step:22/1288 train_time:742ms step_avg:33.71ms
step:23/1288 train_time:770ms step_avg:33.46ms
step:24/1288 train_time:806ms step_avg:33.59ms
step:25/1288 train_time:834ms step_avg:33.37ms
step:26/1288 train_time:872ms step_avg:33.53ms
step:27/1288 train_time:899ms step_avg:33.30ms
step:28/1288 train_time:937ms step_avg:33.45ms
step:29/1288 train_time:964ms step_avg:33.25ms
step:30/1288 train_time:1002ms step_avg:33.39ms
step:31/1288 train_time:1030ms step_avg:33.22ms
step:32/1288 train_time:1067ms step_avg:33.34ms
step:33/1288 train_time:1095ms step_avg:33.17ms
step:34/1288 train_time:1131ms step_avg:33.28ms
step:35/1288 train_time:1160ms step_avg:33.13ms
step:36/1288 train_time:1197ms step_avg:33.25ms
step:37/1288 train_time:1225ms step_avg:33.11ms
step:38/1288 train_time:1262ms step_avg:33.22ms
step:39/1288 train_time:1291ms step_avg:33.09ms
step:40/1288 train_time:1327ms step_avg:33.19ms
step:41/1288 train_time:1356ms step_avg:33.06ms
step:42/1288 train_time:1393ms step_avg:33.17ms
step:43/1288 train_time:1421ms step_avg:33.05ms
step:44/1288 train_time:1458ms step_avg:33.13ms
step:45/1288 train_time:1486ms step_avg:33.03ms
step:46/1288 train_time:1523ms step_avg:33.12ms
step:47/1288 train_time:1551ms step_avg:33.00ms
step:48/1288 train_time:1588ms step_avg:33.09ms
step:49/1288 train_time:1616ms step_avg:32.98ms
step:50/1288 train_time:1654ms step_avg:33.07ms
step:51/1288 train_time:1681ms step_avg:32.97ms
step:52/1288 train_time:1718ms step_avg:33.04ms
step:53/1288 train_time:1746ms step_avg:32.95ms
step:54/1288 train_time:1783ms step_avg:33.02ms
step:55/1288 train_time:1811ms step_avg:32.93ms
step:56/1288 train_time:1848ms step_avg:33.00ms
step:57/1288 train_time:1876ms step_avg:32.91ms
step:58/1288 train_time:1913ms step_avg:32.99ms
step:59/1288 train_time:1941ms step_avg:32.90ms
step:60/1288 train_time:1979ms step_avg:32.98ms
step:61/1288 train_time:2007ms step_avg:32.90ms
step:62/1288 train_time:2044ms step_avg:32.96ms
step:63/1288 train_time:2072ms step_avg:32.88ms
step:64/1288 train_time:2109ms step_avg:32.95ms
step:65/1288 train_time:2137ms step_avg:32.87ms
step:66/1288 train_time:2174ms step_avg:32.94ms
step:67/1288 train_time:2202ms step_avg:32.86ms
step:68/1288 train_time:2239ms step_avg:32.93ms
step:69/1288 train_time:2267ms step_avg:32.86ms
step:70/1288 train_time:2304ms step_avg:32.92ms
step:71/1288 train_time:2332ms step_avg:32.84ms
step:72/1288 train_time:2369ms step_avg:32.91ms
step:73/1288 train_time:2397ms step_avg:32.83ms
step:74/1288 train_time:2434ms step_avg:32.89ms
step:75/1288 train_time:2462ms step_avg:32.83ms
step:76/1288 train_time:2499ms step_avg:32.88ms
step:77/1288 train_time:2527ms step_avg:32.82ms
step:78/1288 train_time:2564ms step_avg:32.88ms
step:79/1288 train_time:2592ms step_avg:32.81ms
step:80/1288 train_time:2629ms step_avg:32.86ms
step:81/1288 train_time:2657ms step_avg:32.80ms
step:82/1288 train_time:2695ms step_avg:32.86ms
step:83/1288 train_time:2722ms step_avg:32.80ms
step:84/1288 train_time:2760ms step_avg:32.85ms
step:85/1288 train_time:2788ms step_avg:32.80ms
step:86/1288 train_time:2825ms step_avg:32.85ms
step:87/1288 train_time:2852ms step_avg:32.79ms
step:88/1288 train_time:2890ms step_avg:32.84ms
step:89/1288 train_time:2917ms step_avg:32.78ms
step:90/1288 train_time:2955ms step_avg:32.84ms
step:91/1288 train_time:2983ms step_avg:32.78ms
step:92/1288 train_time:3021ms step_avg:32.83ms
step:93/1288 train_time:3049ms step_avg:32.78ms
step:94/1288 train_time:3085ms step_avg:32.82ms
step:95/1288 train_time:3113ms step_avg:32.77ms
step:96/1288 train_time:3150ms step_avg:32.82ms
step:97/1288 train_time:3179ms step_avg:32.77ms
step:98/1288 train_time:3216ms step_avg:32.82ms
step:99/1288 train_time:3244ms step_avg:32.77ms
step:100/1288 train_time:3281ms step_avg:32.81ms
step:101/1288 train_time:3309ms step_avg:32.76ms
step:102/1288 train_time:3346ms step_avg:32.81ms
step:103/1288 train_time:3374ms step_avg:32.76ms
step:104/1288 train_time:3411ms step_avg:32.80ms
step:105/1288 train_time:3438ms step_avg:32.75ms
step:106/1288 train_time:3476ms step_avg:32.79ms
step:107/1288 train_time:3503ms step_avg:32.74ms
step:108/1288 train_time:3540ms step_avg:32.78ms
step:109/1288 train_time:3569ms step_avg:32.74ms
step:110/1288 train_time:3606ms step_avg:32.78ms
step:111/1288 train_time:3634ms step_avg:32.74ms
step:112/1288 train_time:3671ms step_avg:32.77ms
step:113/1288 train_time:3698ms step_avg:32.73ms
step:114/1288 train_time:3736ms step_avg:32.77ms
step:115/1288 train_time:3764ms step_avg:32.73ms
step:116/1288 train_time:3801ms step_avg:32.77ms
step:117/1288 train_time:3829ms step_avg:32.73ms
step:118/1288 train_time:3866ms step_avg:32.76ms
step:119/1288 train_time:3894ms step_avg:32.72ms
step:120/1288 train_time:3931ms step_avg:32.76ms
step:121/1288 train_time:3959ms step_avg:32.72ms
step:122/1288 train_time:3996ms step_avg:32.76ms
step:123/1288 train_time:4024ms step_avg:32.71ms
step:124/1288 train_time:4061ms step_avg:32.75ms
step:125/1288 train_time:4089ms step_avg:32.72ms
step:126/1288 train_time:4126ms step_avg:32.75ms
step:127/1288 train_time:4154ms step_avg:32.71ms
step:128/1288 train_time:4192ms step_avg:32.75ms
step:129/1288 train_time:4219ms step_avg:32.71ms
step:130/1288 train_time:4256ms step_avg:32.74ms
step:131/1288 train_time:4285ms step_avg:32.71ms
step:132/1288 train_time:4321ms step_avg:32.74ms
step:133/1288 train_time:4350ms step_avg:32.71ms
step:134/1288 train_time:4387ms step_avg:32.74ms
step:135/1288 train_time:4414ms step_avg:32.70ms
step:136/1288 train_time:4451ms step_avg:32.73ms
step:137/1288 train_time:4479ms step_avg:32.70ms
step:138/1288 train_time:4517ms step_avg:32.73ms
step:139/1288 train_time:4545ms step_avg:32.70ms
step:140/1288 train_time:4582ms step_avg:32.73ms
step:141/1288 train_time:4610ms step_avg:32.69ms
step:142/1288 train_time:4646ms step_avg:32.72ms
step:143/1288 train_time:4675ms step_avg:32.69ms
step:144/1288 train_time:4712ms step_avg:32.72ms
step:145/1288 train_time:4740ms step_avg:32.69ms
step:146/1288 train_time:4778ms step_avg:32.72ms
step:147/1288 train_time:4805ms step_avg:32.69ms
step:148/1288 train_time:4842ms step_avg:32.72ms
step:149/1288 train_time:4870ms step_avg:32.68ms
step:150/1288 train_time:4907ms step_avg:32.71ms
step:151/1288 train_time:4934ms step_avg:32.68ms
step:152/1288 train_time:4972ms step_avg:32.71ms
step:153/1288 train_time:4999ms step_avg:32.68ms
step:154/1288 train_time:5037ms step_avg:32.71ms
step:155/1288 train_time:5065ms step_avg:32.68ms
step:156/1288 train_time:5102ms step_avg:32.70ms
step:157/1288 train_time:5129ms step_avg:32.67ms
step:158/1288 train_time:5166ms step_avg:32.70ms
step:159/1288 train_time:5195ms step_avg:32.67ms
step:160/1288 train_time:5232ms step_avg:32.70ms
step:161/1288 train_time:5260ms step_avg:32.67ms
step:162/1288 train_time:5297ms step_avg:32.70ms
step:163/1288 train_time:5325ms step_avg:32.67ms
step:164/1288 train_time:5362ms step_avg:32.70ms
step:165/1288 train_time:5390ms step_avg:32.67ms
step:166/1288 train_time:5427ms step_avg:32.69ms
step:167/1288 train_time:5455ms step_avg:32.66ms
step:168/1288 train_time:5492ms step_avg:32.69ms
step:169/1288 train_time:5520ms step_avg:32.66ms
step:170/1288 train_time:5557ms step_avg:32.69ms
step:171/1288 train_time:5585ms step_avg:32.66ms
step:172/1288 train_time:5622ms step_avg:32.69ms
step:173/1288 train_time:5649ms step_avg:32.66ms
step:174/1288 train_time:5686ms step_avg:32.68ms
step:175/1288 train_time:5714ms step_avg:32.65ms
step:176/1288 train_time:5751ms step_avg:32.68ms
step:177/1288 train_time:5779ms step_avg:32.65ms
step:178/1288 train_time:5816ms step_avg:32.67ms
step:179/1288 train_time:5844ms step_avg:32.65ms
step:180/1288 train_time:5881ms step_avg:32.67ms
step:181/1288 train_time:5908ms step_avg:32.64ms
step:182/1288 train_time:5945ms step_avg:32.67ms
step:183/1288 train_time:5973ms step_avg:32.64ms
step:184/1288 train_time:6010ms step_avg:32.66ms
step:185/1288 train_time:6038ms step_avg:32.64ms
step:186/1288 train_time:6075ms step_avg:32.66ms
step:187/1288 train_time:6103ms step_avg:32.64ms
step:188/1288 train_time:6140ms step_avg:32.66ms
step:189/1288 train_time:6168ms step_avg:32.63ms
step:190/1288 train_time:6205ms step_avg:32.66ms
step:191/1288 train_time:6233ms step_avg:32.63ms
step:192/1288 train_time:6270ms step_avg:32.65ms
step:193/1288 train_time:6297ms step_avg:32.63ms
step:194/1288 train_time:6335ms step_avg:32.65ms
step:195/1288 train_time:6362ms step_avg:32.63ms
step:196/1288 train_time:6400ms step_avg:32.65ms
step:197/1288 train_time:6427ms step_avg:32.63ms
step:198/1288 train_time:6464ms step_avg:32.65ms
step:199/1288 train_time:6492ms step_avg:32.63ms
step:200/1288 train_time:6529ms step_avg:32.65ms
step:201/1288 train_time:6557ms step_avg:32.62ms
step:202/1288 train_time:6595ms step_avg:32.65ms
step:203/1288 train_time:6622ms step_avg:32.62ms
step:204/1288 train_time:6659ms step_avg:32.64ms
step:205/1288 train_time:6688ms step_avg:32.62ms
step:206/1288 train_time:6724ms step_avg:32.64ms
step:207/1288 train_time:6752ms step_avg:32.62ms
step:208/1288 train_time:6789ms step_avg:32.64ms
step:209/1288 train_time:6817ms step_avg:32.62ms
step:210/1288 train_time:6854ms step_avg:32.64ms
step:211/1288 train_time:6881ms step_avg:32.61ms
step:212/1288 train_time:6918ms step_avg:32.63ms
step:213/1288 train_time:6947ms step_avg:32.61ms
step:214/1288 train_time:6983ms step_avg:32.63ms
step:215/1288 train_time:7011ms step_avg:32.61ms
step:216/1288 train_time:7048ms step_avg:32.63ms
step:217/1288 train_time:7076ms step_avg:32.61ms
step:218/1288 train_time:7113ms step_avg:32.63ms
step:219/1288 train_time:7141ms step_avg:32.61ms
step:220/1288 train_time:7178ms step_avg:32.63ms
step:221/1288 train_time:7206ms step_avg:32.60ms
step:222/1288 train_time:7243ms step_avg:32.62ms
step:223/1288 train_time:7270ms step_avg:32.60ms
step:224/1288 train_time:7307ms step_avg:32.62ms
step:225/1288 train_time:7335ms step_avg:32.60ms
step:226/1288 train_time:7372ms step_avg:32.62ms
step:227/1288 train_time:7400ms step_avg:32.60ms
step:228/1288 train_time:7437ms step_avg:32.62ms
step:229/1288 train_time:7465ms step_avg:32.60ms
step:230/1288 train_time:7502ms step_avg:32.62ms
step:231/1288 train_time:7530ms step_avg:32.60ms
step:232/1288 train_time:7567ms step_avg:32.62ms
step:233/1288 train_time:7595ms step_avg:32.60ms
step:234/1288 train_time:7632ms step_avg:32.62ms
step:235/1288 train_time:7660ms step_avg:32.60ms
step:236/1288 train_time:7697ms step_avg:32.62ms
step:237/1288 train_time:7725ms step_avg:32.59ms
step:238/1288 train_time:7762ms step_avg:32.61ms
step:239/1288 train_time:7790ms step_avg:32.59ms
step:240/1288 train_time:7827ms step_avg:32.61ms
step:241/1288 train_time:7855ms step_avg:32.59ms
step:242/1288 train_time:7892ms step_avg:32.61ms
step:243/1288 train_time:7920ms step_avg:32.59ms
step:244/1288 train_time:7957ms step_avg:32.61ms
step:245/1288 train_time:7985ms step_avg:32.59ms
step:246/1288 train_time:8022ms step_avg:32.61ms
step:247/1288 train_time:8050ms step_avg:32.59ms
step:248/1288 train_time:8087ms step_avg:32.61ms
step:249/1288 train_time:8115ms step_avg:32.59ms
step:250/1288 train_time:8152ms step_avg:32.61ms
step:250/1288 val_loss:4.4156 train_time:8188ms step_avg:32.75ms
step:251/1288 train_time:8209ms step_avg:32.70ms
step:252/1288 train_time:8231ms step_avg:32.66ms
step:253/1288 train_time:8248ms step_avg:32.60ms
step:254/1288 train_time:8284ms step_avg:32.62ms
step:255/1288 train_time:8314ms step_avg:32.60ms
step:256/1288 train_time:8352ms step_avg:32.63ms
step:257/1288 train_time:8380ms step_avg:32.61ms
step:258/1288 train_time:8417ms step_avg:32.62ms
step:259/1288 train_time:8445ms step_avg:32.61ms
step:260/1288 train_time:8482ms step_avg:32.62ms
step:261/1288 train_time:8510ms step_avg:32.60ms
step:262/1288 train_time:8547ms step_avg:32.62ms
step:263/1288 train_time:8574ms step_avg:32.60ms
step:264/1288 train_time:8612ms step_avg:32.62ms
step:265/1288 train_time:8640ms step_avg:32.60ms
step:266/1288 train_time:8676ms step_avg:32.62ms
step:267/1288 train_time:8704ms step_avg:32.60ms
step:268/1288 train_time:8741ms step_avg:32.61ms
step:269/1288 train_time:8768ms step_avg:32.59ms
step:270/1288 train_time:8805ms step_avg:32.61ms
step:271/1288 train_time:8833ms step_avg:32.59ms
step:272/1288 train_time:8870ms step_avg:32.61ms
step:273/1288 train_time:8897ms step_avg:32.59ms
step:274/1288 train_time:8934ms step_avg:32.61ms
step:275/1288 train_time:8962ms step_avg:32.59ms
step:276/1288 train_time:8998ms step_avg:32.60ms
step:277/1288 train_time:9026ms step_avg:32.59ms
step:278/1288 train_time:9063ms step_avg:32.60ms
step:279/1288 train_time:9091ms step_avg:32.58ms
step:280/1288 train_time:9128ms step_avg:32.60ms
step:281/1288 train_time:9155ms step_avg:32.58ms
step:282/1288 train_time:9193ms step_avg:32.60ms
step:283/1288 train_time:9220ms step_avg:32.58ms
step:284/1288 train_time:9258ms step_avg:32.60ms
step:285/1288 train_time:9285ms step_avg:32.58ms
step:286/1288 train_time:9323ms step_avg:32.60ms
step:287/1288 train_time:9351ms step_avg:32.58ms
step:288/1288 train_time:9388ms step_avg:32.60ms
step:289/1288 train_time:9416ms step_avg:32.58ms
step:290/1288 train_time:9453ms step_avg:32.60ms
step:291/1288 train_time:9481ms step_avg:32.58ms
step:292/1288 train_time:9518ms step_avg:32.60ms
step:293/1288 train_time:9546ms step_avg:32.58ms
step:294/1288 train_time:9583ms step_avg:32.59ms
step:295/1288 train_time:9611ms step_avg:32.58ms
step:296/1288 train_time:9648ms step_avg:32.59ms
step:297/1288 train_time:9676ms step_avg:32.58ms
step:298/1288 train_time:9714ms step_avg:32.60ms
step:299/1288 train_time:9741ms step_avg:32.58ms
step:300/1288 train_time:9778ms step_avg:32.59ms
step:301/1288 train_time:9806ms step_avg:32.58ms
step:302/1288 train_time:9843ms step_avg:32.59ms
step:303/1288 train_time:9871ms step_avg:32.58ms
step:304/1288 train_time:9908ms step_avg:32.59ms
step:305/1288 train_time:9935ms step_avg:32.57ms
step:306/1288 train_time:9972ms step_avg:32.59ms
step:307/1288 train_time:10000ms step_avg:32.57ms
step:308/1288 train_time:10037ms step_avg:32.59ms
step:309/1288 train_time:10065ms step_avg:32.57ms
step:310/1288 train_time:10101ms step_avg:32.59ms
step:311/1288 train_time:10130ms step_avg:32.57ms
step:312/1288 train_time:10166ms step_avg:32.58ms
step:313/1288 train_time:10194ms step_avg:32.57ms
step:314/1288 train_time:10231ms step_avg:32.58ms
step:315/1288 train_time:10259ms step_avg:32.57ms
step:316/1288 train_time:10295ms step_avg:32.58ms
step:317/1288 train_time:10324ms step_avg:32.57ms
step:318/1288 train_time:10360ms step_avg:32.58ms
step:319/1288 train_time:10388ms step_avg:32.57ms
step:320/1288 train_time:10425ms step_avg:32.58ms
step:321/1288 train_time:10453ms step_avg:32.56ms
step:322/1288 train_time:10490ms step_avg:32.58ms
step:323/1288 train_time:10519ms step_avg:32.57ms
step:324/1288 train_time:10555ms step_avg:32.58ms
step:325/1288 train_time:10583ms step_avg:32.56ms
step:326/1288 train_time:10620ms step_avg:32.58ms
step:327/1288 train_time:10648ms step_avg:32.56ms
step:328/1288 train_time:10685ms step_avg:32.58ms
step:329/1288 train_time:10713ms step_avg:32.56ms
step:330/1288 train_time:10750ms step_avg:32.57ms
step:331/1288 train_time:10777ms step_avg:32.56ms
step:332/1288 train_time:10815ms step_avg:32.58ms
step:333/1288 train_time:10843ms step_avg:32.56ms
step:334/1288 train_time:10880ms step_avg:32.57ms
step:335/1288 train_time:10907ms step_avg:32.56ms
step:336/1288 train_time:10945ms step_avg:32.57ms
step:337/1288 train_time:10972ms step_avg:32.56ms
step:338/1288 train_time:11009ms step_avg:32.57ms
step:339/1288 train_time:11037ms step_avg:32.56ms
step:340/1288 train_time:11074ms step_avg:32.57ms
step:341/1288 train_time:11101ms step_avg:32.55ms
step:342/1288 train_time:11138ms step_avg:32.57ms
step:343/1288 train_time:11167ms step_avg:32.56ms
step:344/1288 train_time:11203ms step_avg:32.57ms
step:345/1288 train_time:11232ms step_avg:32.56ms
step:346/1288 train_time:11268ms step_avg:32.57ms
step:347/1288 train_time:11296ms step_avg:32.55ms
step:348/1288 train_time:11334ms step_avg:32.57ms
step:349/1288 train_time:11361ms step_avg:32.55ms
step:350/1288 train_time:11399ms step_avg:32.57ms
step:351/1288 train_time:11427ms step_avg:32.55ms
step:352/1288 train_time:11464ms step_avg:32.57ms
step:353/1288 train_time:11491ms step_avg:32.55ms
step:354/1288 train_time:11528ms step_avg:32.57ms
step:355/1288 train_time:11556ms step_avg:32.55ms
step:356/1288 train_time:11593ms step_avg:32.56ms
step:357/1288 train_time:11621ms step_avg:32.55ms
step:358/1288 train_time:11657ms step_avg:32.56ms
step:359/1288 train_time:11685ms step_avg:32.55ms
step:360/1288 train_time:11723ms step_avg:32.56ms
step:361/1288 train_time:11750ms step_avg:32.55ms
step:362/1288 train_time:11787ms step_avg:32.56ms
step:363/1288 train_time:11815ms step_avg:32.55ms
step:364/1288 train_time:11852ms step_avg:32.56ms
step:365/1288 train_time:11879ms step_avg:32.55ms
step:366/1288 train_time:11917ms step_avg:32.56ms
step:367/1288 train_time:11944ms step_avg:32.55ms
step:368/1288 train_time:11981ms step_avg:32.56ms
step:369/1288 train_time:12009ms step_avg:32.54ms
step:370/1288 train_time:12046ms step_avg:32.56ms
step:371/1288 train_time:12074ms step_avg:32.54ms
step:372/1288 train_time:12111ms step_avg:32.56ms
step:373/1288 train_time:12139ms step_avg:32.54ms
step:374/1288 train_time:12176ms step_avg:32.56ms
step:375/1288 train_time:12204ms step_avg:32.54ms
step:376/1288 train_time:12241ms step_avg:32.56ms
step:377/1288 train_time:12269ms step_avg:32.54ms
step:378/1288 train_time:12305ms step_avg:32.55ms
step:379/1288 train_time:12333ms step_avg:32.54ms
step:380/1288 train_time:12370ms step_avg:32.55ms
step:381/1288 train_time:12398ms step_avg:32.54ms
step:382/1288 train_time:12435ms step_avg:32.55ms
step:383/1288 train_time:12463ms step_avg:32.54ms
step:384/1288 train_time:12500ms step_avg:32.55ms
step:385/1288 train_time:12528ms step_avg:32.54ms
step:386/1288 train_time:12565ms step_avg:32.55ms
step:387/1288 train_time:12593ms step_avg:32.54ms
step:388/1288 train_time:12629ms step_avg:32.55ms
step:389/1288 train_time:12657ms step_avg:32.54ms
step:390/1288 train_time:12694ms step_avg:32.55ms
step:391/1288 train_time:12722ms step_avg:32.54ms
step:392/1288 train_time:12759ms step_avg:32.55ms
step:393/1288 train_time:12786ms step_avg:32.53ms
step:394/1288 train_time:12824ms step_avg:32.55ms
step:395/1288 train_time:12851ms step_avg:32.53ms
step:396/1288 train_time:12888ms step_avg:32.55ms
step:397/1288 train_time:12916ms step_avg:32.53ms
step:398/1288 train_time:12952ms step_avg:32.54ms
step:399/1288 train_time:12980ms step_avg:32.53ms
step:400/1288 train_time:13017ms step_avg:32.54ms
step:401/1288 train_time:13045ms step_avg:32.53ms
step:402/1288 train_time:13082ms step_avg:32.54ms
step:403/1288 train_time:13110ms step_avg:32.53ms
step:404/1288 train_time:13147ms step_avg:32.54ms
step:405/1288 train_time:13174ms step_avg:32.53ms
step:406/1288 train_time:13212ms step_avg:32.54ms
step:407/1288 train_time:13240ms step_avg:32.53ms
step:408/1288 train_time:13277ms step_avg:32.54ms
step:409/1288 train_time:13304ms step_avg:32.53ms
step:410/1288 train_time:13341ms step_avg:32.54ms
step:411/1288 train_time:13369ms step_avg:32.53ms
step:412/1288 train_time:13406ms step_avg:32.54ms
step:413/1288 train_time:13434ms step_avg:32.53ms
step:414/1288 train_time:13471ms step_avg:32.54ms
step:415/1288 train_time:13499ms step_avg:32.53ms
step:416/1288 train_time:13536ms step_avg:32.54ms
step:417/1288 train_time:13564ms step_avg:32.53ms
step:418/1288 train_time:13601ms step_avg:32.54ms
step:419/1288 train_time:13629ms step_avg:32.53ms
step:420/1288 train_time:13666ms step_avg:32.54ms
step:421/1288 train_time:13694ms step_avg:32.53ms
step:422/1288 train_time:13731ms step_avg:32.54ms
step:423/1288 train_time:13759ms step_avg:32.53ms
step:424/1288 train_time:13796ms step_avg:32.54ms
step:425/1288 train_time:13826ms step_avg:32.53ms
step:426/1288 train_time:13889ms step_avg:32.60ms
step:427/1288 train_time:13943ms step_avg:32.65ms
step:428/1288 train_time:14005ms step_avg:32.72ms
step:429/1288 train_time:14058ms step_avg:32.77ms
step:430/1288 train_time:14122ms step_avg:32.84ms
step:431/1288 train_time:14175ms step_avg:32.89ms
step:432/1288 train_time:14237ms step_avg:32.96ms
step:433/1288 train_time:14292ms step_avg:33.01ms
step:434/1288 train_time:14354ms step_avg:33.07ms
step:435/1288 train_time:14409ms step_avg:33.12ms
step:436/1288 train_time:14472ms step_avg:33.19ms
step:437/1288 train_time:14525ms step_avg:33.24ms
step:438/1288 train_time:14587ms step_avg:33.30ms
step:439/1288 train_time:14642ms step_avg:33.35ms
step:440/1288 train_time:14704ms step_avg:33.42ms
step:441/1288 train_time:14760ms step_avg:33.47ms
step:442/1288 train_time:14821ms step_avg:33.53ms
step:443/1288 train_time:14875ms step_avg:33.58ms
step:444/1288 train_time:14937ms step_avg:33.64ms
step:445/1288 train_time:14991ms step_avg:33.69ms
step:446/1288 train_time:15053ms step_avg:33.75ms
step:447/1288 train_time:15108ms step_avg:33.80ms
step:448/1288 train_time:15170ms step_avg:33.86ms
step:449/1288 train_time:15224ms step_avg:33.91ms
step:450/1288 train_time:15286ms step_avg:33.97ms
step:451/1288 train_time:15341ms step_avg:34.02ms
step:452/1288 train_time:15403ms step_avg:34.08ms
step:453/1288 train_time:15458ms step_avg:34.12ms
step:454/1288 train_time:15520ms step_avg:34.19ms
step:455/1288 train_time:15575ms step_avg:34.23ms
step:456/1288 train_time:15638ms step_avg:34.29ms
step:457/1288 train_time:15693ms step_avg:34.34ms
step:458/1288 train_time:15755ms step_avg:34.40ms
step:459/1288 train_time:15810ms step_avg:34.44ms
step:460/1288 train_time:15872ms step_avg:34.50ms
step:461/1288 train_time:15926ms step_avg:34.55ms
step:462/1288 train_time:15987ms step_avg:34.60ms
step:463/1288 train_time:16040ms step_avg:34.64ms
step:464/1288 train_time:16103ms step_avg:34.71ms
step:465/1288 train_time:16158ms step_avg:34.75ms
step:466/1288 train_time:16220ms step_avg:34.81ms
step:467/1288 train_time:16274ms step_avg:34.85ms
step:468/1288 train_time:16336ms step_avg:34.91ms
step:469/1288 train_time:16390ms step_avg:34.95ms
step:470/1288 train_time:16452ms step_avg:35.00ms
step:471/1288 train_time:16506ms step_avg:35.04ms
step:472/1288 train_time:16569ms step_avg:35.10ms
step:473/1288 train_time:16623ms step_avg:35.14ms
step:474/1288 train_time:16685ms step_avg:35.20ms
step:475/1288 train_time:16738ms step_avg:35.24ms
step:476/1288 train_time:16800ms step_avg:35.29ms
step:477/1288 train_time:16855ms step_avg:35.34ms
step:478/1288 train_time:16918ms step_avg:35.39ms
step:479/1288 train_time:16972ms step_avg:35.43ms
step:480/1288 train_time:17035ms step_avg:35.49ms
step:481/1288 train_time:17089ms step_avg:35.53ms
step:482/1288 train_time:17151ms step_avg:35.58ms
step:483/1288 train_time:17205ms step_avg:35.62ms
step:484/1288 train_time:17267ms step_avg:35.68ms
step:485/1288 train_time:17321ms step_avg:35.71ms
step:486/1288 train_time:17383ms step_avg:35.77ms
step:487/1288 train_time:17437ms step_avg:35.80ms
step:488/1288 train_time:17500ms step_avg:35.86ms
step:489/1288 train_time:17554ms step_avg:35.90ms
step:490/1288 train_time:17617ms step_avg:35.95ms
step:491/1288 train_time:17671ms step_avg:35.99ms
step:492/1288 train_time:17733ms step_avg:36.04ms
step:493/1288 train_time:17787ms step_avg:36.08ms
step:494/1288 train_time:17848ms step_avg:36.13ms
step:495/1288 train_time:17902ms step_avg:36.17ms
step:496/1288 train_time:17965ms step_avg:36.22ms
step:497/1288 train_time:18019ms step_avg:36.25ms
step:498/1288 train_time:18082ms step_avg:36.31ms
step:499/1288 train_time:18137ms step_avg:36.35ms
step:500/1288 train_time:18199ms step_avg:36.40ms
step:500/1288 val_loss:4.0885 train_time:18263ms step_avg:36.53ms
step:501/1288 train_time:18284ms step_avg:36.49ms
step:502/1288 train_time:18319ms step_avg:36.49ms
step:503/1288 train_time:18374ms step_avg:36.53ms
step:504/1288 train_time:18441ms step_avg:36.59ms
step:505/1288 train_time:18495ms step_avg:36.62ms
step:506/1288 train_time:18558ms step_avg:36.68ms
step:507/1288 train_time:18611ms step_avg:36.71ms
step:508/1288 train_time:18673ms step_avg:36.76ms
step:509/1288 train_time:18727ms step_avg:36.79ms
step:510/1288 train_time:18789ms step_avg:36.84ms
step:511/1288 train_time:18842ms step_avg:36.87ms
step:512/1288 train_time:18905ms step_avg:36.92ms
step:513/1288 train_time:18959ms step_avg:36.96ms
step:514/1288 train_time:19020ms step_avg:37.00ms
step:515/1288 train_time:19074ms step_avg:37.04ms
step:516/1288 train_time:19135ms step_avg:37.08ms
step:517/1288 train_time:19188ms step_avg:37.11ms
step:518/1288 train_time:19250ms step_avg:37.16ms
step:519/1288 train_time:19306ms step_avg:37.20ms
step:520/1288 train_time:19371ms step_avg:37.25ms
step:521/1288 train_time:19427ms step_avg:37.29ms
step:522/1288 train_time:19489ms step_avg:37.34ms
step:523/1288 train_time:19543ms step_avg:37.37ms
step:524/1288 train_time:19606ms step_avg:37.42ms
step:525/1288 train_time:19660ms step_avg:37.45ms
step:526/1288 train_time:19721ms step_avg:37.49ms
step:527/1288 train_time:19774ms step_avg:37.52ms
step:528/1288 train_time:19836ms step_avg:37.57ms
step:529/1288 train_time:19889ms step_avg:37.60ms
step:530/1288 train_time:19951ms step_avg:37.64ms
step:531/1288 train_time:20005ms step_avg:37.67ms
step:532/1288 train_time:20068ms step_avg:37.72ms
step:533/1288 train_time:20121ms step_avg:37.75ms
step:534/1288 train_time:20183ms step_avg:37.80ms
step:535/1288 train_time:20238ms step_avg:37.83ms
step:536/1288 train_time:20301ms step_avg:37.87ms
step:537/1288 train_time:20355ms step_avg:37.91ms
step:538/1288 train_time:20417ms step_avg:37.95ms
step:539/1288 train_time:20472ms step_avg:37.98ms
step:540/1288 train_time:20534ms step_avg:38.03ms
step:541/1288 train_time:20588ms step_avg:38.06ms
step:542/1288 train_time:20651ms step_avg:38.10ms
step:543/1288 train_time:20705ms step_avg:38.13ms
step:544/1288 train_time:20769ms step_avg:38.18ms
step:545/1288 train_time:20822ms step_avg:38.21ms
step:546/1288 train_time:20883ms step_avg:38.25ms
step:547/1288 train_time:20937ms step_avg:38.28ms
step:548/1288 train_time:20998ms step_avg:38.32ms
step:549/1288 train_time:21051ms step_avg:38.34ms
step:550/1288 train_time:21114ms step_avg:38.39ms
step:551/1288 train_time:21167ms step_avg:38.42ms
step:552/1288 train_time:21232ms step_avg:38.46ms
step:553/1288 train_time:21284ms step_avg:38.49ms
step:554/1288 train_time:21347ms step_avg:38.53ms
step:555/1288 train_time:21401ms step_avg:38.56ms
step:556/1288 train_time:21464ms step_avg:38.60ms
step:557/1288 train_time:21518ms step_avg:38.63ms
step:558/1288 train_time:21580ms step_avg:38.67ms
step:559/1288 train_time:21634ms step_avg:38.70ms
step:560/1288 train_time:21696ms step_avg:38.74ms
step:561/1288 train_time:21749ms step_avg:38.77ms
step:562/1288 train_time:21812ms step_avg:38.81ms
step:563/1288 train_time:21866ms step_avg:38.84ms
step:564/1288 train_time:21928ms step_avg:38.88ms
step:565/1288 train_time:21981ms step_avg:38.91ms
step:566/1288 train_time:22043ms step_avg:38.95ms
step:567/1288 train_time:22097ms step_avg:38.97ms
step:568/1288 train_time:22158ms step_avg:39.01ms
step:569/1288 train_time:22212ms step_avg:39.04ms
step:570/1288 train_time:22275ms step_avg:39.08ms
step:571/1288 train_time:22328ms step_avg:39.10ms
step:572/1288 train_time:22391ms step_avg:39.14ms
step:573/1288 train_time:22445ms step_avg:39.17ms
step:574/1288 train_time:22508ms step_avg:39.21ms
step:575/1288 train_time:22563ms step_avg:39.24ms
step:576/1288 train_time:22625ms step_avg:39.28ms
step:577/1288 train_time:22679ms step_avg:39.31ms
step:578/1288 train_time:22741ms step_avg:39.34ms
step:579/1288 train_time:22794ms step_avg:39.37ms
step:580/1288 train_time:22856ms step_avg:39.41ms
step:581/1288 train_time:22910ms step_avg:39.43ms
step:582/1288 train_time:22972ms step_avg:39.47ms
step:583/1288 train_time:23026ms step_avg:39.50ms
step:584/1288 train_time:23088ms step_avg:39.53ms
step:585/1288 train_time:23142ms step_avg:39.56ms
step:586/1288 train_time:23204ms step_avg:39.60ms
step:587/1288 train_time:23259ms step_avg:39.62ms
step:588/1288 train_time:23320ms step_avg:39.66ms
step:589/1288 train_time:23374ms step_avg:39.68ms
step:590/1288 train_time:23436ms step_avg:39.72ms
step:591/1288 train_time:23490ms step_avg:39.75ms
step:592/1288 train_time:23553ms step_avg:39.78ms
step:593/1288 train_time:23606ms step_avg:39.81ms
step:594/1288 train_time:23670ms step_avg:39.85ms
step:595/1288 train_time:23724ms step_avg:39.87ms
step:596/1288 train_time:23786ms step_avg:39.91ms
step:597/1288 train_time:23841ms step_avg:39.93ms
step:598/1288 train_time:23902ms step_avg:39.97ms
step:599/1288 train_time:23956ms step_avg:39.99ms
step:600/1288 train_time:24018ms step_avg:40.03ms
step:601/1288 train_time:24072ms step_avg:40.05ms
step:602/1288 train_time:24133ms step_avg:40.09ms
step:603/1288 train_time:24187ms step_avg:40.11ms
step:604/1288 train_time:24250ms step_avg:40.15ms
step:605/1288 train_time:24304ms step_avg:40.17ms
step:606/1288 train_time:24367ms step_avg:40.21ms
step:607/1288 train_time:24421ms step_avg:40.23ms
step:608/1288 train_time:24483ms step_avg:40.27ms
step:609/1288 train_time:24536ms step_avg:40.29ms
step:610/1288 train_time:24598ms step_avg:40.32ms
step:611/1288 train_time:24652ms step_avg:40.35ms
step:612/1288 train_time:24713ms step_avg:40.38ms
step:613/1288 train_time:24767ms step_avg:40.40ms
step:614/1288 train_time:24830ms step_avg:40.44ms
step:615/1288 train_time:24883ms step_avg:40.46ms
step:616/1288 train_time:24946ms step_avg:40.50ms
step:617/1288 train_time:25000ms step_avg:40.52ms
step:618/1288 train_time:25062ms step_avg:40.55ms
step:619/1288 train_time:25115ms step_avg:40.57ms
step:620/1288 train_time:25178ms step_avg:40.61ms
step:621/1288 train_time:25231ms step_avg:40.63ms
step:622/1288 train_time:25293ms step_avg:40.66ms
step:623/1288 train_time:25347ms step_avg:40.69ms
step:624/1288 train_time:25410ms step_avg:40.72ms
step:625/1288 train_time:25464ms step_avg:40.74ms
step:626/1288 train_time:25527ms step_avg:40.78ms
step:627/1288 train_time:25581ms step_avg:40.80ms
step:628/1288 train_time:25642ms step_avg:40.83ms
step:629/1288 train_time:25696ms step_avg:40.85ms
step:630/1288 train_time:25758ms step_avg:40.89ms
step:631/1288 train_time:25811ms step_avg:40.91ms
step:632/1288 train_time:25874ms step_avg:40.94ms
step:633/1288 train_time:25927ms step_avg:40.96ms
step:634/1288 train_time:25990ms step_avg:40.99ms
step:635/1288 train_time:26044ms step_avg:41.01ms
step:636/1288 train_time:26106ms step_avg:41.05ms
step:637/1288 train_time:26161ms step_avg:41.07ms
step:638/1288 train_time:26223ms step_avg:41.10ms
step:639/1288 train_time:26277ms step_avg:41.12ms
step:640/1288 train_time:26339ms step_avg:41.15ms
step:641/1288 train_time:26393ms step_avg:41.17ms
step:642/1288 train_time:26454ms step_avg:41.21ms
step:643/1288 train_time:26508ms step_avg:41.22ms
step:644/1288 train_time:26572ms step_avg:41.26ms
step:645/1288 train_time:26626ms step_avg:41.28ms
step:646/1288 train_time:26689ms step_avg:41.31ms
step:647/1288 train_time:26742ms step_avg:41.33ms
step:648/1288 train_time:26805ms step_avg:41.37ms
step:649/1288 train_time:26860ms step_avg:41.39ms
step:650/1288 train_time:26921ms step_avg:41.42ms
step:651/1288 train_time:26975ms step_avg:41.44ms
step:652/1288 train_time:27036ms step_avg:41.47ms
step:653/1288 train_time:27091ms step_avg:41.49ms
step:654/1288 train_time:27153ms step_avg:41.52ms
step:655/1288 train_time:27208ms step_avg:41.54ms
step:656/1288 train_time:27271ms step_avg:41.57ms
step:657/1288 train_time:27324ms step_avg:41.59ms
step:658/1288 train_time:27387ms step_avg:41.62ms
step:659/1288 train_time:27441ms step_avg:41.64ms
step:660/1288 train_time:27503ms step_avg:41.67ms
step:661/1288 train_time:27556ms step_avg:41.69ms
step:662/1288 train_time:27618ms step_avg:41.72ms
step:663/1288 train_time:27673ms step_avg:41.74ms
step:664/1288 train_time:27735ms step_avg:41.77ms
step:665/1288 train_time:27789ms step_avg:41.79ms
step:666/1288 train_time:27851ms step_avg:41.82ms
step:667/1288 train_time:27904ms step_avg:41.84ms
step:668/1288 train_time:27968ms step_avg:41.87ms
step:669/1288 train_time:28022ms step_avg:41.89ms
step:670/1288 train_time:28084ms step_avg:41.92ms
step:671/1288 train_time:28138ms step_avg:41.93ms
step:672/1288 train_time:28200ms step_avg:41.96ms
step:673/1288 train_time:28253ms step_avg:41.98ms
step:674/1288 train_time:28315ms step_avg:42.01ms
step:675/1288 train_time:28369ms step_avg:42.03ms
step:676/1288 train_time:28432ms step_avg:42.06ms
step:677/1288 train_time:28485ms step_avg:42.08ms
step:678/1288 train_time:28548ms step_avg:42.11ms
step:679/1288 train_time:28602ms step_avg:42.12ms
step:680/1288 train_time:28665ms step_avg:42.15ms
step:681/1288 train_time:28719ms step_avg:42.17ms
step:682/1288 train_time:28781ms step_avg:42.20ms
step:683/1288 train_time:28834ms step_avg:42.22ms
step:684/1288 train_time:28896ms step_avg:42.25ms
step:685/1288 train_time:28950ms step_avg:42.26ms
step:686/1288 train_time:29013ms step_avg:42.29ms
step:687/1288 train_time:29067ms step_avg:42.31ms
step:688/1288 train_time:29130ms step_avg:42.34ms
step:689/1288 train_time:29184ms step_avg:42.36ms
step:690/1288 train_time:29246ms step_avg:42.39ms
step:691/1288 train_time:29301ms step_avg:42.40ms
step:692/1288 train_time:29363ms step_avg:42.43ms
step:693/1288 train_time:29417ms step_avg:42.45ms
step:694/1288 train_time:29479ms step_avg:42.48ms
step:695/1288 train_time:29532ms step_avg:42.49ms
step:696/1288 train_time:29594ms step_avg:42.52ms
step:697/1288 train_time:29648ms step_avg:42.54ms
step:698/1288 train_time:29711ms step_avg:42.57ms
step:699/1288 train_time:29765ms step_avg:42.58ms
step:700/1288 train_time:29828ms step_avg:42.61ms
step:701/1288 train_time:29882ms step_avg:42.63ms
step:702/1288 train_time:29944ms step_avg:42.66ms
step:703/1288 train_time:29999ms step_avg:42.67ms
step:704/1288 train_time:30060ms step_avg:42.70ms
step:705/1288 train_time:30113ms step_avg:42.71ms
step:706/1288 train_time:30176ms step_avg:42.74ms
step:707/1288 train_time:30229ms step_avg:42.76ms
step:708/1288 train_time:30292ms step_avg:42.78ms
step:709/1288 train_time:30346ms step_avg:42.80ms
step:710/1288 train_time:30408ms step_avg:42.83ms
step:711/1288 train_time:30463ms step_avg:42.85ms
step:712/1288 train_time:30525ms step_avg:42.87ms
step:713/1288 train_time:30579ms step_avg:42.89ms
step:714/1288 train_time:30640ms step_avg:42.91ms
step:715/1288 train_time:30695ms step_avg:42.93ms
step:716/1288 train_time:30756ms step_avg:42.96ms
step:717/1288 train_time:30811ms step_avg:42.97ms
step:718/1288 train_time:30873ms step_avg:43.00ms
step:719/1288 train_time:30928ms step_avg:43.01ms
step:720/1288 train_time:30990ms step_avg:43.04ms
step:721/1288 train_time:31043ms step_avg:43.06ms
step:722/1288 train_time:31106ms step_avg:43.08ms
step:723/1288 train_time:31161ms step_avg:43.10ms
step:724/1288 train_time:31223ms step_avg:43.13ms
step:725/1288 train_time:31277ms step_avg:43.14ms
step:726/1288 train_time:31338ms step_avg:43.17ms
step:727/1288 train_time:31393ms step_avg:43.18ms
step:728/1288 train_time:31454ms step_avg:43.21ms
step:729/1288 train_time:31508ms step_avg:43.22ms
step:730/1288 train_time:31573ms step_avg:43.25ms
step:731/1288 train_time:31625ms step_avg:43.26ms
step:732/1288 train_time:31687ms step_avg:43.29ms
step:733/1288 train_time:31742ms step_avg:43.30ms
step:734/1288 train_time:31803ms step_avg:43.33ms
step:735/1288 train_time:31858ms step_avg:43.34ms
step:736/1288 train_time:31920ms step_avg:43.37ms
step:737/1288 train_time:31973ms step_avg:43.38ms
step:738/1288 train_time:32035ms step_avg:43.41ms
step:739/1288 train_time:32089ms step_avg:43.42ms
step:740/1288 train_time:32151ms step_avg:43.45ms
step:741/1288 train_time:32205ms step_avg:43.46ms
step:742/1288 train_time:32268ms step_avg:43.49ms
step:743/1288 train_time:32322ms step_avg:43.50ms
step:744/1288 train_time:32384ms step_avg:43.53ms
step:745/1288 train_time:32438ms step_avg:43.54ms
step:746/1288 train_time:32499ms step_avg:43.56ms
step:747/1288 train_time:32552ms step_avg:43.58ms
step:748/1288 train_time:32614ms step_avg:43.60ms
step:749/1288 train_time:32668ms step_avg:43.62ms
step:750/1288 train_time:32731ms step_avg:43.64ms
step:750/1288 val_loss:3.6686 train_time:32795ms step_avg:43.73ms
step:751/1288 train_time:32815ms step_avg:43.69ms
step:752/1288 train_time:32851ms step_avg:43.68ms
step:753/1288 train_time:32908ms step_avg:43.70ms
step:754/1288 train_time:32972ms step_avg:43.73ms
step:755/1288 train_time:33027ms step_avg:43.74ms
step:756/1288 train_time:33090ms step_avg:43.77ms
step:757/1288 train_time:33143ms step_avg:43.78ms
step:758/1288 train_time:33204ms step_avg:43.81ms
step:759/1288 train_time:33258ms step_avg:43.82ms
step:760/1288 train_time:33319ms step_avg:43.84ms
step:761/1288 train_time:33373ms step_avg:43.85ms
step:762/1288 train_time:33435ms step_avg:43.88ms
step:763/1288 train_time:33488ms step_avg:43.89ms
step:764/1288 train_time:33549ms step_avg:43.91ms
step:765/1288 train_time:33604ms step_avg:43.93ms
step:766/1288 train_time:33665ms step_avg:43.95ms
step:767/1288 train_time:33719ms step_avg:43.96ms
step:768/1288 train_time:33782ms step_avg:43.99ms
step:769/1288 train_time:33836ms step_avg:44.00ms
step:770/1288 train_time:33900ms step_avg:44.03ms
step:771/1288 train_time:33955ms step_avg:44.04ms
step:772/1288 train_time:34018ms step_avg:44.07ms
step:773/1288 train_time:34074ms step_avg:44.08ms
step:774/1288 train_time:34135ms step_avg:44.10ms
step:775/1288 train_time:34190ms step_avg:44.12ms
step:776/1288 train_time:34252ms step_avg:44.14ms
step:777/1288 train_time:34306ms step_avg:44.15ms
step:778/1288 train_time:34367ms step_avg:44.17ms
step:779/1288 train_time:34420ms step_avg:44.19ms
step:780/1288 train_time:34482ms step_avg:44.21ms
step:781/1288 train_time:34536ms step_avg:44.22ms
step:782/1288 train_time:34598ms step_avg:44.24ms
step:783/1288 train_time:34651ms step_avg:44.25ms
step:784/1288 train_time:34714ms step_avg:44.28ms
step:785/1288 train_time:34768ms step_avg:44.29ms
step:786/1288 train_time:34831ms step_avg:44.31ms
step:787/1288 train_time:34885ms step_avg:44.33ms
step:788/1288 train_time:34948ms step_avg:44.35ms
step:789/1288 train_time:35002ms step_avg:44.36ms
step:790/1288 train_time:35064ms step_avg:44.39ms
step:791/1288 train_time:35118ms step_avg:44.40ms
step:792/1288 train_time:35180ms step_avg:44.42ms
step:793/1288 train_time:35234ms step_avg:44.43ms
step:794/1288 train_time:35298ms step_avg:44.46ms
step:795/1288 train_time:35350ms step_avg:44.47ms
step:796/1288 train_time:35414ms step_avg:44.49ms
step:797/1288 train_time:35467ms step_avg:44.50ms
step:798/1288 train_time:35529ms step_avg:44.52ms
step:799/1288 train_time:35582ms step_avg:44.53ms
step:800/1288 train_time:35643ms step_avg:44.55ms
step:801/1288 train_time:35697ms step_avg:44.57ms
step:802/1288 train_time:35759ms step_avg:44.59ms
step:803/1288 train_time:35812ms step_avg:44.60ms
step:804/1288 train_time:35876ms step_avg:44.62ms
step:805/1288 train_time:35930ms step_avg:44.63ms
step:806/1288 train_time:35993ms step_avg:44.66ms
step:807/1288 train_time:36048ms step_avg:44.67ms
step:808/1288 train_time:36111ms step_avg:44.69ms
step:809/1288 train_time:36166ms step_avg:44.70ms
step:810/1288 train_time:36228ms step_avg:44.73ms
step:811/1288 train_time:36281ms step_avg:44.74ms
step:812/1288 train_time:36343ms step_avg:44.76ms
step:813/1288 train_time:36397ms step_avg:44.77ms
step:814/1288 train_time:36458ms step_avg:44.79ms
step:815/1288 train_time:36512ms step_avg:44.80ms
step:816/1288 train_time:36574ms step_avg:44.82ms
step:817/1288 train_time:36627ms step_avg:44.83ms
step:818/1288 train_time:36689ms step_avg:44.85ms
step:819/1288 train_time:36744ms step_avg:44.86ms
step:820/1288 train_time:36805ms step_avg:44.88ms
step:821/1288 train_time:36859ms step_avg:44.89ms
step:822/1288 train_time:36921ms step_avg:44.92ms
step:823/1288 train_time:36976ms step_avg:44.93ms
step:824/1288 train_time:37038ms step_avg:44.95ms
step:825/1288 train_time:37092ms step_avg:44.96ms
step:826/1288 train_time:37154ms step_avg:44.98ms
step:827/1288 train_time:37209ms step_avg:44.99ms
step:828/1288 train_time:37272ms step_avg:45.01ms
step:829/1288 train_time:37326ms step_avg:45.03ms
step:830/1288 train_time:37388ms step_avg:45.05ms
step:831/1288 train_time:37443ms step_avg:45.06ms
step:832/1288 train_time:37504ms step_avg:45.08ms
step:833/1288 train_time:37558ms step_avg:45.09ms
step:834/1288 train_time:37619ms step_avg:45.11ms
step:835/1288 train_time:37674ms step_avg:45.12ms
step:836/1288 train_time:37737ms step_avg:45.14ms
step:837/1288 train_time:37790ms step_avg:45.15ms
step:838/1288 train_time:37853ms step_avg:45.17ms
step:839/1288 train_time:37908ms step_avg:45.18ms
step:840/1288 train_time:37970ms step_avg:45.20ms
step:841/1288 train_time:38025ms step_avg:45.21ms
step:842/1288 train_time:38086ms step_avg:45.23ms
step:843/1288 train_time:38140ms step_avg:45.24ms
step:844/1288 train_time:38202ms step_avg:45.26ms
step:845/1288 train_time:38255ms step_avg:45.27ms
step:846/1288 train_time:38318ms step_avg:45.29ms
step:847/1288 train_time:38372ms step_avg:45.30ms
step:848/1288 train_time:38434ms step_avg:45.32ms
step:849/1288 train_time:38488ms step_avg:45.33ms
step:850/1288 train_time:38553ms step_avg:45.36ms
step:851/1288 train_time:38637ms step_avg:45.40ms
step:852/1288 train_time:38723ms step_avg:45.45ms
step:853/1288 train_time:38803ms step_avg:45.49ms
step:854/1288 train_time:38892ms step_avg:45.54ms
step:855/1288 train_time:38974ms step_avg:45.58ms
step:856/1288 train_time:39061ms step_avg:45.63ms
step:857/1288 train_time:39142ms step_avg:45.67ms
step:858/1288 train_time:39229ms step_avg:45.72ms
step:859/1288 train_time:39311ms step_avg:45.76ms
step:860/1288 train_time:39397ms step_avg:45.81ms
step:861/1288 train_time:39477ms step_avg:45.85ms
step:862/1288 train_time:39563ms step_avg:45.90ms
step:863/1288 train_time:39645ms step_avg:45.94ms
step:864/1288 train_time:39733ms step_avg:45.99ms
step:865/1288 train_time:39813ms step_avg:46.03ms
step:866/1288 train_time:39901ms step_avg:46.07ms
step:867/1288 train_time:39982ms step_avg:46.11ms
step:868/1288 train_time:40068ms step_avg:46.16ms
step:869/1288 train_time:40150ms step_avg:46.20ms
step:870/1288 train_time:40237ms step_avg:46.25ms
step:871/1288 train_time:40317ms step_avg:46.29ms
step:872/1288 train_time:40405ms step_avg:46.34ms
step:873/1288 train_time:40485ms step_avg:46.37ms
step:874/1288 train_time:40573ms step_avg:46.42ms
step:875/1288 train_time:40654ms step_avg:46.46ms
step:876/1288 train_time:40741ms step_avg:46.51ms
step:877/1288 train_time:40822ms step_avg:46.55ms
step:878/1288 train_time:40910ms step_avg:46.59ms
step:879/1288 train_time:40991ms step_avg:46.63ms
step:880/1288 train_time:41079ms step_avg:46.68ms
step:881/1288 train_time:41160ms step_avg:46.72ms
step:882/1288 train_time:41246ms step_avg:46.76ms
step:883/1288 train_time:41327ms step_avg:46.80ms
step:884/1288 train_time:41414ms step_avg:46.85ms
step:885/1288 train_time:41495ms step_avg:46.89ms
step:886/1288 train_time:41581ms step_avg:46.93ms
step:887/1288 train_time:41661ms step_avg:46.97ms
step:888/1288 train_time:41748ms step_avg:47.01ms
step:889/1288 train_time:41831ms step_avg:47.05ms
step:890/1288 train_time:41919ms step_avg:47.10ms
step:891/1288 train_time:41999ms step_avg:47.14ms
step:892/1288 train_time:42086ms step_avg:47.18ms
step:893/1288 train_time:42168ms step_avg:47.22ms
step:894/1288 train_time:42255ms step_avg:47.27ms
step:895/1288 train_time:42336ms step_avg:47.30ms
step:896/1288 train_time:42423ms step_avg:47.35ms
step:897/1288 train_time:42503ms step_avg:47.38ms
step:898/1288 train_time:42590ms step_avg:47.43ms
step:899/1288 train_time:42672ms step_avg:47.47ms
step:900/1288 train_time:42759ms step_avg:47.51ms
step:901/1288 train_time:42840ms step_avg:47.55ms
step:902/1288 train_time:42927ms step_avg:47.59ms
step:903/1288 train_time:43007ms step_avg:47.63ms
step:904/1288 train_time:43095ms step_avg:47.67ms
step:905/1288 train_time:43176ms step_avg:47.71ms
step:906/1288 train_time:43264ms step_avg:47.75ms
step:907/1288 train_time:43344ms step_avg:47.79ms
step:908/1288 train_time:43429ms step_avg:47.83ms
step:909/1288 train_time:43512ms step_avg:47.87ms
step:910/1288 train_time:43600ms step_avg:47.91ms
step:911/1288 train_time:43680ms step_avg:47.95ms
step:912/1288 train_time:43767ms step_avg:47.99ms
step:913/1288 train_time:43849ms step_avg:48.03ms
step:914/1288 train_time:43937ms step_avg:48.07ms
step:915/1288 train_time:44017ms step_avg:48.11ms
step:916/1288 train_time:44104ms step_avg:48.15ms
step:917/1288 train_time:44184ms step_avg:48.18ms
step:918/1288 train_time:44271ms step_avg:48.23ms
step:919/1288 train_time:44353ms step_avg:48.26ms
step:920/1288 train_time:44440ms step_avg:48.30ms
step:921/1288 train_time:44522ms step_avg:48.34ms
step:922/1288 train_time:44609ms step_avg:48.38ms
step:923/1288 train_time:44690ms step_avg:48.42ms
step:924/1288 train_time:44777ms step_avg:48.46ms
step:925/1288 train_time:44858ms step_avg:48.50ms
step:926/1288 train_time:44946ms step_avg:48.54ms
step:927/1288 train_time:45028ms step_avg:48.57ms
step:928/1288 train_time:45116ms step_avg:48.62ms
step:929/1288 train_time:45197ms step_avg:48.65ms
step:930/1288 train_time:45283ms step_avg:48.69ms
step:931/1288 train_time:45362ms step_avg:48.72ms
step:932/1288 train_time:45450ms step_avg:48.77ms
step:933/1288 train_time:45533ms step_avg:48.80ms
step:934/1288 train_time:45621ms step_avg:48.84ms
step:935/1288 train_time:45701ms step_avg:48.88ms
step:936/1288 train_time:45788ms step_avg:48.92ms
step:937/1288 train_time:45869ms step_avg:48.95ms
step:938/1288 train_time:45958ms step_avg:49.00ms
step:939/1288 train_time:46039ms step_avg:49.03ms
step:940/1288 train_time:46126ms step_avg:49.07ms
step:941/1288 train_time:46207ms step_avg:49.10ms
step:942/1288 train_time:46294ms step_avg:49.14ms
step:943/1288 train_time:46376ms step_avg:49.18ms
step:944/1288 train_time:46462ms step_avg:49.22ms
step:945/1288 train_time:46543ms step_avg:49.25ms
step:946/1288 train_time:46631ms step_avg:49.29ms
step:947/1288 train_time:46712ms step_avg:49.33ms
step:948/1288 train_time:46800ms step_avg:49.37ms
step:949/1288 train_time:46881ms step_avg:49.40ms
step:950/1288 train_time:46968ms step_avg:49.44ms
step:951/1288 train_time:47050ms step_avg:49.47ms
step:952/1288 train_time:47138ms step_avg:49.51ms
step:953/1288 train_time:47219ms step_avg:49.55ms
step:954/1288 train_time:47306ms step_avg:49.59ms
step:955/1288 train_time:47387ms step_avg:49.62ms
step:956/1288 train_time:47475ms step_avg:49.66ms
step:957/1288 train_time:47556ms step_avg:49.69ms
step:958/1288 train_time:47643ms step_avg:49.73ms
step:959/1288 train_time:47725ms step_avg:49.76ms
step:960/1288 train_time:47813ms step_avg:49.80ms
step:961/1288 train_time:47893ms step_avg:49.84ms
step:962/1288 train_time:47981ms step_avg:49.88ms
step:963/1288 train_time:48062ms step_avg:49.91ms
step:964/1288 train_time:48150ms step_avg:49.95ms
step:965/1288 train_time:48232ms step_avg:49.98ms
step:966/1288 train_time:48319ms step_avg:50.02ms
step:967/1288 train_time:48400ms step_avg:50.05ms
step:968/1288 train_time:48486ms step_avg:50.09ms
step:969/1288 train_time:48567ms step_avg:50.12ms
step:970/1288 train_time:48656ms step_avg:50.16ms
step:971/1288 train_time:48738ms step_avg:50.19ms
step:972/1288 train_time:48826ms step_avg:50.23ms
step:973/1288 train_time:48907ms step_avg:50.26ms
step:974/1288 train_time:48995ms step_avg:50.30ms
step:975/1288 train_time:49075ms step_avg:50.33ms
step:976/1288 train_time:49163ms step_avg:50.37ms
step:977/1288 train_time:49244ms step_avg:50.40ms
step:978/1288 train_time:49332ms step_avg:50.44ms
step:979/1288 train_time:49413ms step_avg:50.47ms
step:980/1288 train_time:49501ms step_avg:50.51ms
step:981/1288 train_time:49581ms step_avg:50.54ms
step:982/1288 train_time:49669ms step_avg:50.58ms
step:983/1288 train_time:49752ms step_avg:50.61ms
step:984/1288 train_time:49839ms step_avg:50.65ms
step:985/1288 train_time:49920ms step_avg:50.68ms
step:986/1288 train_time:50007ms step_avg:50.72ms
step:987/1288 train_time:50087ms step_avg:50.75ms
step:988/1288 train_time:50174ms step_avg:50.78ms
step:989/1288 train_time:50256ms step_avg:50.82ms
step:990/1288 train_time:50343ms step_avg:50.85ms
step:991/1288 train_time:50424ms step_avg:50.88ms
step:992/1288 train_time:50512ms step_avg:50.92ms
step:993/1288 train_time:50593ms step_avg:50.95ms
step:994/1288 train_time:50680ms step_avg:50.99ms
step:995/1288 train_time:50761ms step_avg:51.02ms
step:996/1288 train_time:50850ms step_avg:51.05ms
step:997/1288 train_time:50932ms step_avg:51.09ms
step:998/1288 train_time:51020ms step_avg:51.12ms
step:999/1288 train_time:51101ms step_avg:51.15ms
step:1000/1288 train_time:51187ms step_avg:51.19ms
step:1000/1288 val_loss:3.4249 train_time:51279ms step_avg:51.28ms
step:1001/1288 train_time:51300ms step_avg:51.25ms
step:1002/1288 train_time:51363ms step_avg:51.26ms
step:1003/1288 train_time:51446ms step_avg:51.29ms
step:1004/1288 train_time:51534ms step_avg:51.33ms
step:1005/1288 train_time:51613ms step_avg:51.36ms
step:1006/1288 train_time:51701ms step_avg:51.39ms
step:1007/1288 train_time:51782ms step_avg:51.42ms
step:1008/1288 train_time:51868ms step_avg:51.46ms
step:1009/1288 train_time:51948ms step_avg:51.48ms
step:1010/1288 train_time:52035ms step_avg:51.52ms
step:1011/1288 train_time:52115ms step_avg:51.55ms
step:1012/1288 train_time:52203ms step_avg:51.58ms
step:1013/1288 train_time:52286ms step_avg:51.62ms
step:1014/1288 train_time:52375ms step_avg:51.65ms
step:1015/1288 train_time:52456ms step_avg:51.68ms
step:1016/1288 train_time:52545ms step_avg:51.72ms
step:1017/1288 train_time:52626ms step_avg:51.75ms
step:1018/1288 train_time:52712ms step_avg:51.78ms
step:1019/1288 train_time:52793ms step_avg:51.81ms
step:1020/1288 train_time:52879ms step_avg:51.84ms
step:1021/1288 train_time:52960ms step_avg:51.87ms
step:1022/1288 train_time:53048ms step_avg:51.91ms
step:1023/1288 train_time:53129ms step_avg:51.93ms
step:1024/1288 train_time:53217ms step_avg:51.97ms
step:1025/1288 train_time:53299ms step_avg:52.00ms
step:1026/1288 train_time:53390ms step_avg:52.04ms
step:1027/1288 train_time:53470ms step_avg:52.06ms
step:1028/1288 train_time:53558ms step_avg:52.10ms
step:1029/1288 train_time:53640ms step_avg:52.13ms
step:1030/1288 train_time:53728ms step_avg:52.16ms
step:1031/1288 train_time:53809ms step_avg:52.19ms
step:1032/1288 train_time:53895ms step_avg:52.22ms
step:1033/1288 train_time:53975ms step_avg:52.25ms
step:1034/1288 train_time:54063ms step_avg:52.28ms
step:1035/1288 train_time:54145ms step_avg:52.31ms
step:1036/1288 train_time:54233ms step_avg:52.35ms
step:1037/1288 train_time:54314ms step_avg:52.38ms
step:1038/1288 train_time:54402ms step_avg:52.41ms
step:1039/1288 train_time:54486ms step_avg:52.44ms
step:1040/1288 train_time:54573ms step_avg:52.47ms
step:1041/1288 train_time:54655ms step_avg:52.50ms
step:1042/1288 train_time:54742ms step_avg:52.54ms
step:1043/1288 train_time:54823ms step_avg:52.56ms
step:1044/1288 train_time:54910ms step_avg:52.60ms
step:1045/1288 train_time:54990ms step_avg:52.62ms
step:1046/1288 train_time:55077ms step_avg:52.66ms
step:1047/1288 train_time:55158ms step_avg:52.68ms
step:1048/1288 train_time:55247ms step_avg:52.72ms
step:1049/1288 train_time:55328ms step_avg:52.74ms
step:1050/1288 train_time:55416ms step_avg:52.78ms
step:1051/1288 train_time:55497ms step_avg:52.80ms
step:1052/1288 train_time:55585ms step_avg:52.84ms
step:1053/1288 train_time:55666ms step_avg:52.86ms
step:1054/1288 train_time:55754ms step_avg:52.90ms
step:1055/1288 train_time:55835ms step_avg:52.92ms
step:1056/1288 train_time:55922ms step_avg:52.96ms
step:1057/1288 train_time:56003ms step_avg:52.98ms
step:1058/1288 train_time:56090ms step_avg:53.02ms
step:1059/1288 train_time:56171ms step_avg:53.04ms
step:1060/1288 train_time:56258ms step_avg:53.07ms
step:1061/1288 train_time:56339ms step_avg:53.10ms
step:1062/1288 train_time:56427ms step_avg:53.13ms
step:1063/1288 train_time:56509ms step_avg:53.16ms
step:1064/1288 train_time:56597ms step_avg:53.19ms
step:1065/1288 train_time:56677ms step_avg:53.22ms
step:1066/1288 train_time:56765ms step_avg:53.25ms
step:1067/1288 train_time:56846ms step_avg:53.28ms
step:1068/1288 train_time:56933ms step_avg:53.31ms
step:1069/1288 train_time:57014ms step_avg:53.33ms
step:1070/1288 train_time:57101ms step_avg:53.37ms
step:1071/1288 train_time:57181ms step_avg:53.39ms
step:1072/1288 train_time:57268ms step_avg:53.42ms
step:1073/1288 train_time:57348ms step_avg:53.45ms
step:1074/1288 train_time:57437ms step_avg:53.48ms
step:1075/1288 train_time:57518ms step_avg:53.51ms
step:1076/1288 train_time:57606ms step_avg:53.54ms
step:1077/1288 train_time:57687ms step_avg:53.56ms
step:1078/1288 train_time:57773ms step_avg:53.59ms
step:1079/1288 train_time:57854ms step_avg:53.62ms
step:1080/1288 train_time:57943ms step_avg:53.65ms
step:1081/1288 train_time:58025ms step_avg:53.68ms
step:1082/1288 train_time:58112ms step_avg:53.71ms
step:1083/1288 train_time:58194ms step_avg:53.73ms
step:1084/1288 train_time:58281ms step_avg:53.76ms
step:1085/1288 train_time:58363ms step_avg:53.79ms
step:1086/1288 train_time:58450ms step_avg:53.82ms
step:1087/1288 train_time:58531ms step_avg:53.85ms
step:1088/1288 train_time:58618ms step_avg:53.88ms
step:1089/1288 train_time:58700ms step_avg:53.90ms
step:1090/1288 train_time:58788ms step_avg:53.93ms
step:1091/1288 train_time:58868ms step_avg:53.96ms
step:1092/1288 train_time:58956ms step_avg:53.99ms
step:1093/1288 train_time:59036ms step_avg:54.01ms
step:1094/1288 train_time:59124ms step_avg:54.04ms
step:1095/1288 train_time:59205ms step_avg:54.07ms
step:1096/1288 train_time:59293ms step_avg:54.10ms
step:1097/1288 train_time:59373ms step_avg:54.12ms
step:1098/1288 train_time:59461ms step_avg:54.15ms
step:1099/1288 train_time:59544ms step_avg:54.18ms
step:1100/1288 train_time:59631ms step_avg:54.21ms
step:1101/1288 train_time:59712ms step_avg:54.23ms
step:1102/1288 train_time:59800ms step_avg:54.26ms
step:1103/1288 train_time:59882ms step_avg:54.29ms
step:1104/1288 train_time:59969ms step_avg:54.32ms
step:1105/1288 train_time:60050ms step_avg:54.34ms
step:1106/1288 train_time:60136ms step_avg:54.37ms
step:1107/1288 train_time:60218ms step_avg:54.40ms
step:1108/1288 train_time:60305ms step_avg:54.43ms
step:1109/1288 train_time:60387ms step_avg:54.45ms
step:1110/1288 train_time:60474ms step_avg:54.48ms
step:1111/1288 train_time:60555ms step_avg:54.50ms
step:1112/1288 train_time:60643ms step_avg:54.54ms
step:1113/1288 train_time:60725ms step_avg:54.56ms
step:1114/1288 train_time:60813ms step_avg:54.59ms
step:1115/1288 train_time:60894ms step_avg:54.61ms
step:1116/1288 train_time:60981ms step_avg:54.64ms
step:1117/1288 train_time:61062ms step_avg:54.67ms
step:1118/1288 train_time:61149ms step_avg:54.70ms
step:1119/1288 train_time:61230ms step_avg:54.72ms
step:1120/1288 train_time:61318ms step_avg:54.75ms
step:1121/1288 train_time:61399ms step_avg:54.77ms
step:1122/1288 train_time:61486ms step_avg:54.80ms
step:1123/1288 train_time:61567ms step_avg:54.82ms
step:1124/1288 train_time:61654ms step_avg:54.85ms
step:1125/1288 train_time:61735ms step_avg:54.88ms
step:1126/1288 train_time:61825ms step_avg:54.91ms
step:1127/1288 train_time:61906ms step_avg:54.93ms
step:1128/1288 train_time:61994ms step_avg:54.96ms
step:1129/1288 train_time:62074ms step_avg:54.98ms
step:1130/1288 train_time:62161ms step_avg:55.01ms
step:1131/1288 train_time:62243ms step_avg:55.03ms
step:1132/1288 train_time:62332ms step_avg:55.06ms
step:1133/1288 train_time:62412ms step_avg:55.09ms
step:1134/1288 train_time:62500ms step_avg:55.11ms
step:1135/1288 train_time:62581ms step_avg:55.14ms
step:1136/1288 train_time:62669ms step_avg:55.17ms
step:1137/1288 train_time:62749ms step_avg:55.19ms
step:1138/1288 train_time:62839ms step_avg:55.22ms
step:1139/1288 train_time:62919ms step_avg:55.24ms
step:1140/1288 train_time:63008ms step_avg:55.27ms
step:1141/1288 train_time:63089ms step_avg:55.29ms
step:1142/1288 train_time:63175ms step_avg:55.32ms
step:1143/1288 train_time:63257ms step_avg:55.34ms
step:1144/1288 train_time:63344ms step_avg:55.37ms
step:1145/1288 train_time:63426ms step_avg:55.39ms
step:1146/1288 train_time:63514ms step_avg:55.42ms
step:1147/1288 train_time:63594ms step_avg:55.44ms
step:1148/1288 train_time:63682ms step_avg:55.47ms
step:1149/1288 train_time:63763ms step_avg:55.49ms
step:1150/1288 train_time:63850ms step_avg:55.52ms
step:1151/1288 train_time:63931ms step_avg:55.54ms
step:1152/1288 train_time:64019ms step_avg:55.57ms
step:1153/1288 train_time:64101ms step_avg:55.59ms
step:1154/1288 train_time:64189ms step_avg:55.62ms
step:1155/1288 train_time:64269ms step_avg:55.64ms
step:1156/1288 train_time:64356ms step_avg:55.67ms
step:1157/1288 train_time:64437ms step_avg:55.69ms
step:1158/1288 train_time:64525ms step_avg:55.72ms
step:1159/1288 train_time:64607ms step_avg:55.74ms
step:1160/1288 train_time:64695ms step_avg:55.77ms
step:1161/1288 train_time:64774ms step_avg:55.79ms
step:1162/1288 train_time:64862ms step_avg:55.82ms
step:1163/1288 train_time:64945ms step_avg:55.84ms
step:1164/1288 train_time:65032ms step_avg:55.87ms
step:1165/1288 train_time:65114ms step_avg:55.89ms
step:1166/1288 train_time:65201ms step_avg:55.92ms
step:1167/1288 train_time:65282ms step_avg:55.94ms
step:1168/1288 train_time:65369ms step_avg:55.97ms
step:1169/1288 train_time:65450ms step_avg:55.99ms
step:1170/1288 train_time:65539ms step_avg:56.02ms
step:1171/1288 train_time:65620ms step_avg:56.04ms
step:1172/1288 train_time:65708ms step_avg:56.06ms
step:1173/1288 train_time:65790ms step_avg:56.09ms
step:1174/1288 train_time:65876ms step_avg:56.11ms
step:1175/1288 train_time:65958ms step_avg:56.13ms
step:1176/1288 train_time:66046ms step_avg:56.16ms
step:1177/1288 train_time:66129ms step_avg:56.18ms
step:1178/1288 train_time:66216ms step_avg:56.21ms
step:1179/1288 train_time:66296ms step_avg:56.23ms
step:1180/1288 train_time:66385ms step_avg:56.26ms
step:1181/1288 train_time:66466ms step_avg:56.28ms
step:1182/1288 train_time:66553ms step_avg:56.31ms
step:1183/1288 train_time:66635ms step_avg:56.33ms
step:1184/1288 train_time:66722ms step_avg:56.35ms
step:1185/1288 train_time:66804ms step_avg:56.37ms
step:1186/1288 train_time:66891ms step_avg:56.40ms
step:1187/1288 train_time:66971ms step_avg:56.42ms
step:1188/1288 train_time:67059ms step_avg:56.45ms
step:1189/1288 train_time:67141ms step_avg:56.47ms
step:1190/1288 train_time:67228ms step_avg:56.49ms
step:1191/1288 train_time:67309ms step_avg:56.51ms
step:1192/1288 train_time:67396ms step_avg:56.54ms
step:1193/1288 train_time:67477ms step_avg:56.56ms
step:1194/1288 train_time:67564ms step_avg:56.59ms
step:1195/1288 train_time:67647ms step_avg:56.61ms
step:1196/1288 train_time:67735ms step_avg:56.63ms
step:1197/1288 train_time:67815ms step_avg:56.65ms
step:1198/1288 train_time:67902ms step_avg:56.68ms
step:1199/1288 train_time:67985ms step_avg:56.70ms
step:1200/1288 train_time:68072ms step_avg:56.73ms
step:1201/1288 train_time:68154ms step_avg:56.75ms
step:1202/1288 train_time:68242ms step_avg:56.77ms
step:1203/1288 train_time:68324ms step_avg:56.79ms
step:1204/1288 train_time:68411ms step_avg:56.82ms
step:1205/1288 train_time:68491ms step_avg:56.84ms
step:1206/1288 train_time:68578ms step_avg:56.86ms
step:1207/1288 train_time:68659ms step_avg:56.88ms
step:1208/1288 train_time:68747ms step_avg:56.91ms
step:1209/1288 train_time:68828ms step_avg:56.93ms
step:1210/1288 train_time:68917ms step_avg:56.96ms
step:1211/1288 train_time:68998ms step_avg:56.98ms
step:1212/1288 train_time:69086ms step_avg:57.00ms
step:1213/1288 train_time:69168ms step_avg:57.02ms
step:1214/1288 train_time:69256ms step_avg:57.05ms
step:1215/1288 train_time:69336ms step_avg:57.07ms
step:1216/1288 train_time:69423ms step_avg:57.09ms
step:1217/1288 train_time:69505ms step_avg:57.11ms
step:1218/1288 train_time:69593ms step_avg:57.14ms
step:1219/1288 train_time:69673ms step_avg:57.16ms
step:1220/1288 train_time:69761ms step_avg:57.18ms
step:1221/1288 train_time:69842ms step_avg:57.20ms
step:1222/1288 train_time:69930ms step_avg:57.23ms
step:1223/1288 train_time:70011ms step_avg:57.25ms
step:1224/1288 train_time:70098ms step_avg:57.27ms
step:1225/1288 train_time:70179ms step_avg:57.29ms
step:1226/1288 train_time:70267ms step_avg:57.31ms
step:1227/1288 train_time:70348ms step_avg:57.33ms
step:1228/1288 train_time:70436ms step_avg:57.36ms
step:1229/1288 train_time:70517ms step_avg:57.38ms
step:1230/1288 train_time:70605ms step_avg:57.40ms
step:1231/1288 train_time:70686ms step_avg:57.42ms
step:1232/1288 train_time:70774ms step_avg:57.45ms
step:1233/1288 train_time:70855ms step_avg:57.47ms
step:1234/1288 train_time:70944ms step_avg:57.49ms
step:1235/1288 train_time:71026ms step_avg:57.51ms
step:1236/1288 train_time:71113ms step_avg:57.53ms
step:1237/1288 train_time:71195ms step_avg:57.55ms
step:1238/1288 train_time:71283ms step_avg:57.58ms
step:1239/1288 train_time:71365ms step_avg:57.60ms
step:1240/1288 train_time:71453ms step_avg:57.62ms
step:1241/1288 train_time:71534ms step_avg:57.64ms
step:1242/1288 train_time:71620ms step_avg:57.67ms
step:1243/1288 train_time:71702ms step_avg:57.68ms
step:1244/1288 train_time:71790ms step_avg:57.71ms
step:1245/1288 train_time:71870ms step_avg:57.73ms
step:1246/1288 train_time:71957ms step_avg:57.75ms
step:1247/1288 train_time:72039ms step_avg:57.77ms
step:1248/1288 train_time:72128ms step_avg:57.79ms
step:1249/1288 train_time:72210ms step_avg:57.81ms
step:1250/1288 train_time:72297ms step_avg:57.84ms
step:1250/1288 val_loss:3.3011 train_time:72389ms step_avg:57.91ms
step:1251/1288 train_time:72411ms step_avg:57.88ms
step:1252/1288 train_time:72472ms step_avg:57.88ms
step:1253/1288 train_time:72555ms step_avg:57.91ms
step:1254/1288 train_time:72644ms step_avg:57.93ms
step:1255/1288 train_time:72725ms step_avg:57.95ms
step:1256/1288 train_time:72811ms step_avg:57.97ms
step:1257/1288 train_time:72892ms step_avg:57.99ms
step:1258/1288 train_time:72979ms step_avg:58.01ms
step:1259/1288 train_time:73060ms step_avg:58.03ms
step:1260/1288 train_time:73146ms step_avg:58.05ms
step:1261/1288 train_time:73227ms step_avg:58.07ms
step:1262/1288 train_time:73315ms step_avg:58.09ms
step:1263/1288 train_time:73400ms step_avg:58.12ms
step:1264/1288 train_time:73490ms step_avg:58.14ms
step:1265/1288 train_time:73572ms step_avg:58.16ms
step:1266/1288 train_time:73660ms step_avg:58.18ms
step:1267/1288 train_time:73742ms step_avg:58.20ms
step:1268/1288 train_time:73829ms step_avg:58.23ms
step:1269/1288 train_time:73909ms step_avg:58.24ms
step:1270/1288 train_time:73996ms step_avg:58.26ms
step:1271/1288 train_time:74077ms step_avg:58.28ms
step:1272/1288 train_time:74163ms step_avg:58.30ms
step:1273/1288 train_time:74244ms step_avg:58.32ms
step:1274/1288 train_time:74336ms step_avg:58.35ms
step:1275/1288 train_time:74422ms step_avg:58.37ms
step:1276/1288 train_time:74511ms step_avg:58.39ms
step:1277/1288 train_time:74594ms step_avg:58.41ms
step:1278/1288 train_time:74683ms step_avg:58.44ms
step:1279/1288 train_time:74764ms step_avg:58.46ms
step:1280/1288 train_time:74851ms step_avg:58.48ms
step:1281/1288 train_time:74932ms step_avg:58.49ms
step:1282/1288 train_time:75021ms step_avg:58.52ms
step:1283/1288 train_time:75103ms step_avg:58.54ms
step:1284/1288 train_time:75190ms step_avg:58.56ms
step:1285/1288 train_time:75271ms step_avg:58.58ms
step:1286/1288 train_time:75360ms step_avg:58.60ms
step:1287/1288 train_time:75444ms step_avg:58.62ms
step:1288/1288 train_time:75533ms step_avg:58.64ms
step:1288/1288 val_loss:3.2812 train_time:75626ms step_avg:58.72ms
peak memory allocated: 32298 MiB reserved: 46570 MiB
Terminal-blended sharded TailEMA scope=readout start=848 every=1 decay=0.9933 blend=0.65
step:0/1288 val_loss:10.8342 train_time:0ms step_avg:0.03ms
step:250/1288 val_loss:4.4156 train_time:8188ms step_avg:32.75ms
step:500/1288 val_loss:4.0885 train_time:18263ms step_avg:36.53ms
step:750/1288 val_loss:3.6686 train_time:32795ms step_avg:43.73ms
step:1000/1288 val_loss:3.4249 train_time:51279ms step_avg:51.28ms
step:1250/1288 val_loss:3.3011 train_time:72389ms step_avg:57.91ms
step:1288/1288 val_loss:3.2812 train_time:75626ms step_avg:58.72ms
PASS 01-candidate
BEGIN 02-candidate scheduled_steps=1273
W0727 21:58:54.418000 49016 torch/distributed/run.py:852] 
W0727 21:58:54.418000 49016 torch/distributed/run.py:852] *****************************************
W0727 21:58:54.418000 49016 torch/distributed/run.py:852] Setting OMP_NUM_THREADS environment variable for each process to be 1 in default, to avoid your system being overloaded, please further tune the variable for optimal performance in your application as needed. 
W0727 21:58:54.418000 49016 torch/distributed/run.py:852] *****************************************
[Gloo] Rank 0 is connected to 7 peer ranks. Expected number of connected peer ranks is : 7
[Gloo] Rank 1 is connected to 7 peer ranks. Expected number of connected peer ranks is : 7
[Gloo] Rank 2 is connected to 7 peer ranks. Expected number of connected peer ranks is : 7
[Gloo] Rank 3 is connected to 7 peer ranks. Expected number of connected peer ranks is : 7
[Gloo] Rank 4 is connected to 7 peer ranks. Expected number of connected peer ranks is : 7
[Gloo] Rank 5 is connected to 7 peer ranks. Expected number of connected peer ranks is : 7
[Gloo] Rank 7 is connected to 7 peer ranks. [Gloo] Rank Expected number of connected peer ranks is : 7
6 is connected to 7 peer ranks. Expected number of connected peer ranks is : 7
Warning: You are sending unauthenticated requests to the HF Hub. Please set a HF_TOKEN to enable higher rate limits and faster downloads.
Warning: You are sending unauthenticated requests to the HF Hub. Please set a HF_TOKEN to enable higher rate limits and faster downloads.
Warning: You are sending unauthenticated requests to the HF Hub. Please set a HF_TOKEN to enable higher rate limits and faster downloads.
Warning: You are sending unauthenticated requests to the HF Hub. Please set a HF_TOKEN to enable higher rate limits and faster downloads.
Warning: You are sending unauthenticated requests to the HF Hub. Please set a HF_TOKEN to enable higher rate limits and faster downloads.
Warning: You are sending unauthenticated requests to the HF Hub. Please set a HF_TOKEN to enable higher rate limits and faster downloads.
Warning: You are sending unauthenticated requests to the HF Hub. Please set a HF_TOKEN to enable higher rate limits and faster downloads.
Fetching 8 files:   0%|          | 0/8 [00:00<?, ?it/s]Fetching 8 files: 100%|██████████| 8/8 [00:00<00:00, 2427.61it/s]
Fetching 8 files:   0%|          | 0/8 [00:00<?, ?it/s]Fetching 8 files: 100%|██████████| 8/8 [00:00<00:00, 2389.58it/s]
logs/b2af9f12-be0d-48f2-b3b1-e8ca0ac68225.txt
Fetching 8 files:   0%|          | 0/8 [00:00<?, ?it/s]Fetching 8 files: 100%|██████████| 8/8 [00:00<00:00, 2684.78it/s]
Fetching 8 files:   0%|          | 0/8 [00:00<?, ?it/s]Fetching 8 files: 100%|██████████| 8/8 [00:00<00:00, 2253.79it/s]
Fetching 8 files:   0%|          | 0/8 [00:00<?, ?it/s]Fetching 8 files: 100%|██████████| 8/8 [00:00<00:00, 2158.40it/s]
Fetching 8 files:   0%|          | 0/8 [00:00<?, ?it/s]Fetching 8 files: 100%|██████████| 8/8 [00:00<00:00, 2631.31it/s]
Fetching 8 files:   0%|          | 0/8 [00:00<?, ?it/s]Fetching 8 files: 100%|██████████| 8/8 [00:00<00:00, 2473.24it/s]
Fetching 8 files:   0%|          | 0/8 [00:00<?, ?it/s]Fetching 8 files: 100%|██████████| 8/8 [00:00<00:00, 2395.72it/s]
Compiling model and warming up kernels (~7 minutes on first execution)
Sampling steps [0, 1, 422, 423, 424, 425, 847, 848, 849, 850, 1271, 1272, 1273, 1274, 1287] for warmup
Resetting Model
Terminal-blended sharded TailEMA scope=readout start=848 every=1 decay=0.9933 blend=0.65
step:0/1288 val_loss:10.8258 train_time:0ms step_avg:0.03ms
step:1/1288 train_time:72ms step_avg:72.45ms
step:2/1288 train_time:98ms step_avg:49.14ms
step:3/1288 train_time:119ms step_avg:39.59ms
step:4/1288 train_time:147ms step_avg:36.79ms
step:5/1288 train_time:175ms step_avg:34.94ms
step:6/1288 train_time:212ms step_avg:35.40ms
step:7/1288 train_time:239ms step_avg:34.21ms
step:8/1288 train_time:277ms step_avg:34.61ms
step:9/1288 train_time:304ms step_avg:33.79ms
step:10/1288 train_time:341ms step_avg:34.14ms
step:11/1288 train_time:369ms step_avg:33.51ms
step:12/1288 train_time:406ms step_avg:33.83ms
step:13/1288 train_time:434ms step_avg:33.37ms
step:14/1288 train_time:471ms step_avg:33.63ms
step:15/1288 train_time:499ms step_avg:33.27ms
step:16/1288 train_time:536ms step_avg:33.50ms
step:17/1288 train_time:564ms step_avg:33.19ms
step:18/1288 train_time:601ms step_avg:33.40ms
step:19/1288 train_time:629ms step_avg:33.11ms
step:20/1288 train_time:666ms step_avg:33.30ms
step:21/1288 train_time:694ms step_avg:33.06ms
step:22/1288 train_time:731ms step_avg:33.23ms
step:23/1288 train_time:759ms step_avg:33.02ms
step:24/1288 train_time:796ms step_avg:33.18ms
step:25/1288 train_time:824ms step_avg:32.97ms
step:26/1288 train_time:862ms step_avg:33.15ms
step:27/1288 train_time:890ms step_avg:32.95ms
step:28/1288 train_time:927ms step_avg:33.09ms
step:29/1288 train_time:955ms step_avg:32.94ms
step:30/1288 train_time:992ms step_avg:33.08ms
step:31/1288 train_time:1021ms step_avg:32.92ms
step:32/1288 train_time:1058ms step_avg:33.07ms
step:33/1288 train_time:1086ms step_avg:32.92ms
step:34/1288 train_time:1123ms step_avg:33.04ms
step:35/1288 train_time:1153ms step_avg:32.93ms
step:36/1288 train_time:1189ms step_avg:33.04ms
step:37/1288 train_time:1218ms step_avg:32.91ms
step:38/1288 train_time:1255ms step_avg:33.03ms
step:39/1288 train_time:1283ms step_avg:32.89ms
step:40/1288 train_time:1320ms step_avg:33.00ms
step:41/1288 train_time:1348ms step_avg:32.88ms
step:42/1288 train_time:1385ms step_avg:32.97ms
step:43/1288 train_time:1413ms step_avg:32.86ms
step:44/1288 train_time:1450ms step_avg:32.95ms
step:45/1288 train_time:1478ms step_avg:32.84ms
step:46/1288 train_time:1515ms step_avg:32.93ms
step:47/1288 train_time:1543ms step_avg:32.83ms
step:48/1288 train_time:1580ms step_avg:32.92ms
step:49/1288 train_time:1608ms step_avg:32.82ms
step:50/1288 train_time:1645ms step_avg:32.90ms
step:51/1288 train_time:1673ms step_avg:32.81ms
step:52/1288 train_time:1710ms step_avg:32.89ms
step:53/1288 train_time:1738ms step_avg:32.80ms
step:54/1288 train_time:1775ms step_avg:32.87ms
step:55/1288 train_time:1803ms step_avg:32.78ms
step:56/1288 train_time:1840ms step_avg:32.86ms
step:57/1288 train_time:1868ms step_avg:32.78ms
step:58/1288 train_time:1905ms step_avg:32.85ms
step:59/1288 train_time:1934ms step_avg:32.77ms
step:60/1288 train_time:1971ms step_avg:32.84ms
step:61/1288 train_time:1999ms step_avg:32.77ms
step:62/1288 train_time:2036ms step_avg:32.84ms
step:63/1288 train_time:2064ms step_avg:32.77ms
step:64/1288 train_time:2102ms step_avg:32.84ms
step:65/1288 train_time:2130ms step_avg:32.76ms
step:66/1288 train_time:2167ms step_avg:32.83ms
step:67/1288 train_time:2195ms step_avg:32.77ms
step:68/1288 train_time:2233ms step_avg:32.83ms
step:69/1288 train_time:2261ms step_avg:32.76ms
step:70/1288 train_time:2298ms step_avg:32.82ms
step:71/1288 train_time:2326ms step_avg:32.76ms
step:72/1288 train_time:2363ms step_avg:32.82ms
step:73/1288 train_time:2391ms step_avg:32.75ms
step:74/1288 train_time:2428ms step_avg:32.81ms
step:75/1288 train_time:2456ms step_avg:32.75ms
step:76/1288 train_time:2493ms step_avg:32.81ms
step:77/1288 train_time:2522ms step_avg:32.75ms
step:78/1288 train_time:2559ms step_avg:32.81ms
step:79/1288 train_time:2587ms step_avg:32.75ms
step:80/1288 train_time:2624ms step_avg:32.80ms
step:81/1288 train_time:2653ms step_avg:32.75ms
step:82/1288 train_time:2689ms step_avg:32.80ms
step:83/1288 train_time:2717ms step_avg:32.74ms
step:84/1288 train_time:2755ms step_avg:32.79ms
step:85/1288 train_time:2783ms step_avg:32.74ms
step:86/1288 train_time:2820ms step_avg:32.79ms
step:87/1288 train_time:2847ms step_avg:32.73ms
step:88/1288 train_time:2884ms step_avg:32.78ms
step:89/1288 train_time:2912ms step_avg:32.72ms
step:90/1288 train_time:2949ms step_avg:32.77ms
step:91/1288 train_time:2978ms step_avg:32.72ms
step:92/1288 train_time:3014ms step_avg:32.77ms
step:93/1288 train_time:3042ms step_avg:32.71ms
step:94/1288 train_time:3080ms step_avg:32.76ms
step:95/1288 train_time:3108ms step_avg:32.71ms
step:96/1288 train_time:3145ms step_avg:32.76ms
step:97/1288 train_time:3173ms step_avg:32.71ms
step:98/1288 train_time:3210ms step_avg:32.75ms
step:99/1288 train_time:3238ms step_avg:32.71ms
step:100/1288 train_time:3275ms step_avg:32.75ms
step:101/1288 train_time:3303ms step_avg:32.71ms
step:102/1288 train_time:3341ms step_avg:32.75ms
step:103/1288 train_time:3369ms step_avg:32.71ms
step:104/1288 train_time:3406ms step_avg:32.75ms
step:105/1288 train_time:3434ms step_avg:32.71ms
step:106/1288 train_time:3471ms step_avg:32.75ms
step:107/1288 train_time:3499ms step_avg:32.70ms
step:108/1288 train_time:3536ms step_avg:32.74ms
step:109/1288 train_time:3564ms step_avg:32.70ms
step:110/1288 train_time:3601ms step_avg:32.74ms
step:111/1288 train_time:3629ms step_avg:32.69ms
step:112/1288 train_time:3666ms step_avg:32.73ms
step:113/1288 train_time:3694ms step_avg:32.69ms
step:114/1288 train_time:3731ms step_avg:32.73ms
step:115/1288 train_time:3760ms step_avg:32.69ms
step:116/1288 train_time:3796ms step_avg:32.73ms
step:117/1288 train_time:3824ms step_avg:32.69ms
step:118/1288 train_time:3863ms step_avg:32.73ms
step:119/1288 train_time:3890ms step_avg:32.69ms
step:120/1288 train_time:3927ms step_avg:32.72ms
step:121/1288 train_time:3955ms step_avg:32.69ms
step:122/1288 train_time:3992ms step_avg:32.72ms
step:123/1288 train_time:4019ms step_avg:32.68ms
step:124/1288 train_time:4060ms step_avg:32.74ms
step:125/1288 train_time:4085ms step_avg:32.68ms
step:126/1288 train_time:4122ms step_avg:32.72ms
step:127/1288 train_time:4149ms step_avg:32.67ms
step:128/1288 train_time:4187ms step_avg:32.71ms
step:129/1288 train_time:4215ms step_avg:32.67ms
step:130/1288 train_time:4252ms step_avg:32.71ms
step:131/1288 train_time:4280ms step_avg:32.67ms
step:132/1288 train_time:4317ms step_avg:32.71ms
step:133/1288 train_time:4345ms step_avg:32.67ms
step:134/1288 train_time:4382ms step_avg:32.70ms
step:135/1288 train_time:4411ms step_avg:32.67ms
step:136/1288 train_time:4448ms step_avg:32.71ms
step:137/1288 train_time:4476ms step_avg:32.67ms
step:138/1288 train_time:4513ms step_avg:32.70ms
step:139/1288 train_time:4541ms step_avg:32.67ms
step:140/1288 train_time:4578ms step_avg:32.70ms
step:141/1288 train_time:4606ms step_avg:32.67ms
step:142/1288 train_time:4645ms step_avg:32.71ms
step:143/1288 train_time:4672ms step_avg:32.67ms
step:144/1288 train_time:4709ms step_avg:32.70ms
step:145/1288 train_time:4736ms step_avg:32.66ms
step:146/1288 train_time:4774ms step_avg:32.70ms
step:147/1288 train_time:4802ms step_avg:32.67ms
step:148/1288 train_time:4839ms step_avg:32.70ms
step:149/1288 train_time:4867ms step_avg:32.67ms
step:150/1288 train_time:4904ms step_avg:32.69ms
step:151/1288 train_time:4932ms step_avg:32.66ms
step:152/1288 train_time:4969ms step_avg:32.69ms
step:153/1288 train_time:4997ms step_avg:32.66ms
step:154/1288 train_time:5034ms step_avg:32.69ms
step:155/1288 train_time:5062ms step_avg:32.66ms
step:156/1288 train_time:5099ms step_avg:32.69ms
step:157/1288 train_time:5127ms step_avg:32.65ms
step:158/1288 train_time:5164ms step_avg:32.69ms
step:159/1288 train_time:5192ms step_avg:32.66ms
step:160/1288 train_time:5229ms step_avg:32.68ms
step:161/1288 train_time:5257ms step_avg:32.65ms
step:162/1288 train_time:5295ms step_avg:32.68ms
step:163/1288 train_time:5322ms step_avg:32.65ms
step:164/1288 train_time:5360ms step_avg:32.68ms
step:165/1288 train_time:5388ms step_avg:32.65ms
step:166/1288 train_time:5425ms step_avg:32.68ms
step:167/1288 train_time:5453ms step_avg:32.65ms
step:168/1288 train_time:5490ms step_avg:32.68ms
step:169/1288 train_time:5518ms step_avg:32.65ms
step:170/1288 train_time:5555ms step_avg:32.67ms
step:171/1288 train_time:5583ms step_avg:32.65ms
step:172/1288 train_time:5620ms step_avg:32.67ms
step:173/1288 train_time:5647ms step_avg:32.64ms
step:174/1288 train_time:5684ms step_avg:32.67ms
step:175/1288 train_time:5712ms step_avg:32.64ms
step:176/1288 train_time:5750ms step_avg:32.67ms
step:177/1288 train_time:5778ms step_avg:32.64ms
step:178/1288 train_time:5815ms step_avg:32.67ms
step:179/1288 train_time:5842ms step_avg:32.64ms
step:180/1288 train_time:5880ms step_avg:32.67ms
step:181/1288 train_time:5907ms step_avg:32.64ms
step:182/1288 train_time:5944ms step_avg:32.66ms
step:183/1288 train_time:5973ms step_avg:32.64ms
step:184/1288 train_time:6009ms step_avg:32.66ms
step:185/1288 train_time:6037ms step_avg:32.63ms
step:186/1288 train_time:6074ms step_avg:32.66ms
step:187/1288 train_time:6102ms step_avg:32.63ms
step:188/1288 train_time:6140ms step_avg:32.66ms
step:189/1288 train_time:6168ms step_avg:32.63ms
step:190/1288 train_time:6204ms step_avg:32.65ms
step:191/1288 train_time:6232ms step_avg:32.63ms
step:192/1288 train_time:6270ms step_avg:32.66ms
step:193/1288 train_time:6297ms step_avg:32.63ms
step:194/1288 train_time:6334ms step_avg:32.65ms
step:195/1288 train_time:6362ms step_avg:32.63ms
step:196/1288 train_time:6399ms step_avg:32.65ms
step:197/1288 train_time:6427ms step_avg:32.63ms
step:198/1288 train_time:6464ms step_avg:32.65ms
step:199/1288 train_time:6492ms step_avg:32.63ms
step:200/1288 train_time:6529ms step_avg:32.65ms
step:201/1288 train_time:6557ms step_avg:32.62ms
step:202/1288 train_time:6594ms step_avg:32.64ms
step:203/1288 train_time:6622ms step_avg:32.62ms
step:204/1288 train_time:6659ms step_avg:32.64ms
step:205/1288 train_time:6687ms step_avg:32.62ms
step:206/1288 train_time:6724ms step_avg:32.64ms
step:207/1288 train_time:6752ms step_avg:32.62ms
step:208/1288 train_time:6789ms step_avg:32.64ms
step:209/1288 train_time:6816ms step_avg:32.61ms
step:210/1288 train_time:6853ms step_avg:32.64ms
step:211/1288 train_time:6882ms step_avg:32.61ms
step:212/1288 train_time:6919ms step_avg:32.64ms
step:213/1288 train_time:6947ms step_avg:32.61ms
step:214/1288 train_time:6983ms step_avg:32.63ms
step:215/1288 train_time:7011ms step_avg:32.61ms
step:216/1288 train_time:7048ms step_avg:32.63ms
step:217/1288 train_time:7076ms step_avg:32.61ms
step:218/1288 train_time:7113ms step_avg:32.63ms
step:219/1288 train_time:7141ms step_avg:32.61ms
step:220/1288 train_time:7178ms step_avg:32.63ms
step:221/1288 train_time:7206ms step_avg:32.61ms
step:222/1288 train_time:7243ms step_avg:32.63ms
step:223/1288 train_time:7271ms step_avg:32.61ms
step:224/1288 train_time:7308ms step_avg:32.63ms
step:225/1288 train_time:7336ms step_avg:32.60ms
step:226/1288 train_time:7373ms step_avg:32.63ms
step:227/1288 train_time:7401ms step_avg:32.60ms
step:228/1288 train_time:7438ms step_avg:32.62ms
step:229/1288 train_time:7465ms step_avg:32.60ms
step:230/1288 train_time:7502ms step_avg:32.62ms
step:231/1288 train_time:7530ms step_avg:32.60ms
step:232/1288 train_time:7568ms step_avg:32.62ms
step:233/1288 train_time:7596ms step_avg:32.60ms
step:234/1288 train_time:7633ms step_avg:32.62ms
step:235/1288 train_time:7660ms step_avg:32.60ms
step:236/1288 train_time:7697ms step_avg:32.62ms
step:237/1288 train_time:7725ms step_avg:32.60ms
step:238/1288 train_time:7762ms step_avg:32.61ms
step:239/1288 train_time:7790ms step_avg:32.59ms
step:240/1288 train_time:7827ms step_avg:32.61ms
step:241/1288 train_time:7855ms step_avg:32.59ms
step:242/1288 train_time:7891ms step_avg:32.61ms
step:243/1288 train_time:7919ms step_avg:32.59ms
step:244/1288 train_time:7956ms step_avg:32.61ms
step:245/1288 train_time:7984ms step_avg:32.59ms
step:246/1288 train_time:8021ms step_avg:32.61ms
step:247/1288 train_time:8049ms step_avg:32.59ms
step:248/1288 train_time:8086ms step_avg:32.60ms
step:249/1288 train_time:8113ms step_avg:32.58ms
step:250/1288 train_time:8151ms step_avg:32.60ms
step:250/1288 val_loss:4.4561 train_time:8188ms step_avg:32.75ms
step:251/1288 train_time:8209ms step_avg:32.70ms
step:252/1288 train_time:8230ms step_avg:32.66ms
step:253/1288 train_time:8247ms step_avg:32.60ms
step:254/1288 train_time:8285ms step_avg:32.62ms
step:255/1288 train_time:8315ms step_avg:32.61ms
step:256/1288 train_time:8353ms step_avg:32.63ms
step:257/1288 train_time:8382ms step_avg:32.62ms
step:258/1288 train_time:8420ms step_avg:32.64ms
step:259/1288 train_time:8447ms step_avg:32.62ms
step:260/1288 train_time:8485ms step_avg:32.63ms
step:261/1288 train_time:8513ms step_avg:32.62ms
step:262/1288 train_time:8550ms step_avg:32.63ms
step:263/1288 train_time:8578ms step_avg:32.61ms
step:264/1288 train_time:8615ms step_avg:32.63ms
step:265/1288 train_time:8643ms step_avg:32.61ms
step:266/1288 train_time:8680ms step_avg:32.63ms
step:267/1288 train_time:8708ms step_avg:32.61ms
step:268/1288 train_time:8744ms step_avg:32.63ms
step:269/1288 train_time:8773ms step_avg:32.61ms
step:270/1288 train_time:8809ms step_avg:32.63ms
step:271/1288 train_time:8837ms step_avg:32.61ms
step:272/1288 train_time:8874ms step_avg:32.62ms
step:273/1288 train_time:8902ms step_avg:32.61ms
step:274/1288 train_time:8938ms step_avg:32.62ms
step:275/1288 train_time:8966ms step_avg:32.60ms
step:276/1288 train_time:9003ms step_avg:32.62ms
step:277/1288 train_time:9031ms step_avg:32.60ms
step:278/1288 train_time:9067ms step_avg:32.62ms
step:279/1288 train_time:9095ms step_avg:32.60ms
step:280/1288 train_time:9132ms step_avg:32.61ms
step:281/1288 train_time:9160ms step_avg:32.60ms
step:282/1288 train_time:9197ms step_avg:32.61ms
step:283/1288 train_time:9225ms step_avg:32.60ms
step:284/1288 train_time:9262ms step_avg:32.61ms
step:285/1288 train_time:9290ms step_avg:32.60ms
step:286/1288 train_time:9328ms step_avg:32.61ms
step:287/1288 train_time:9355ms step_avg:32.60ms
step:288/1288 train_time:9393ms step_avg:32.61ms
step:289/1288 train_time:9421ms step_avg:32.60ms
step:290/1288 train_time:9458ms step_avg:32.61ms
step:291/1288 train_time:9486ms step_avg:32.60ms
step:292/1288 train_time:9523ms step_avg:32.61ms
step:293/1288 train_time:9551ms step_avg:32.60ms
step:294/1288 train_time:9588ms step_avg:32.61ms
step:295/1288 train_time:9616ms step_avg:32.60ms
step:296/1288 train_time:9652ms step_avg:32.61ms
step:297/1288 train_time:9680ms step_avg:32.59ms
step:298/1288 train_time:9717ms step_avg:32.61ms
step:299/1288 train_time:9745ms step_avg:32.59ms
step:300/1288 train_time:9782ms step_avg:32.61ms
step:301/1288 train_time:9810ms step_avg:32.59ms
step:302/1288 train_time:9846ms step_avg:32.60ms
step:303/1288 train_time:9874ms step_avg:32.59ms
step:304/1288 train_time:9911ms step_avg:32.60ms
step:305/1288 train_time:9938ms step_avg:32.59ms
step:306/1288 train_time:9975ms step_avg:32.60ms
step:307/1288 train_time:10003ms step_avg:32.58ms
step:308/1288 train_time:10041ms step_avg:32.60ms
step:309/1288 train_time:10068ms step_avg:32.58ms
step:310/1288 train_time:10105ms step_avg:32.60ms
step:311/1288 train_time:10133ms step_avg:32.58ms
step:312/1288 train_time:10170ms step_avg:32.60ms
step:313/1288 train_time:10198ms step_avg:32.58ms
step:314/1288 train_time:10234ms step_avg:32.59ms
step:315/1288 train_time:10262ms step_avg:32.58ms
step:316/1288 train_time:10299ms step_avg:32.59ms
step:317/1288 train_time:10327ms step_avg:32.58ms
step:318/1288 train_time:10364ms step_avg:32.59ms
step:319/1288 train_time:10392ms step_avg:32.58ms
step:320/1288 train_time:10429ms step_avg:32.59ms
step:321/1288 train_time:10457ms step_avg:32.58ms
step:322/1288 train_time:10494ms step_avg:32.59ms
step:323/1288 train_time:10522ms step_avg:32.58ms
step:324/1288 train_time:10559ms step_avg:32.59ms
step:325/1288 train_time:10587ms step_avg:32.57ms
step:326/1288 train_time:10624ms step_avg:32.59ms
step:327/1288 train_time:10652ms step_avg:32.57ms
step:328/1288 train_time:10689ms step_avg:32.59ms
step:329/1288 train_time:10717ms step_avg:32.57ms
step:330/1288 train_time:10754ms step_avg:32.59ms
step:331/1288 train_time:10782ms step_avg:32.57ms
step:332/1288 train_time:10819ms step_avg:32.59ms
step:333/1288 train_time:10847ms step_avg:32.57ms
step:334/1288 train_time:10883ms step_avg:32.58ms
step:335/1288 train_time:10912ms step_avg:32.57ms
step:336/1288 train_time:10948ms step_avg:32.58ms
step:337/1288 train_time:10976ms step_avg:32.57ms
step:338/1288 train_time:11013ms step_avg:32.58ms
step:339/1288 train_time:11040ms step_avg:32.57ms
step:340/1288 train_time:11078ms step_avg:32.58ms
step:341/1288 train_time:11106ms step_avg:32.57ms
step:342/1288 train_time:11142ms step_avg:32.58ms
step:343/1288 train_time:11171ms step_avg:32.57ms
step:344/1288 train_time:11208ms step_avg:32.58ms
step:345/1288 train_time:11235ms step_avg:32.56ms
step:346/1288 train_time:11272ms step_avg:32.58ms
step:347/1288 train_time:11299ms step_avg:32.56ms
step:348/1288 train_time:11336ms step_avg:32.58ms
step:349/1288 train_time:11364ms step_avg:32.56ms
step:350/1288 train_time:11402ms step_avg:32.58ms
step:351/1288 train_time:11429ms step_avg:32.56ms
step:352/1288 train_time:11466ms step_avg:32.57ms
step:353/1288 train_time:11494ms step_avg:32.56ms
step:354/1288 train_time:11531ms step_avg:32.57ms
step:355/1288 train_time:11559ms step_avg:32.56ms
step:356/1288 train_time:11596ms step_avg:32.57ms
step:357/1288 train_time:11624ms step_avg:32.56ms
step:358/1288 train_time:11661ms step_avg:32.57ms
step:359/1288 train_time:11688ms step_avg:32.56ms
step:360/1288 train_time:11725ms step_avg:32.57ms
step:361/1288 train_time:11753ms step_avg:32.56ms
step:362/1288 train_time:11790ms step_avg:32.57ms
step:363/1288 train_time:11818ms step_avg:32.56ms
step:364/1288 train_time:11855ms step_avg:32.57ms
step:365/1288 train_time:11883ms step_avg:32.56ms
step:366/1288 train_time:11920ms step_avg:32.57ms
step:367/1288 train_time:11947ms step_avg:32.55ms
step:368/1288 train_time:11985ms step_avg:32.57ms
step:369/1288 train_time:12012ms step_avg:32.55ms
step:370/1288 train_time:12049ms step_avg:32.57ms
step:371/1288 train_time:12077ms step_avg:32.55ms
step:372/1288 train_time:12114ms step_avg:32.56ms
step:373/1288 train_time:12141ms step_avg:32.55ms
step:374/1288 train_time:12178ms step_avg:32.56ms
step:375/1288 train_time:12206ms step_avg:32.55ms
step:376/1288 train_time:12243ms step_avg:32.56ms
step:377/1288 train_time:12271ms step_avg:32.55ms
step:378/1288 train_time:12308ms step_avg:32.56ms
step:379/1288 train_time:12336ms step_avg:32.55ms
step:380/1288 train_time:12372ms step_avg:32.56ms
step:381/1288 train_time:12400ms step_avg:32.55ms
step:382/1288 train_time:12437ms step_avg:32.56ms
step:383/1288 train_time:12465ms step_avg:32.55ms
step:384/1288 train_time:12502ms step_avg:32.56ms
step:385/1288 train_time:12530ms step_avg:32.54ms
step:386/1288 train_time:12567ms step_avg:32.56ms
step:387/1288 train_time:12595ms step_avg:32.54ms
step:388/1288 train_time:12632ms step_avg:32.56ms
step:389/1288 train_time:12659ms step_avg:32.54ms
step:390/1288 train_time:12696ms step_avg:32.55ms
step:391/1288 train_time:12724ms step_avg:32.54ms
step:392/1288 train_time:12761ms step_avg:32.55ms
step:393/1288 train_time:12789ms step_avg:32.54ms
step:394/1288 train_time:12826ms step_avg:32.55ms
step:395/1288 train_time:12854ms step_avg:32.54ms
step:396/1288 train_time:12891ms step_avg:32.55ms
step:397/1288 train_time:12919ms step_avg:32.54ms
step:398/1288 train_time:12956ms step_avg:32.55ms
step:399/1288 train_time:12984ms step_avg:32.54ms
step:400/1288 train_time:13022ms step_avg:32.55ms
step:401/1288 train_time:13050ms step_avg:32.54ms
step:402/1288 train_time:13086ms step_avg:32.55ms
step:403/1288 train_time:13114ms step_avg:32.54ms
step:404/1288 train_time:13151ms step_avg:32.55ms
step:405/1288 train_time:13179ms step_avg:32.54ms
step:406/1288 train_time:13216ms step_avg:32.55ms
step:407/1288 train_time:13243ms step_avg:32.54ms
step:408/1288 train_time:13280ms step_avg:32.55ms
step:409/1288 train_time:13308ms step_avg:32.54ms
step:410/1288 train_time:13345ms step_avg:32.55ms
step:411/1288 train_time:13373ms step_avg:32.54ms
step:412/1288 train_time:13410ms step_avg:32.55ms
step:413/1288 train_time:13438ms step_avg:32.54ms
step:414/1288 train_time:13474ms step_avg:32.55ms
step:415/1288 train_time:13503ms step_avg:32.54ms
step:416/1288 train_time:13540ms step_avg:32.55ms
step:417/1288 train_time:13568ms step_avg:32.54ms
step:418/1288 train_time:13604ms step_avg:32.55ms
step:419/1288 train_time:13632ms step_avg:32.54ms
step:420/1288 train_time:13669ms step_avg:32.55ms
step:421/1288 train_time:13697ms step_avg:32.53ms
step:422/1288 train_time:13734ms step_avg:32.54ms
step:423/1288 train_time:13762ms step_avg:32.53ms
step:424/1288 train_time:13799ms step_avg:32.54ms
step:425/1288 train_time:13829ms step_avg:32.54ms
step:426/1288 train_time:13892ms step_avg:32.61ms
step:427/1288 train_time:13945ms step_avg:32.66ms
step:428/1288 train_time:14009ms step_avg:32.73ms
step:429/1288 train_time:14063ms step_avg:32.78ms
step:430/1288 train_time:14124ms step_avg:32.85ms
step:431/1288 train_time:14179ms step_avg:32.90ms
step:432/1288 train_time:14242ms step_avg:32.97ms
step:433/1288 train_time:14296ms step_avg:33.02ms
step:434/1288 train_time:14357ms step_avg:33.08ms
step:435/1288 train_time:14412ms step_avg:33.13ms
step:436/1288 train_time:14473ms step_avg:33.20ms
step:437/1288 train_time:14527ms step_avg:33.24ms
step:438/1288 train_time:14590ms step_avg:33.31ms
step:439/1288 train_time:14643ms step_avg:33.36ms
step:440/1288 train_time:14708ms step_avg:33.43ms
step:441/1288 train_time:14761ms step_avg:33.47ms
step:442/1288 train_time:14824ms step_avg:33.54ms
step:443/1288 train_time:14879ms step_avg:33.59ms
step:444/1288 train_time:14941ms step_avg:33.65ms
step:445/1288 train_time:14994ms step_avg:33.70ms
step:446/1288 train_time:15056ms step_avg:33.76ms
step:447/1288 train_time:15109ms step_avg:33.80ms
step:448/1288 train_time:15171ms step_avg:33.86ms
step:449/1288 train_time:15225ms step_avg:33.91ms
step:450/1288 train_time:15287ms step_avg:33.97ms
step:451/1288 train_time:15342ms step_avg:34.02ms
step:452/1288 train_time:15405ms step_avg:34.08ms
step:453/1288 train_time:15459ms step_avg:34.13ms
step:454/1288 train_time:15522ms step_avg:34.19ms
step:455/1288 train_time:15575ms step_avg:34.23ms
step:456/1288 train_time:15637ms step_avg:34.29ms
step:457/1288 train_time:15690ms step_avg:34.33ms
step:458/1288 train_time:15752ms step_avg:34.39ms
step:459/1288 train_time:15807ms step_avg:34.44ms
step:460/1288 train_time:15869ms step_avg:34.50ms
step:461/1288 train_time:15923ms step_avg:34.54ms
step:462/1288 train_time:15986ms step_avg:34.60ms
step:463/1288 train_time:16040ms step_avg:34.64ms
step:464/1288 train_time:16103ms step_avg:34.70ms
step:465/1288 train_time:16157ms step_avg:34.75ms
step:466/1288 train_time:16218ms step_avg:34.80ms
step:467/1288 train_time:16272ms step_avg:34.84ms
step:468/1288 train_time:16334ms step_avg:34.90ms
step:469/1288 train_time:16387ms step_avg:34.94ms
step:470/1288 train_time:16450ms step_avg:35.00ms
step:471/1288 train_time:16504ms step_avg:35.04ms
step:472/1288 train_time:16566ms step_avg:35.10ms
step:473/1288 train_time:16621ms step_avg:35.14ms
step:474/1288 train_time:16683ms step_avg:35.20ms
step:475/1288 train_time:16737ms step_avg:35.24ms
step:476/1288 train_time:16799ms step_avg:35.29ms
step:477/1288 train_time:16854ms step_avg:35.33ms
step:478/1288 train_time:16916ms step_avg:35.39ms
step:479/1288 train_time:16970ms step_avg:35.43ms
step:480/1288 train_time:17033ms step_avg:35.48ms
step:481/1288 train_time:17085ms step_avg:35.52ms
step:482/1288 train_time:17150ms step_avg:35.58ms
step:483/1288 train_time:17203ms step_avg:35.62ms
step:484/1288 train_time:17267ms step_avg:35.67ms
step:485/1288 train_time:17320ms step_avg:35.71ms
step:486/1288 train_time:17382ms step_avg:35.76ms
step:487/1288 train_time:17435ms step_avg:35.80ms
step:488/1288 train_time:17497ms step_avg:35.85ms
step:489/1288 train_time:17551ms step_avg:35.89ms
step:490/1288 train_time:17613ms step_avg:35.94ms
step:491/1288 train_time:17667ms step_avg:35.98ms
step:492/1288 train_time:17729ms step_avg:36.03ms
step:493/1288 train_time:17783ms step_avg:36.07ms
step:494/1288 train_time:17845ms step_avg:36.12ms
step:495/1288 train_time:17899ms step_avg:36.16ms
step:496/1288 train_time:17961ms step_avg:36.21ms
step:497/1288 train_time:18016ms step_avg:36.25ms
step:498/1288 train_time:18078ms step_avg:36.30ms
step:499/1288 train_time:18131ms step_avg:36.34ms
step:500/1288 train_time:18195ms step_avg:36.39ms
step:500/1288 val_loss:4.1093 train_time:18258ms step_avg:36.52ms
step:501/1288 train_time:18278ms step_avg:36.48ms
step:502/1288 train_time:18314ms step_avg:36.48ms
step:503/1288 train_time:18372ms step_avg:36.53ms
step:504/1288 train_time:18437ms step_avg:36.58ms
step:505/1288 train_time:18490ms step_avg:36.61ms
step:506/1288 train_time:18553ms step_avg:36.67ms
step:507/1288 train_time:18606ms step_avg:36.70ms
step:508/1288 train_time:18668ms step_avg:36.75ms
step:509/1288 train_time:18722ms step_avg:36.78ms
step:510/1288 train_time:18783ms step_avg:36.83ms
step:511/1288 train_time:18837ms step_avg:36.86ms
step:512/1288 train_time:18899ms step_avg:36.91ms
step:513/1288 train_time:18952ms step_avg:36.94ms
step:514/1288 train_time:19014ms step_avg:36.99ms
step:515/1288 train_time:19067ms step_avg:37.02ms
step:516/1288 train_time:19128ms step_avg:37.07ms
step:517/1288 train_time:19181ms step_avg:37.10ms
step:518/1288 train_time:19244ms step_avg:37.15ms
step:519/1288 train_time:19298ms step_avg:37.18ms
step:520/1288 train_time:19363ms step_avg:37.24ms
step:521/1288 train_time:19418ms step_avg:37.27ms
step:522/1288 train_time:19481ms step_avg:37.32ms
step:523/1288 train_time:19535ms step_avg:37.35ms
step:524/1288 train_time:19597ms step_avg:37.40ms
step:525/1288 train_time:19652ms step_avg:37.43ms
step:526/1288 train_time:19715ms step_avg:37.48ms
step:527/1288 train_time:19769ms step_avg:37.51ms
step:528/1288 train_time:19831ms step_avg:37.56ms
step:529/1288 train_time:19884ms step_avg:37.59ms
step:530/1288 train_time:19945ms step_avg:37.63ms
step:531/1288 train_time:19999ms step_avg:37.66ms
step:532/1288 train_time:20060ms step_avg:37.71ms
step:533/1288 train_time:20114ms step_avg:37.74ms
step:534/1288 train_time:20176ms step_avg:37.78ms
step:535/1288 train_time:20230ms step_avg:37.81ms
step:536/1288 train_time:20293ms step_avg:37.86ms
step:537/1288 train_time:20347ms step_avg:37.89ms
step:538/1288 train_time:20410ms step_avg:37.94ms
step:539/1288 train_time:20465ms step_avg:37.97ms
step:540/1288 train_time:20528ms step_avg:38.01ms
step:541/1288 train_time:20582ms step_avg:38.04ms
step:542/1288 train_time:20643ms step_avg:38.09ms
step:543/1288 train_time:20697ms step_avg:38.12ms
step:544/1288 train_time:20760ms step_avg:38.16ms
step:545/1288 train_time:20813ms step_avg:38.19ms
step:546/1288 train_time:20875ms step_avg:38.23ms
step:547/1288 train_time:20928ms step_avg:38.26ms
step:548/1288 train_time:20991ms step_avg:38.30ms
step:549/1288 train_time:21045ms step_avg:38.33ms
step:550/1288 train_time:21106ms step_avg:38.37ms
step:551/1288 train_time:21159ms step_avg:38.40ms
step:552/1288 train_time:21222ms step_avg:38.44ms
step:553/1288 train_time:21275ms step_avg:38.47ms
step:554/1288 train_time:21338ms step_avg:38.52ms
step:555/1288 train_time:21393ms step_avg:38.55ms
step:556/1288 train_time:21456ms step_avg:38.59ms
step:557/1288 train_time:21511ms step_avg:38.62ms
step:558/1288 train_time:21573ms step_avg:38.66ms
step:559/1288 train_time:21627ms step_avg:38.69ms
step:560/1288 train_time:21689ms step_avg:38.73ms
step:561/1288 train_time:21744ms step_avg:38.76ms
step:562/1288 train_time:21805ms step_avg:38.80ms
step:563/1288 train_time:21859ms step_avg:38.83ms
step:564/1288 train_time:21921ms step_avg:38.87ms
step:565/1288 train_time:21974ms step_avg:38.89ms
step:566/1288 train_time:22036ms step_avg:38.93ms
step:567/1288 train_time:22091ms step_avg:38.96ms
step:568/1288 train_time:22152ms step_avg:39.00ms
step:569/1288 train_time:22207ms step_avg:39.03ms
step:570/1288 train_time:22269ms step_avg:39.07ms
step:571/1288 train_time:22323ms step_avg:39.10ms
step:572/1288 train_time:22386ms step_avg:39.14ms
step:573/1288 train_time:22439ms step_avg:39.16ms
step:574/1288 train_time:22501ms step_avg:39.20ms
step:575/1288 train_time:22555ms step_avg:39.23ms
step:576/1288 train_time:22618ms step_avg:39.27ms
step:577/1288 train_time:22673ms step_avg:39.30ms
step:578/1288 train_time:22735ms step_avg:39.33ms
step:579/1288 train_time:22789ms step_avg:39.36ms
step:580/1288 train_time:22852ms step_avg:39.40ms
step:581/1288 train_time:22906ms step_avg:39.42ms
step:582/1288 train_time:22967ms step_avg:39.46ms
step:583/1288 train_time:23021ms step_avg:39.49ms
step:584/1288 train_time:23083ms step_avg:39.53ms
step:585/1288 train_time:23137ms step_avg:39.55ms
step:586/1288 train_time:23199ms step_avg:39.59ms
step:587/1288 train_time:23253ms step_avg:39.61ms
step:588/1288 train_time:23316ms step_avg:39.65ms
step:589/1288 train_time:23371ms step_avg:39.68ms
step:590/1288 train_time:23433ms step_avg:39.72ms
step:591/1288 train_time:23487ms step_avg:39.74ms
step:592/1288 train_time:23550ms step_avg:39.78ms
step:593/1288 train_time:23603ms step_avg:39.80ms
step:594/1288 train_time:23665ms step_avg:39.84ms
step:595/1288 train_time:23720ms step_avg:39.87ms
step:596/1288 train_time:23781ms step_avg:39.90ms
step:597/1288 train_time:23835ms step_avg:39.93ms
step:598/1288 train_time:23898ms step_avg:39.96ms
step:599/1288 train_time:23951ms step_avg:39.99ms
step:600/1288 train_time:24014ms step_avg:40.02ms
step:601/1288 train_time:24068ms step_avg:40.05ms
step:602/1288 train_time:24130ms step_avg:40.08ms
step:603/1288 train_time:24184ms step_avg:40.11ms
step:604/1288 train_time:24246ms step_avg:40.14ms
step:605/1288 train_time:24300ms step_avg:40.16ms
step:606/1288 train_time:24361ms step_avg:40.20ms
step:607/1288 train_time:24416ms step_avg:40.22ms
step:608/1288 train_time:24478ms step_avg:40.26ms
step:609/1288 train_time:24533ms step_avg:40.28ms
step:610/1288 train_time:24595ms step_avg:40.32ms
step:611/1288 train_time:24650ms step_avg:40.34ms
step:612/1288 train_time:24712ms step_avg:40.38ms
step:613/1288 train_time:24766ms step_avg:40.40ms
step:614/1288 train_time:24829ms step_avg:40.44ms
step:615/1288 train_time:24882ms step_avg:40.46ms
step:616/1288 train_time:24943ms step_avg:40.49ms
step:617/1288 train_time:24997ms step_avg:40.51ms
step:618/1288 train_time:25059ms step_avg:40.55ms
step:619/1288 train_time:25115ms step_avg:40.57ms
step:620/1288 train_time:25177ms step_avg:40.61ms
step:621/1288 train_time:25231ms step_avg:40.63ms
step:622/1288 train_time:25294ms step_avg:40.67ms
step:623/1288 train_time:25348ms step_avg:40.69ms
step:624/1288 train_time:25410ms step_avg:40.72ms
step:625/1288 train_time:25464ms step_avg:40.74ms
step:626/1288 train_time:25526ms step_avg:40.78ms
step:627/1288 train_time:25580ms step_avg:40.80ms
step:628/1288 train_time:25642ms step_avg:40.83ms
step:629/1288 train_time:25696ms step_avg:40.85ms
step:630/1288 train_time:25758ms step_avg:40.89ms
step:631/1288 train_time:25813ms step_avg:40.91ms
step:632/1288 train_time:25875ms step_avg:40.94ms
step:633/1288 train_time:25929ms step_avg:40.96ms
step:634/1288 train_time:25990ms step_avg:40.99ms
step:635/1288 train_time:26044ms step_avg:41.01ms
step:636/1288 train_time:26106ms step_avg:41.05ms
step:637/1288 train_time:26159ms step_avg:41.07ms
step:638/1288 train_time:26222ms step_avg:41.10ms
step:639/1288 train_time:26276ms step_avg:41.12ms
step:640/1288 train_time:26338ms step_avg:41.15ms
step:641/1288 train_time:26392ms step_avg:41.17ms
step:642/1288 train_time:26455ms step_avg:41.21ms
step:643/1288 train_time:26510ms step_avg:41.23ms
step:644/1288 train_time:26573ms step_avg:41.26ms
step:645/1288 train_time:26627ms step_avg:41.28ms
step:646/1288 train_time:26689ms step_avg:41.31ms
step:647/1288 train_time:26742ms step_avg:41.33ms
step:648/1288 train_time:26804ms step_avg:41.36ms
step:649/1288 train_time:26858ms step_avg:41.38ms
step:650/1288 train_time:26920ms step_avg:41.41ms
step:651/1288 train_time:26973ms step_avg:41.43ms
step:652/1288 train_time:27037ms step_avg:41.47ms
step:653/1288 train_time:27091ms step_avg:41.49ms
step:654/1288 train_time:27153ms step_avg:41.52ms
step:655/1288 train_time:27208ms step_avg:41.54ms
step:656/1288 train_time:27269ms step_avg:41.57ms
step:657/1288 train_time:27323ms step_avg:41.59ms
step:658/1288 train_time:27385ms step_avg:41.62ms
step:659/1288 train_time:27439ms step_avg:41.64ms
step:660/1288 train_time:27501ms step_avg:41.67ms
step:661/1288 train_time:27555ms step_avg:41.69ms
step:662/1288 train_time:27618ms step_avg:41.72ms
step:663/1288 train_time:27672ms step_avg:41.74ms
step:664/1288 train_time:27735ms step_avg:41.77ms
step:665/1288 train_time:27789ms step_avg:41.79ms
step:666/1288 train_time:27853ms step_avg:41.82ms
step:667/1288 train_time:27907ms step_avg:41.84ms
step:668/1288 train_time:27969ms step_avg:41.87ms
step:669/1288 train_time:28023ms step_avg:41.89ms
step:670/1288 train_time:28084ms step_avg:41.92ms
step:671/1288 train_time:28138ms step_avg:41.93ms
step:672/1288 train_time:28200ms step_avg:41.96ms
step:673/1288 train_time:28253ms step_avg:41.98ms
step:674/1288 train_time:28317ms step_avg:42.01ms
step:675/1288 train_time:28371ms step_avg:42.03ms
step:676/1288 train_time:28434ms step_avg:42.06ms
step:677/1288 train_time:28488ms step_avg:42.08ms
step:678/1288 train_time:28551ms step_avg:42.11ms
step:679/1288 train_time:28605ms step_avg:42.13ms
step:680/1288 train_time:28666ms step_avg:42.16ms
step:681/1288 train_time:28720ms step_avg:42.17ms
step:682/1288 train_time:28782ms step_avg:42.20ms
step:683/1288 train_time:28837ms step_avg:42.22ms
step:684/1288 train_time:28898ms step_avg:42.25ms
step:685/1288 train_time:28952ms step_avg:42.27ms
step:686/1288 train_time:29016ms step_avg:42.30ms
step:687/1288 train_time:29070ms step_avg:42.31ms
step:688/1288 train_time:29132ms step_avg:42.34ms
step:689/1288 train_time:29186ms step_avg:42.36ms
step:690/1288 train_time:29248ms step_avg:42.39ms
step:691/1288 train_time:29302ms step_avg:42.41ms
step:692/1288 train_time:29364ms step_avg:42.43ms
step:693/1288 train_time:29418ms step_avg:42.45ms
step:694/1288 train_time:29481ms step_avg:42.48ms
step:695/1288 train_time:29535ms step_avg:42.50ms
step:696/1288 train_time:29597ms step_avg:42.52ms
step:697/1288 train_time:29651ms step_avg:42.54ms
step:698/1288 train_time:29715ms step_avg:42.57ms
step:699/1288 train_time:29769ms step_avg:42.59ms
step:700/1288 train_time:29832ms step_avg:42.62ms
step:701/1288 train_time:29886ms step_avg:42.63ms
step:702/1288 train_time:29949ms step_avg:42.66ms
step:703/1288 train_time:30003ms step_avg:42.68ms
step:704/1288 train_time:30064ms step_avg:42.70ms
step:705/1288 train_time:30118ms step_avg:42.72ms
step:706/1288 train_time:30180ms step_avg:42.75ms
step:707/1288 train_time:30234ms step_avg:42.76ms
step:708/1288 train_time:30295ms step_avg:42.79ms
step:709/1288 train_time:30349ms step_avg:42.81ms
step:710/1288 train_time:30413ms step_avg:42.84ms
step:711/1288 train_time:30468ms step_avg:42.85ms
step:712/1288 train_time:30530ms step_avg:42.88ms
step:713/1288 train_time:30585ms step_avg:42.90ms
step:714/1288 train_time:30647ms step_avg:42.92ms
step:715/1288 train_time:30700ms step_avg:42.94ms
step:716/1288 train_time:30762ms step_avg:42.96ms
step:717/1288 train_time:30817ms step_avg:42.98ms
step:718/1288 train_time:30879ms step_avg:43.01ms
step:719/1288 train_time:30933ms step_avg:43.02ms
step:720/1288 train_time:30995ms step_avg:43.05ms
step:721/1288 train_time:31050ms step_avg:43.06ms
step:722/1288 train_time:31113ms step_avg:43.09ms
step:723/1288 train_time:31167ms step_avg:43.11ms
step:724/1288 train_time:31229ms step_avg:43.13ms
step:725/1288 train_time:31283ms step_avg:43.15ms
step:726/1288 train_time:31344ms step_avg:43.17ms
step:727/1288 train_time:31398ms step_avg:43.19ms
step:728/1288 train_time:31461ms step_avg:43.22ms
step:729/1288 train_time:31515ms step_avg:43.23ms
step:730/1288 train_time:31578ms step_avg:43.26ms
step:731/1288 train_time:31631ms step_avg:43.27ms
step:732/1288 train_time:31694ms step_avg:43.30ms
step:733/1288 train_time:31748ms step_avg:43.31ms
step:734/1288 train_time:31811ms step_avg:43.34ms
step:735/1288 train_time:31865ms step_avg:43.35ms
step:736/1288 train_time:31929ms step_avg:43.38ms
step:737/1288 train_time:31983ms step_avg:43.40ms
step:738/1288 train_time:32044ms step_avg:43.42ms
step:739/1288 train_time:32099ms step_avg:43.44ms
step:740/1288 train_time:32160ms step_avg:43.46ms
step:741/1288 train_time:32214ms step_avg:43.47ms
step:742/1288 train_time:32277ms step_avg:43.50ms
step:743/1288 train_time:32331ms step_avg:43.51ms
step:744/1288 train_time:32394ms step_avg:43.54ms
step:745/1288 train_time:32448ms step_avg:43.55ms
step:746/1288 train_time:32511ms step_avg:43.58ms
step:747/1288 train_time:32565ms step_avg:43.59ms
step:748/1288 train_time:32626ms step_avg:43.62ms
step:749/1288 train_time:32680ms step_avg:43.63ms
step:750/1288 train_time:32742ms step_avg:43.66ms
step:750/1288 val_loss:3.6667 train_time:32807ms step_avg:43.74ms
step:751/1288 train_time:32827ms step_avg:43.71ms
step:752/1288 train_time:32862ms step_avg:43.70ms
step:753/1288 train_time:32919ms step_avg:43.72ms
step:754/1288 train_time:32981ms step_avg:43.74ms
step:755/1288 train_time:33038ms step_avg:43.76ms
step:756/1288 train_time:33100ms step_avg:43.78ms
step:757/1288 train_time:33154ms step_avg:43.80ms
step:758/1288 train_time:33217ms step_avg:43.82ms
step:759/1288 train_time:33271ms step_avg:43.84ms
step:760/1288 train_time:33333ms step_avg:43.86ms
step:761/1288 train_time:33387ms step_avg:43.87ms
step:762/1288 train_time:33448ms step_avg:43.90ms
step:763/1288 train_time:33502ms step_avg:43.91ms
step:764/1288 train_time:33563ms step_avg:43.93ms
step:765/1288 train_time:33617ms step_avg:43.94ms
step:766/1288 train_time:33679ms step_avg:43.97ms
step:767/1288 train_time:33732ms step_avg:43.98ms
step:768/1288 train_time:33796ms step_avg:44.01ms
step:769/1288 train_time:33852ms step_avg:44.02ms
step:770/1288 train_time:33917ms step_avg:44.05ms
step:771/1288 train_time:33972ms step_avg:44.06ms
step:772/1288 train_time:34035ms step_avg:44.09ms
step:773/1288 train_time:34090ms step_avg:44.10ms
step:774/1288 train_time:34152ms step_avg:44.12ms
step:775/1288 train_time:34207ms step_avg:44.14ms
step:776/1288 train_time:34268ms step_avg:44.16ms
step:777/1288 train_time:34322ms step_avg:44.17ms
step:778/1288 train_time:34384ms step_avg:44.20ms
step:779/1288 train_time:34439ms step_avg:44.21ms
step:780/1288 train_time:34500ms step_avg:44.23ms
step:781/1288 train_time:34554ms step_avg:44.24ms
step:782/1288 train_time:34616ms step_avg:44.27ms
step:783/1288 train_time:34670ms step_avg:44.28ms
step:784/1288 train_time:34733ms step_avg:44.30ms
step:785/1288 train_time:34788ms step_avg:44.32ms
step:786/1288 train_time:34850ms step_avg:44.34ms
step:787/1288 train_time:34904ms step_avg:44.35ms
step:788/1288 train_time:34966ms step_avg:44.37ms
step:789/1288 train_time:35021ms step_avg:44.39ms
step:790/1288 train_time:35083ms step_avg:44.41ms
step:791/1288 train_time:35138ms step_avg:44.42ms
step:792/1288 train_time:35199ms step_avg:44.44ms
step:793/1288 train_time:35253ms step_avg:44.46ms
step:794/1288 train_time:35318ms step_avg:44.48ms
step:795/1288 train_time:35371ms step_avg:44.49ms
step:796/1288 train_time:35435ms step_avg:44.52ms
step:797/1288 train_time:35489ms step_avg:44.53ms
step:798/1288 train_time:35551ms step_avg:44.55ms
step:799/1288 train_time:35604ms step_avg:44.56ms
step:800/1288 train_time:35666ms step_avg:44.58ms
step:801/1288 train_time:35720ms step_avg:44.59ms
step:802/1288 train_time:35782ms step_avg:44.62ms
step:803/1288 train_time:35836ms step_avg:44.63ms
step:804/1288 train_time:35899ms step_avg:44.65ms
step:805/1288 train_time:35954ms step_avg:44.66ms
step:806/1288 train_time:36016ms step_avg:44.69ms
step:807/1288 train_time:36071ms step_avg:44.70ms
step:808/1288 train_time:36133ms step_avg:44.72ms
step:809/1288 train_time:36187ms step_avg:44.73ms
step:810/1288 train_time:36249ms step_avg:44.75ms
step:811/1288 train_time:36302ms step_avg:44.76ms
step:812/1288 train_time:36364ms step_avg:44.78ms
step:813/1288 train_time:36419ms step_avg:44.80ms
step:814/1288 train_time:36480ms step_avg:44.82ms
step:815/1288 train_time:36535ms step_avg:44.83ms
step:816/1288 train_time:36596ms step_avg:44.85ms
step:817/1288 train_time:36650ms step_avg:44.86ms
step:818/1288 train_time:36714ms step_avg:44.88ms
step:819/1288 train_time:36769ms step_avg:44.89ms
step:820/1288 train_time:36831ms step_avg:44.92ms
step:821/1288 train_time:36885ms step_avg:44.93ms
step:822/1288 train_time:36947ms step_avg:44.95ms
step:823/1288 train_time:37001ms step_avg:44.96ms
step:824/1288 train_time:37063ms step_avg:44.98ms
step:825/1288 train_time:37117ms step_avg:44.99ms
step:826/1288 train_time:37180ms step_avg:45.01ms
step:827/1288 train_time:37234ms step_avg:45.02ms
step:828/1288 train_time:37297ms step_avg:45.04ms
step:829/1288 train_time:37351ms step_avg:45.06ms
step:830/1288 train_time:37413ms step_avg:45.08ms
step:831/1288 train_time:37467ms step_avg:45.09ms
step:832/1288 train_time:37529ms step_avg:45.11ms
step:833/1288 train_time:37582ms step_avg:45.12ms
step:834/1288 train_time:37644ms step_avg:45.14ms
step:835/1288 train_time:37698ms step_avg:45.15ms
step:836/1288 train_time:37760ms step_avg:45.17ms
step:837/1288 train_time:37814ms step_avg:45.18ms
step:838/1288 train_time:37877ms step_avg:45.20ms
step:839/1288 train_time:37931ms step_avg:45.21ms
step:840/1288 train_time:37994ms step_avg:45.23ms
step:841/1288 train_time:38048ms step_avg:45.24ms
step:842/1288 train_time:38111ms step_avg:45.26ms
step:843/1288 train_time:38166ms step_avg:45.27ms
step:844/1288 train_time:38228ms step_avg:45.29ms
step:845/1288 train_time:38281ms step_avg:45.30ms
step:846/1288 train_time:38343ms step_avg:45.32ms
step:847/1288 train_time:38398ms step_avg:45.33ms
step:848/1288 train_time:38460ms step_avg:45.35ms
step:849/1288 train_time:38514ms step_avg:45.36ms
step:850/1288 train_time:38578ms step_avg:45.39ms
step:851/1288 train_time:38661ms step_avg:45.43ms
step:852/1288 train_time:38749ms step_avg:45.48ms
step:853/1288 train_time:38830ms step_avg:45.52ms
step:854/1288 train_time:38918ms step_avg:45.57ms
step:855/1288 train_time:38999ms step_avg:45.61ms
step:856/1288 train_time:39087ms step_avg:45.66ms
step:857/1288 train_time:39168ms step_avg:45.70ms
step:858/1288 train_time:39256ms step_avg:45.75ms
step:859/1288 train_time:39338ms step_avg:45.79ms
step:860/1288 train_time:39424ms step_avg:45.84ms
step:861/1288 train_time:39505ms step_avg:45.88ms
step:862/1288 train_time:39593ms step_avg:45.93ms
step:863/1288 train_time:39674ms step_avg:45.97ms
step:864/1288 train_time:39761ms step_avg:46.02ms
step:865/1288 train_time:39842ms step_avg:46.06ms
step:866/1288 train_time:39930ms step_avg:46.11ms
step:867/1288 train_time:40012ms step_avg:46.15ms
step:868/1288 train_time:40099ms step_avg:46.20ms
step:869/1288 train_time:40180ms step_avg:46.24ms
step:870/1288 train_time:40267ms step_avg:46.28ms
step:871/1288 train_time:40347ms step_avg:46.32ms
step:872/1288 train_time:40435ms step_avg:46.37ms
step:873/1288 train_time:40516ms step_avg:46.41ms
step:874/1288 train_time:40604ms step_avg:46.46ms
step:875/1288 train_time:40685ms step_avg:46.50ms
step:876/1288 train_time:40771ms step_avg:46.54ms
step:877/1288 train_time:40853ms step_avg:46.58ms
step:878/1288 train_time:40941ms step_avg:46.63ms
step:879/1288 train_time:41022ms step_avg:46.67ms
step:880/1288 train_time:41109ms step_avg:46.71ms
step:881/1288 train_time:41190ms step_avg:46.75ms
step:882/1288 train_time:41278ms step_avg:46.80ms
step:883/1288 train_time:41359ms step_avg:46.84ms
step:884/1288 train_time:41446ms step_avg:46.88ms
step:885/1288 train_time:41526ms step_avg:46.92ms
step:886/1288 train_time:41614ms step_avg:46.97ms
step:887/1288 train_time:41696ms step_avg:47.01ms
step:888/1288 train_time:41783ms step_avg:47.05ms
step:889/1288 train_time:41863ms step_avg:47.09ms
step:890/1288 train_time:41952ms step_avg:47.14ms
step:891/1288 train_time:42032ms step_avg:47.17ms
step:892/1288 train_time:42120ms step_avg:47.22ms
step:893/1288 train_time:42201ms step_avg:47.26ms
step:894/1288 train_time:42290ms step_avg:47.30ms
step:895/1288 train_time:42371ms step_avg:47.34ms
step:896/1288 train_time:42458ms step_avg:47.39ms
step:897/1288 train_time:42538ms step_avg:47.42ms
step:898/1288 train_time:42626ms step_avg:47.47ms
step:899/1288 train_time:42707ms step_avg:47.50ms
step:900/1288 train_time:42795ms step_avg:47.55ms
step:901/1288 train_time:42877ms step_avg:47.59ms
step:902/1288 train_time:42965ms step_avg:47.63ms
step:903/1288 train_time:43046ms step_avg:47.67ms
step:904/1288 train_time:43133ms step_avg:47.71ms
step:905/1288 train_time:43214ms step_avg:47.75ms
step:906/1288 train_time:43302ms step_avg:47.79ms
step:907/1288 train_time:43382ms step_avg:47.83ms
step:908/1288 train_time:43469ms step_avg:47.87ms
step:909/1288 train_time:43550ms step_avg:47.91ms
step:910/1288 train_time:43637ms step_avg:47.95ms
step:911/1288 train_time:43717ms step_avg:47.99ms
step:912/1288 train_time:43805ms step_avg:48.03ms
step:913/1288 train_time:43886ms step_avg:48.07ms
step:914/1288 train_time:43973ms step_avg:48.11ms
step:915/1288 train_time:44055ms step_avg:48.15ms
step:916/1288 train_time:44143ms step_avg:48.19ms
step:917/1288 train_time:44224ms step_avg:48.23ms
step:918/1288 train_time:44311ms step_avg:48.27ms
step:919/1288 train_time:44393ms step_avg:48.31ms
step:920/1288 train_time:44481ms step_avg:48.35ms
step:921/1288 train_time:44562ms step_avg:48.38ms
step:922/1288 train_time:44648ms step_avg:48.43ms
step:923/1288 train_time:44729ms step_avg:48.46ms
step:924/1288 train_time:44816ms step_avg:48.50ms
step:925/1288 train_time:44897ms step_avg:48.54ms
step:926/1288 train_time:44984ms step_avg:48.58ms
step:927/1288 train_time:45065ms step_avg:48.61ms
step:928/1288 train_time:45154ms step_avg:48.66ms
step:929/1288 train_time:45235ms step_avg:48.69ms
step:930/1288 train_time:45322ms step_avg:48.73ms
step:931/1288 train_time:45403ms step_avg:48.77ms
step:932/1288 train_time:45491ms step_avg:48.81ms
step:933/1288 train_time:45573ms step_avg:48.85ms
step:934/1288 train_time:45660ms step_avg:48.89ms
step:935/1288 train_time:45740ms step_avg:48.92ms
step:936/1288 train_time:45828ms step_avg:48.96ms
step:937/1288 train_time:45908ms step_avg:48.99ms
step:938/1288 train_time:45996ms step_avg:49.04ms
step:939/1288 train_time:46078ms step_avg:49.07ms
step:940/1288 train_time:46166ms step_avg:49.11ms
step:941/1288 train_time:46246ms step_avg:49.15ms
step:942/1288 train_time:46334ms step_avg:49.19ms
step:943/1288 train_time:46415ms step_avg:49.22ms
step:944/1288 train_time:46503ms step_avg:49.26ms
step:945/1288 train_time:46584ms step_avg:49.30ms
step:946/1288 train_time:46672ms step_avg:49.34ms
step:947/1288 train_time:46753ms step_avg:49.37ms
step:948/1288 train_time:46841ms step_avg:49.41ms
step:949/1288 train_time:46921ms step_avg:49.44ms
step:950/1288 train_time:47008ms step_avg:49.48ms
step:951/1288 train_time:47089ms step_avg:49.52ms
step:952/1288 train_time:47178ms step_avg:49.56ms
step:953/1288 train_time:47259ms step_avg:49.59ms
step:954/1288 train_time:47347ms step_avg:49.63ms
step:955/1288 train_time:47427ms step_avg:49.66ms
step:956/1288 train_time:47515ms step_avg:49.70ms
step:957/1288 train_time:47597ms step_avg:49.74ms
step:958/1288 train_time:47685ms step_avg:49.78ms
step:959/1288 train_time:47766ms step_avg:49.81ms
step:960/1288 train_time:47853ms step_avg:49.85ms
step:961/1288 train_time:47935ms step_avg:49.88ms
step:962/1288 train_time:48022ms step_avg:49.92ms
step:963/1288 train_time:48103ms step_avg:49.95ms
step:964/1288 train_time:48190ms step_avg:49.99ms
step:965/1288 train_time:48271ms step_avg:50.02ms
step:966/1288 train_time:48359ms step_avg:50.06ms
step:967/1288 train_time:48440ms step_avg:50.09ms
step:968/1288 train_time:48526ms step_avg:50.13ms
step:969/1288 train_time:48607ms step_avg:50.16ms
step:970/1288 train_time:48695ms step_avg:50.20ms
step:971/1288 train_time:48776ms step_avg:50.23ms
step:972/1288 train_time:48865ms step_avg:50.27ms
step:973/1288 train_time:48945ms step_avg:50.30ms
step:974/1288 train_time:49033ms step_avg:50.34ms
step:975/1288 train_time:49115ms step_avg:50.37ms
step:976/1288 train_time:49203ms step_avg:50.41ms
step:977/1288 train_time:49284ms step_avg:50.44ms
step:978/1288 train_time:49370ms step_avg:50.48ms
step:979/1288 train_time:49452ms step_avg:50.51ms
step:980/1288 train_time:49540ms step_avg:50.55ms
step:981/1288 train_time:49621ms step_avg:50.58ms
step:982/1288 train_time:49707ms step_avg:50.62ms
step:983/1288 train_time:49788ms step_avg:50.65ms
step:984/1288 train_time:49877ms step_avg:50.69ms
step:985/1288 train_time:49958ms step_avg:50.72ms
step:986/1288 train_time:50046ms step_avg:50.76ms
step:987/1288 train_time:50126ms step_avg:50.79ms
step:988/1288 train_time:50214ms step_avg:50.82ms
step:989/1288 train_time:50296ms step_avg:50.86ms
step:990/1288 train_time:50384ms step_avg:50.89ms
step:991/1288 train_time:50465ms step_avg:50.92ms
step:992/1288 train_time:50552ms step_avg:50.96ms
step:993/1288 train_time:50634ms step_avg:50.99ms
step:994/1288 train_time:50721ms step_avg:51.03ms
step:995/1288 train_time:50802ms step_avg:51.06ms
step:996/1288 train_time:50890ms step_avg:51.09ms
step:997/1288 train_time:50972ms step_avg:51.13ms
step:998/1288 train_time:51060ms step_avg:51.16ms
step:999/1288 train_time:51141ms step_avg:51.19ms
step:1000/1288 train_time:51228ms step_avg:51.23ms
step:1000/1288 val_loss:3.4243 train_time:51320ms step_avg:51.32ms
step:1001/1288 train_time:51341ms step_avg:51.29ms
step:1002/1288 train_time:51402ms step_avg:51.30ms
step:1003/1288 train_time:51488ms step_avg:51.33ms
step:1004/1288 train_time:51576ms step_avg:51.37ms
step:1005/1288 train_time:51657ms step_avg:51.40ms
step:1006/1288 train_time:51745ms step_avg:51.44ms
step:1007/1288 train_time:51826ms step_avg:51.47ms
step:1008/1288 train_time:51912ms step_avg:51.50ms
step:1009/1288 train_time:51991ms step_avg:51.53ms
step:1010/1288 train_time:52078ms step_avg:51.56ms
step:1011/1288 train_time:52158ms step_avg:51.59ms
step:1012/1288 train_time:52246ms step_avg:51.63ms
step:1013/1288 train_time:52330ms step_avg:51.66ms
step:1014/1288 train_time:52418ms step_avg:51.69ms
step:1015/1288 train_time:52501ms step_avg:51.73ms
step:1016/1288 train_time:52590ms step_avg:51.76ms
step:1017/1288 train_time:52671ms step_avg:51.79ms
step:1018/1288 train_time:52758ms step_avg:51.83ms
step:1019/1288 train_time:52838ms step_avg:51.85ms
step:1020/1288 train_time:52926ms step_avg:51.89ms
step:1021/1288 train_time:53007ms step_avg:51.92ms
step:1022/1288 train_time:53093ms step_avg:51.95ms
step:1023/1288 train_time:53174ms step_avg:51.98ms
step:1024/1288 train_time:53261ms step_avg:52.01ms
step:1025/1288 train_time:53345ms step_avg:52.04ms
step:1026/1288 train_time:53436ms step_avg:52.08ms
step:1027/1288 train_time:53517ms step_avg:52.11ms
step:1028/1288 train_time:53604ms step_avg:52.14ms
step:1029/1288 train_time:53686ms step_avg:52.17ms
step:1030/1288 train_time:53773ms step_avg:52.21ms
step:1031/1288 train_time:53853ms step_avg:52.23ms
step:1032/1288 train_time:53940ms step_avg:52.27ms
step:1033/1288 train_time:54020ms step_avg:52.29ms
step:1034/1288 train_time:54107ms step_avg:52.33ms
step:1035/1288 train_time:54188ms step_avg:52.36ms
step:1036/1288 train_time:54276ms step_avg:52.39ms
step:1037/1288 train_time:54358ms step_avg:52.42ms
step:1038/1288 train_time:54447ms step_avg:52.45ms
step:1039/1288 train_time:54528ms step_avg:52.48ms
step:1040/1288 train_time:54616ms step_avg:52.52ms
step:1041/1288 train_time:54697ms step_avg:52.54ms
step:1042/1288 train_time:54785ms step_avg:52.58ms
step:1043/1288 train_time:54867ms step_avg:52.60ms
step:1044/1288 train_time:54953ms step_avg:52.64ms
step:1045/1288 train_time:55033ms step_avg:52.66ms
step:1046/1288 train_time:55119ms step_avg:52.70ms
step:1047/1288 train_time:55200ms step_avg:52.72ms
step:1048/1288 train_time:55289ms step_avg:52.76ms
step:1049/1288 train_time:55372ms step_avg:52.79ms
step:1050/1288 train_time:55460ms step_avg:52.82ms
step:1051/1288 train_time:55542ms step_avg:52.85ms
step:1052/1288 train_time:55630ms step_avg:52.88ms
step:1053/1288 train_time:55711ms step_avg:52.91ms
step:1054/1288 train_time:55798ms step_avg:52.94ms
step:1055/1288 train_time:55878ms step_avg:52.97ms
step:1056/1288 train_time:55966ms step_avg:53.00ms
step:1057/1288 train_time:56047ms step_avg:53.02ms
step:1058/1288 train_time:56134ms step_avg:53.06ms
step:1059/1288 train_time:56215ms step_avg:53.08ms
step:1060/1288 train_time:56302ms step_avg:53.12ms
step:1061/1288 train_time:56386ms step_avg:53.14ms
step:1062/1288 train_time:56474ms step_avg:53.18ms
step:1063/1288 train_time:56556ms step_avg:53.20ms
step:1064/1288 train_time:56644ms step_avg:53.24ms
step:1065/1288 train_time:56727ms step_avg:53.26ms
step:1066/1288 train_time:56815ms step_avg:53.30ms
step:1067/1288 train_time:56895ms step_avg:53.32ms
step:1068/1288 train_time:56982ms step_avg:53.35ms
step:1069/1288 train_time:57064ms step_avg:53.38ms
step:1070/1288 train_time:57151ms step_avg:53.41ms
step:1071/1288 train_time:57231ms step_avg:53.44ms
step:1072/1288 train_time:57319ms step_avg:53.47ms
step:1073/1288 train_time:57400ms step_avg:53.49ms
step:1074/1288 train_time:57489ms step_avg:53.53ms
step:1075/1288 train_time:57571ms step_avg:53.55ms
step:1076/1288 train_time:57658ms step_avg:53.59ms
step:1077/1288 train_time:57740ms step_avg:53.61ms
step:1078/1288 train_time:57827ms step_avg:53.64ms
step:1079/1288 train_time:57908ms step_avg:53.67ms
step:1080/1288 train_time:57996ms step_avg:53.70ms
step:1081/1288 train_time:58077ms step_avg:53.72ms
step:1082/1288 train_time:58165ms step_avg:53.76ms
step:1083/1288 train_time:58247ms step_avg:53.78ms
step:1084/1288 train_time:58335ms step_avg:53.81ms
step:1085/1288 train_time:58416ms step_avg:53.84ms
step:1086/1288 train_time:58503ms step_avg:53.87ms
step:1087/1288 train_time:58587ms step_avg:53.90ms
step:1088/1288 train_time:58675ms step_avg:53.93ms
step:1089/1288 train_time:58756ms step_avg:53.95ms
step:1090/1288 train_time:58844ms step_avg:53.99ms
step:1091/1288 train_time:58926ms step_avg:54.01ms
step:1092/1288 train_time:59013ms step_avg:54.04ms
step:1093/1288 train_time:59093ms step_avg:54.06ms
step:1094/1288 train_time:59181ms step_avg:54.10ms
step:1095/1288 train_time:59264ms step_avg:54.12ms
step:1096/1288 train_time:59352ms step_avg:54.15ms
step:1097/1288 train_time:59432ms step_avg:54.18ms
step:1098/1288 train_time:59519ms step_avg:54.21ms
step:1099/1288 train_time:59600ms step_avg:54.23ms
step:1100/1288 train_time:59688ms step_avg:54.26ms
step:1101/1288 train_time:59769ms step_avg:54.29ms
step:1102/1288 train_time:59857ms step_avg:54.32ms
step:1103/1288 train_time:59938ms step_avg:54.34ms
step:1104/1288 train_time:60025ms step_avg:54.37ms
step:1105/1288 train_time:60107ms step_avg:54.40ms
step:1106/1288 train_time:60193ms step_avg:54.42ms
step:1107/1288 train_time:60275ms step_avg:54.45ms
step:1108/1288 train_time:60363ms step_avg:54.48ms
step:1109/1288 train_time:60445ms step_avg:54.50ms
step:1110/1288 train_time:60533ms step_avg:54.53ms
step:1111/1288 train_time:60613ms step_avg:54.56ms
step:1112/1288 train_time:60700ms step_avg:54.59ms
step:1113/1288 train_time:60780ms step_avg:54.61ms
step:1114/1288 train_time:60870ms step_avg:54.64ms
step:1115/1288 train_time:60951ms step_avg:54.66ms
step:1116/1288 train_time:61039ms step_avg:54.69ms
step:1117/1288 train_time:61119ms step_avg:54.72ms
step:1118/1288 train_time:61206ms step_avg:54.75ms
step:1119/1288 train_time:61289ms step_avg:54.77ms
step:1120/1288 train_time:61376ms step_avg:54.80ms
step:1121/1288 train_time:61457ms step_avg:54.82ms
step:1122/1288 train_time:61545ms step_avg:54.85ms
step:1123/1288 train_time:61628ms step_avg:54.88ms
step:1124/1288 train_time:61715ms step_avg:54.91ms
step:1125/1288 train_time:61795ms step_avg:54.93ms
step:1126/1288 train_time:61884ms step_avg:54.96ms
step:1127/1288 train_time:61966ms step_avg:54.98ms
step:1128/1288 train_time:62054ms step_avg:55.01ms
step:1129/1288 train_time:62134ms step_avg:55.03ms
step:1130/1288 train_time:62221ms step_avg:55.06ms
step:1131/1288 train_time:62303ms step_avg:55.09ms
step:1132/1288 train_time:62392ms step_avg:55.12ms
step:1133/1288 train_time:62473ms step_avg:55.14ms
step:1134/1288 train_time:62560ms step_avg:55.17ms
step:1135/1288 train_time:62641ms step_avg:55.19ms
step:1136/1288 train_time:62729ms step_avg:55.22ms
step:1137/1288 train_time:62811ms step_avg:55.24ms
step:1138/1288 train_time:62899ms step_avg:55.27ms
step:1139/1288 train_time:62979ms step_avg:55.29ms
step:1140/1288 train_time:63067ms step_avg:55.32ms
step:1141/1288 train_time:63149ms step_avg:55.35ms
step:1142/1288 train_time:63236ms step_avg:55.37ms
step:1143/1288 train_time:63317ms step_avg:55.40ms
step:1144/1288 train_time:63405ms step_avg:55.42ms
step:1145/1288 train_time:63487ms step_avg:55.45ms
step:1146/1288 train_time:63575ms step_avg:55.48ms
step:1147/1288 train_time:63657ms step_avg:55.50ms
step:1148/1288 train_time:63744ms step_avg:55.53ms
step:1149/1288 train_time:63827ms step_avg:55.55ms
step:1150/1288 train_time:63914ms step_avg:55.58ms
step:1151/1288 train_time:63995ms step_avg:55.60ms
step:1152/1288 train_time:64082ms step_avg:55.63ms
step:1153/1288 train_time:64163ms step_avg:55.65ms
step:1154/1288 train_time:64252ms step_avg:55.68ms
step:1155/1288 train_time:64334ms step_avg:55.70ms
step:1156/1288 train_time:64421ms step_avg:55.73ms
step:1157/1288 train_time:64503ms step_avg:55.75ms
step:1158/1288 train_time:64591ms step_avg:55.78ms
step:1159/1288 train_time:64672ms step_avg:55.80ms
step:1160/1288 train_time:64759ms step_avg:55.83ms
step:1161/1288 train_time:64840ms step_avg:55.85ms
step:1162/1288 train_time:64928ms step_avg:55.88ms
step:1163/1288 train_time:65009ms step_avg:55.90ms
step:1164/1288 train_time:65097ms step_avg:55.93ms
step:1165/1288 train_time:65178ms step_avg:55.95ms
step:1166/1288 train_time:65265ms step_avg:55.97ms
step:1167/1288 train_time:65347ms step_avg:56.00ms
step:1168/1288 train_time:65436ms step_avg:56.02ms
step:1169/1288 train_time:65517ms step_avg:56.05ms
step:1170/1288 train_time:65604ms step_avg:56.07ms
step:1171/1288 train_time:65687ms step_avg:56.09ms
step:1172/1288 train_time:65774ms step_avg:56.12ms
step:1173/1288 train_time:65856ms step_avg:56.14ms
step:1174/1288 train_time:65942ms step_avg:56.17ms
step:1175/1288 train_time:66024ms step_avg:56.19ms
step:1176/1288 train_time:66112ms step_avg:56.22ms
step:1177/1288 train_time:66193ms step_avg:56.24ms
step:1178/1288 train_time:66279ms step_avg:56.26ms
step:1179/1288 train_time:66360ms step_avg:56.29ms
step:1180/1288 train_time:66448ms step_avg:56.31ms
step:1181/1288 train_time:66530ms step_avg:56.33ms
step:1182/1288 train_time:66618ms step_avg:56.36ms
step:1183/1288 train_time:66699ms step_avg:56.38ms
step:1184/1288 train_time:66787ms step_avg:56.41ms
step:1185/1288 train_time:66869ms step_avg:56.43ms
step:1186/1288 train_time:66957ms step_avg:56.46ms
step:1187/1288 train_time:67038ms step_avg:56.48ms
step:1188/1288 train_time:67125ms step_avg:56.50ms
step:1189/1288 train_time:67207ms step_avg:56.52ms
step:1190/1288 train_time:67294ms step_avg:56.55ms
step:1191/1288 train_time:67375ms step_avg:56.57ms
step:1192/1288 train_time:67463ms step_avg:56.60ms
step:1193/1288 train_time:67546ms step_avg:56.62ms
step:1194/1288 train_time:67634ms step_avg:56.64ms
step:1195/1288 train_time:67715ms step_avg:56.66ms
step:1196/1288 train_time:67802ms step_avg:56.69ms
step:1197/1288 train_time:67884ms step_avg:56.71ms
step:1198/1288 train_time:67972ms step_avg:56.74ms
step:1199/1288 train_time:68053ms step_avg:56.76ms
step:1200/1288 train_time:68140ms step_avg:56.78ms
step:1201/1288 train_time:68221ms step_avg:56.80ms
step:1202/1288 train_time:68308ms step_avg:56.83ms
step:1203/1288 train_time:68390ms step_avg:56.85ms
step:1204/1288 train_time:68477ms step_avg:56.87ms
step:1205/1288 train_time:68558ms step_avg:56.89ms
step:1206/1288 train_time:68646ms step_avg:56.92ms
step:1207/1288 train_time:68728ms step_avg:56.94ms
step:1208/1288 train_time:68816ms step_avg:56.97ms
step:1209/1288 train_time:68897ms step_avg:56.99ms
step:1210/1288 train_time:68985ms step_avg:57.01ms
step:1211/1288 train_time:69068ms step_avg:57.03ms
step:1212/1288 train_time:69154ms step_avg:57.06ms
step:1213/1288 train_time:69234ms step_avg:57.08ms
step:1214/1288 train_time:69323ms step_avg:57.10ms
step:1215/1288 train_time:69404ms step_avg:57.12ms
step:1216/1288 train_time:69492ms step_avg:57.15ms
step:1217/1288 train_time:69573ms step_avg:57.17ms
step:1218/1288 train_time:69661ms step_avg:57.19ms
step:1219/1288 train_time:69742ms step_avg:57.21ms
step:1220/1288 train_time:69831ms step_avg:57.24ms
step:1221/1288 train_time:69912ms step_avg:57.26ms
step:1222/1288 train_time:70000ms step_avg:57.28ms
step:1223/1288 train_time:70080ms step_avg:57.30ms
step:1224/1288 train_time:70167ms step_avg:57.33ms
step:1225/1288 train_time:70248ms step_avg:57.35ms
step:1226/1288 train_time:70336ms step_avg:57.37ms
step:1227/1288 train_time:70417ms step_avg:57.39ms
step:1228/1288 train_time:70505ms step_avg:57.41ms
step:1229/1288 train_time:70588ms step_avg:57.43ms
step:1230/1288 train_time:70675ms step_avg:57.46ms
step:1231/1288 train_time:70756ms step_avg:57.48ms
step:1232/1288 train_time:70845ms step_avg:57.50ms
step:1233/1288 train_time:70928ms step_avg:57.52ms
step:1234/1288 train_time:71015ms step_avg:57.55ms
step:1235/1288 train_time:71095ms step_avg:57.57ms
step:1236/1288 train_time:71182ms step_avg:57.59ms
step:1237/1288 train_time:71265ms step_avg:57.61ms
step:1238/1288 train_time:71353ms step_avg:57.64ms
step:1239/1288 train_time:71434ms step_avg:57.65ms
step:1240/1288 train_time:71520ms step_avg:57.68ms
step:1241/1288 train_time:71601ms step_avg:57.70ms
step:1242/1288 train_time:71689ms step_avg:57.72ms
step:1243/1288 train_time:71770ms step_avg:57.74ms
step:1244/1288 train_time:71859ms step_avg:57.76ms
step:1245/1288 train_time:71940ms step_avg:57.78ms
step:1246/1288 train_time:72028ms step_avg:57.81ms
step:1247/1288 train_time:72110ms step_avg:57.83ms
step:1248/1288 train_time:72197ms step_avg:57.85ms
step:1249/1288 train_time:72279ms step_avg:57.87ms
step:1250/1288 train_time:72367ms step_avg:57.89ms
step:1250/1288 val_loss:3.2997 train_time:72459ms step_avg:57.97ms
step:1251/1288 train_time:72480ms step_avg:57.94ms
step:1252/1288 train_time:72543ms step_avg:57.94ms
step:1253/1288 train_time:72625ms step_avg:57.96ms
step:1254/1288 train_time:72712ms step_avg:57.98ms
step:1255/1288 train_time:72793ms step_avg:58.00ms
step:1256/1288 train_time:72880ms step_avg:58.03ms
step:1257/1288 train_time:72960ms step_avg:58.04ms
step:1258/1288 train_time:73046ms step_avg:58.07ms
step:1259/1288 train_time:73126ms step_avg:58.08ms
step:1260/1288 train_time:73214ms step_avg:58.11ms
step:1261/1288 train_time:73295ms step_avg:58.12ms
step:1262/1288 train_time:73383ms step_avg:58.15ms
step:1263/1288 train_time:73467ms step_avg:58.17ms
step:1264/1288 train_time:73556ms step_avg:58.19ms
step:1265/1288 train_time:73639ms step_avg:58.21ms
step:1266/1288 train_time:73728ms step_avg:58.24ms
step:1267/1288 train_time:73808ms step_avg:58.25ms
step:1268/1288 train_time:73895ms step_avg:58.28ms
step:1269/1288 train_time:73977ms step_avg:58.30ms
step:1270/1288 train_time:74064ms step_avg:58.32ms
step:1271/1288 train_time:74145ms step_avg:58.34ms
step:1272/1288 train_time:74231ms step_avg:58.36ms
step:1273/1288 train_time:74314ms step_avg:58.38ms
step:1274/1288 train_time:74404ms step_avg:58.40ms
step:1275/1288 train_time:74490ms step_avg:58.42ms
step:1276/1288 train_time:74580ms step_avg:58.45ms
step:1277/1288 train_time:74663ms step_avg:58.47ms
step:1278/1288 train_time:74750ms step_avg:58.49ms
step:1279/1288 train_time:74832ms step_avg:58.51ms
step:1280/1288 train_time:74920ms step_avg:58.53ms
step:1281/1288 train_time:75001ms step_avg:58.55ms
step:1282/1288 train_time:75089ms step_avg:58.57ms
step:1283/1288 train_time:75170ms step_avg:58.59ms
step:1284/1288 train_time:75258ms step_avg:58.61ms
step:1285/1288 train_time:75340ms step_avg:58.63ms
step:1286/1288 train_time:75428ms step_avg:58.65ms
step:1287/1288 train_time:75511ms step_avg:58.67ms
step:1288/1288 train_time:75600ms step_avg:58.70ms
step:1288/1288 val_loss:3.2794 train_time:75694ms step_avg:58.77ms
peak memory allocated: 32299 MiB reserved: 47430 MiB
Terminal-blended sharded TailEMA scope=readout start=848 every=1 decay=0.9933 blend=0.65
step:0/1288 val_loss:10.8258 train_time:0ms step_avg:0.03ms
step:250/1288 val_loss:4.4561 train_time:8188ms step_avg:32.75ms
step:500/1288 val_loss:4.1093 train_time:18258ms step_avg:36.52ms
step:750/1288 val_loss:3.6667 train_time:32807ms step_avg:43.74ms
step:1000/1288 val_loss:3.4243 train_time:51320ms step_avg:51.32ms
step:1250/1288 val_loss:3.2997 train_time:72459ms step_avg:57.97ms
step:1288/1288 val_loss:3.2794 train_time:75694ms step_avg:58.77ms
PASS 02-candidate
BEGIN 03-candidate scheduled_steps=1273
W0727 22:02:08.535000 52662 torch/distributed/run.py:852] 
W0727 22:02:08.535000 52662 torch/distributed/run.py:852] *****************************************
W0727 22:02:08.535000 52662 torch/distributed/run.py:852] Setting OMP_NUM_THREADS environment variable for each process to be 1 in default, to avoid your system being overloaded, please further tune the variable for optimal performance in your application as needed. 
W0727 22:02:08.535000 52662 torch/distributed/run.py:852] *****************************************
[Gloo] Rank 2 is connected to 7 peer ranks. Expected number of connected peer ranks is : 7
[Gloo] Rank 4 is connected to 7 peer ranks. Expected number of connected peer ranks is : 7
[Gloo] Rank 7 is connected to 7 peer ranks. Expected number of connected peer ranks is : 7
[Gloo] Rank 6 is connected to 7 peer ranks. Expected number of connected peer ranks is : 7
[Gloo] Rank 0 is connected to 7 peer ranks. Expected number of connected peer ranks is : 7
[Gloo] Rank 1 is connected to 7 peer ranks. Expected number of connected peer ranks is : 7
[Gloo] Rank [Gloo] Rank 3 is connected to 7 peer ranks. Expected number of connected peer ranks is : 57 is connected to 7 peer ranks. 
Expected number of connected peer ranks is : 7
Warning: You are sending unauthenticated requests to the HF Hub. Please set a HF_TOKEN to enable higher rate limits and faster downloads.
Warning: You are sending unauthenticated requests to the HF Hub. Please set a HF_TOKEN to enable higher rate limits and faster downloads.
Warning: You are sending unauthenticated requests to the HF Hub. Please set a HF_TOKEN to enable higher rate limits and faster downloads.
Warning: You are sending unauthenticated requests to the HF Hub. Please set a HF_TOKEN to enable higher rate limits and faster downloads.
Warning: You are sending unauthenticated requests to the HF Hub. Please set a HF_TOKEN to enable higher rate limits and faster downloads.
Warning: You are sending unauthenticated requests to the HF Hub. Please set a HF_TOKEN to enable higher rate limits and faster downloads.
Fetching 8 files:   0%|          | 0/8 [00:00<?, ?it/s]Fetching 8 files: 100%|██████████| 8/8 [00:00<00:00, 2555.94it/s]
Fetching 8 files:   0%|          | 0/8 [00:00<?, ?it/s]Fetching 8 files: 100%|██████████| 8/8 [00:00<00:00, 2248.81it/s]
Fetching 8 files:   0%|          | 0/8 [00:00<?, ?it/s]Fetching 8 files: 100%|██████████| 8/8 [00:00<00:00, 2844.56it/s]
Fetching 8 files:   0%|          | 0/8 [00:00<?, ?it/s]Fetching 8 files:   0%|          | 0/8 [00:00<?, ?it/s]Fetching 8 files: 100%|██████████| 8/8 [00:00<00:00, 2511.00it/s]
Fetching 8 files: 100%|██████████| 8/8 [00:00<00:00, 2279.20it/s]
Fetching 8 files:   0%|          | 0/8 [00:00<?, ?it/s]Fetching 8 files:   0%|          | 0/8 [00:00<?, ?it/s]Fetching 8 files: 100%|██████████| 8/8 [00:00<00:00, 2839.26it/s]
Fetching 8 files: 100%|██████████| 8/8 [00:00<00:00, 2508.74it/s]
logs/1406460c-c0c8-42b3-b449-5fae7db78a93.txt
Fetching 8 files:   0%|          | 0/8 [00:00<?, ?it/s]Fetching 8 files: 100%|██████████| 8/8 [00:00<00:00, 2404.82it/s]
Compiling model and warming up kernels (~7 minutes on first execution)
Sampling steps [0, 1, 422, 423, 424, 425, 847, 848, 849, 850, 1271, 1272, 1273, 1274, 1287] for warmup
Resetting Model
Terminal-blended sharded TailEMA scope=readout start=848 every=1 decay=0.9933 blend=0.65
step:0/1288 val_loss:10.8335 train_time:0ms step_avg:0.03ms
step:1/1288 train_time:77ms step_avg:77.17ms
step:2/1288 train_time:103ms step_avg:51.44ms
step:3/1288 train_time:124ms step_avg:41.18ms
step:4/1288 train_time:149ms step_avg:37.37ms
step:5/1288 train_time:177ms step_avg:35.46ms
step:6/1288 train_time:215ms step_avg:35.75ms
step:7/1288 train_time:242ms step_avg:34.59ms
step:8/1288 train_time:279ms step_avg:34.85ms
step:9/1288 train_time:307ms step_avg:34.07ms
step:10/1288 train_time:344ms step_avg:34.39ms
step:11/1288 train_time:371ms step_avg:33.75ms
step:12/1288 train_time:408ms step_avg:34.03ms
step:13/1288 train_time:436ms step_avg:33.50ms
step:14/1288 train_time:473ms step_avg:33.80ms
step:15/1288 train_time:501ms step_avg:33.39ms
step:16/1288 train_time:538ms step_avg:33.63ms
step:17/1288 train_time:566ms step_avg:33.29ms
step:18/1288 train_time:603ms step_avg:33.50ms
step:19/1288 train_time:631ms step_avg:33.22ms
step:20/1288 train_time:668ms step_avg:33.41ms
step:21/1288 train_time:696ms step_avg:33.15ms
step:22/1288 train_time:733ms step_avg:33.32ms
step:23/1288 train_time:761ms step_avg:33.09ms
step:24/1288 train_time:798ms step_avg:33.25ms
step:25/1288 train_time:826ms step_avg:33.05ms
step:26/1288 train_time:863ms step_avg:33.19ms
step:27/1288 train_time:891ms step_avg:32.99ms
step:28/1288 train_time:928ms step_avg:33.15ms
step:29/1288 train_time:956ms step_avg:32.96ms
step:30/1288 train_time:993ms step_avg:33.11ms
step:31/1288 train_time:1022ms step_avg:32.96ms
step:32/1288 train_time:1059ms step_avg:33.09ms
step:33/1288 train_time:1087ms step_avg:32.95ms
step:34/1288 train_time:1124ms step_avg:33.06ms
step:35/1288 train_time:1152ms step_avg:32.92ms
step:36/1288 train_time:1190ms step_avg:33.05ms
step:37/1288 train_time:1218ms step_avg:32.92ms
step:38/1288 train_time:1255ms step_avg:33.04ms
step:39/1288 train_time:1284ms step_avg:32.91ms
step:40/1288 train_time:1321ms step_avg:33.02ms
step:41/1288 train_time:1349ms step_avg:32.90ms
step:42/1288 train_time:1386ms step_avg:33.00ms
step:43/1288 train_time:1414ms step_avg:32.88ms
step:44/1288 train_time:1451ms step_avg:32.98ms
step:45/1288 train_time:1479ms step_avg:32.86ms
step:46/1288 train_time:1516ms step_avg:32.95ms
step:47/1288 train_time:1544ms step_avg:32.85ms
step:48/1288 train_time:1581ms step_avg:32.93ms
step:49/1288 train_time:1608ms step_avg:32.82ms
step:50/1288 train_time:1646ms step_avg:32.92ms
step:51/1288 train_time:1674ms step_avg:32.82ms
step:52/1288 train_time:1711ms step_avg:32.90ms
step:53/1288 train_time:1739ms step_avg:32.81ms
step:54/1288 train_time:1776ms step_avg:32.89ms
step:55/1288 train_time:1804ms step_avg:32.81ms
step:56/1288 train_time:1841ms step_avg:32.88ms
step:57/1288 train_time:1869ms step_avg:32.79ms
step:58/1288 train_time:1906ms step_avg:32.87ms
step:59/1288 train_time:1934ms step_avg:32.78ms
step:60/1288 train_time:1971ms step_avg:32.85ms
step:61/1288 train_time:1999ms step_avg:32.78ms
step:62/1288 train_time:2037ms step_avg:32.86ms
step:63/1288 train_time:2065ms step_avg:32.78ms
step:64/1288 train_time:2102ms step_avg:32.85ms
step:65/1288 train_time:2130ms step_avg:32.77ms
step:66/1288 train_time:2168ms step_avg:32.84ms
step:67/1288 train_time:2196ms step_avg:32.77ms
step:68/1288 train_time:2233ms step_avg:32.84ms
step:69/1288 train_time:2261ms step_avg:32.76ms
step:70/1288 train_time:2298ms step_avg:32.83ms
step:71/1288 train_time:2326ms step_avg:32.76ms
step:72/1288 train_time:2363ms step_avg:32.81ms
step:73/1288 train_time:2391ms step_avg:32.75ms
step:74/1288 train_time:2428ms step_avg:32.81ms
step:75/1288 train_time:2456ms step_avg:32.75ms
step:76/1288 train_time:2494ms step_avg:32.82ms
step:77/1288 train_time:2521ms step_avg:32.74ms
step:78/1288 train_time:2558ms step_avg:32.80ms
step:79/1288 train_time:2586ms step_avg:32.74ms
step:80/1288 train_time:2623ms step_avg:32.79ms
step:81/1288 train_time:2651ms step_avg:32.73ms
step:82/1288 train_time:2689ms step_avg:32.79ms
step:83/1288 train_time:2716ms step_avg:32.73ms
step:84/1288 train_time:2754ms step_avg:32.78ms
step:85/1288 train_time:2782ms step_avg:32.73ms
step:86/1288 train_time:2819ms step_avg:32.78ms
step:87/1288 train_time:2847ms step_avg:32.72ms
step:88/1288 train_time:2884ms step_avg:32.77ms
step:89/1288 train_time:2912ms step_avg:32.72ms
step:90/1288 train_time:2950ms step_avg:32.77ms
step:91/1288 train_time:2977ms step_avg:32.72ms
step:92/1288 train_time:3014ms step_avg:32.77ms
step:93/1288 train_time:3043ms step_avg:32.72ms
step:94/1288 train_time:3079ms step_avg:32.76ms
step:95/1288 train_time:3108ms step_avg:32.71ms
step:96/1288 train_time:3144ms step_avg:32.76ms
step:97/1288 train_time:3173ms step_avg:32.71ms
step:98/1288 train_time:3210ms step_avg:32.75ms
step:99/1288 train_time:3238ms step_avg:32.71ms
step:100/1288 train_time:3275ms step_avg:32.75ms
step:101/1288 train_time:3303ms step_avg:32.70ms
step:102/1288 train_time:3340ms step_avg:32.75ms
step:103/1288 train_time:3368ms step_avg:32.70ms
step:104/1288 train_time:3405ms step_avg:32.74ms
step:105/1288 train_time:3433ms step_avg:32.69ms
step:106/1288 train_time:3470ms step_avg:32.74ms
step:107/1288 train_time:3498ms step_avg:32.69ms
step:108/1288 train_time:3535ms step_avg:32.73ms
step:109/1288 train_time:3563ms step_avg:32.69ms
step:110/1288 train_time:3600ms step_avg:32.73ms
step:111/1288 train_time:3628ms step_avg:32.69ms
step:112/1288 train_time:3665ms step_avg:32.72ms
step:113/1288 train_time:3692ms step_avg:32.68ms
step:114/1288 train_time:3730ms step_avg:32.72ms
step:115/1288 train_time:3758ms step_avg:32.68ms
step:116/1288 train_time:3795ms step_avg:32.71ms
step:117/1288 train_time:3823ms step_avg:32.68ms
step:118/1288 train_time:3860ms step_avg:32.71ms
step:119/1288 train_time:3888ms step_avg:32.67ms
step:120/1288 train_time:3925ms step_avg:32.71ms
step:121/1288 train_time:3953ms step_avg:32.67ms
step:122/1288 train_time:3990ms step_avg:32.71ms
step:123/1288 train_time:4018ms step_avg:32.67ms
step:124/1288 train_time:4055ms step_avg:32.70ms
step:125/1288 train_time:4083ms step_avg:32.67ms
step:126/1288 train_time:4120ms step_avg:32.70ms
step:127/1288 train_time:4148ms step_avg:32.66ms
step:128/1288 train_time:4185ms step_avg:32.70ms
step:129/1288 train_time:4213ms step_avg:32.66ms
step:130/1288 train_time:4251ms step_avg:32.70ms
step:131/1288 train_time:4279ms step_avg:32.66ms
step:132/1288 train_time:4315ms step_avg:32.69ms
step:133/1288 train_time:4343ms step_avg:32.66ms
step:134/1288 train_time:4381ms step_avg:32.69ms
step:135/1288 train_time:4409ms step_avg:32.66ms
step:136/1288 train_time:4446ms step_avg:32.69ms
step:137/1288 train_time:4474ms step_avg:32.66ms
step:138/1288 train_time:4511ms step_avg:32.69ms
step:139/1288 train_time:4539ms step_avg:32.65ms
step:140/1288 train_time:4576ms step_avg:32.69ms
step:141/1288 train_time:4604ms step_avg:32.65ms
step:142/1288 train_time:4641ms step_avg:32.68ms
step:143/1288 train_time:4669ms step_avg:32.65ms
step:144/1288 train_time:4706ms step_avg:32.68ms
step:145/1288 train_time:4734ms step_avg:32.65ms
step:146/1288 train_time:4771ms step_avg:32.68ms
step:147/1288 train_time:4798ms step_avg:32.64ms
step:148/1288 train_time:4835ms step_avg:32.67ms
step:149/1288 train_time:4863ms step_avg:32.64ms
step:150/1288 train_time:4900ms step_avg:32.67ms
step:151/1288 train_time:4928ms step_avg:32.64ms
step:152/1288 train_time:4965ms step_avg:32.67ms
step:153/1288 train_time:4993ms step_avg:32.63ms
step:154/1288 train_time:5030ms step_avg:32.66ms
step:155/1288 train_time:5058ms step_avg:32.63ms
step:156/1288 train_time:5096ms step_avg:32.66ms
step:157/1288 train_time:5124ms step_avg:32.64ms
step:158/1288 train_time:5161ms step_avg:32.66ms
step:159/1288 train_time:5189ms step_avg:32.63ms
step:160/1288 train_time:5226ms step_avg:32.66ms
step:161/1288 train_time:5254ms step_avg:32.63ms
step:162/1288 train_time:5291ms step_avg:32.66ms
step:163/1288 train_time:5319ms step_avg:32.63ms
step:164/1288 train_time:5355ms step_avg:32.65ms
step:165/1288 train_time:5383ms step_avg:32.63ms
step:166/1288 train_time:5420ms step_avg:32.65ms
step:167/1288 train_time:5448ms step_avg:32.62ms
step:168/1288 train_time:5485ms step_avg:32.65ms
step:169/1288 train_time:5513ms step_avg:32.62ms
step:170/1288 train_time:5551ms step_avg:32.65ms
step:171/1288 train_time:5579ms step_avg:32.63ms
step:172/1288 train_time:5616ms step_avg:32.65ms
step:173/1288 train_time:5644ms step_avg:32.62ms
step:174/1288 train_time:5681ms step_avg:32.65ms
step:175/1288 train_time:5709ms step_avg:32.62ms
step:176/1288 train_time:5747ms step_avg:32.65ms
step:177/1288 train_time:5774ms step_avg:32.62ms
step:178/1288 train_time:5811ms step_avg:32.65ms
step:179/1288 train_time:5839ms step_avg:32.62ms
step:180/1288 train_time:5876ms step_avg:32.64ms
step:181/1288 train_time:5904ms step_avg:32.62ms
step:182/1288 train_time:5940ms step_avg:32.64ms
step:183/1288 train_time:5969ms step_avg:32.62ms
step:184/1288 train_time:6005ms step_avg:32.64ms
step:185/1288 train_time:6033ms step_avg:32.61ms
step:186/1288 train_time:6070ms step_avg:32.64ms
step:187/1288 train_time:6098ms step_avg:32.61ms
step:188/1288 train_time:6135ms step_avg:32.63ms
step:189/1288 train_time:6163ms step_avg:32.61ms
step:190/1288 train_time:6200ms step_avg:32.63ms
step:191/1288 train_time:6228ms step_avg:32.61ms
step:192/1288 train_time:6266ms step_avg:32.63ms
step:193/1288 train_time:6293ms step_avg:32.61ms
step:194/1288 train_time:6331ms step_avg:32.63ms
step:195/1288 train_time:6358ms step_avg:32.61ms
step:196/1288 train_time:6395ms step_avg:32.63ms
step:197/1288 train_time:6423ms step_avg:32.60ms
step:198/1288 train_time:6460ms step_avg:32.63ms
step:199/1288 train_time:6488ms step_avg:32.60ms
step:200/1288 train_time:6525ms step_avg:32.62ms
step:201/1288 train_time:6552ms step_avg:32.60ms
step:202/1288 train_time:6590ms step_avg:32.62ms
step:203/1288 train_time:6618ms step_avg:32.60ms
step:204/1288 train_time:6655ms step_avg:32.62ms
step:205/1288 train_time:6683ms step_avg:32.60ms
step:206/1288 train_time:6720ms step_avg:32.62ms
step:207/1288 train_time:6747ms step_avg:32.60ms
step:208/1288 train_time:6785ms step_avg:32.62ms
step:209/1288 train_time:6813ms step_avg:32.60ms
step:210/1288 train_time:6850ms step_avg:32.62ms
step:211/1288 train_time:6878ms step_avg:32.60ms
step:212/1288 train_time:6915ms step_avg:32.62ms
step:213/1288 train_time:6943ms step_avg:32.60ms
step:214/1288 train_time:6980ms step_avg:32.62ms
step:215/1288 train_time:7008ms step_avg:32.59ms
step:216/1288 train_time:7045ms step_avg:32.61ms
step:217/1288 train_time:7072ms step_avg:32.59ms
step:218/1288 train_time:7110ms step_avg:32.62ms
step:219/1288 train_time:7138ms step_avg:32.59ms
step:220/1288 train_time:7175ms step_avg:32.61ms
step:221/1288 train_time:7203ms step_avg:32.59ms
step:222/1288 train_time:7240ms step_avg:32.61ms
step:223/1288 train_time:7268ms step_avg:32.59ms
step:224/1288 train_time:7305ms step_avg:32.61ms
step:225/1288 train_time:7332ms step_avg:32.59ms
step:226/1288 train_time:7370ms step_avg:32.61ms
step:227/1288 train_time:7398ms step_avg:32.59ms
step:228/1288 train_time:7434ms step_avg:32.61ms
step:229/1288 train_time:7462ms step_avg:32.59ms
step:230/1288 train_time:7499ms step_avg:32.61ms
step:231/1288 train_time:7528ms step_avg:32.59ms
step:232/1288 train_time:7564ms step_avg:32.61ms
step:233/1288 train_time:7593ms step_avg:32.59ms
step:234/1288 train_time:7630ms step_avg:32.61ms
step:235/1288 train_time:7658ms step_avg:32.59ms
step:236/1288 train_time:7694ms step_avg:32.60ms
step:237/1288 train_time:7722ms step_avg:32.58ms
step:238/1288 train_time:7759ms step_avg:32.60ms
step:239/1288 train_time:7787ms step_avg:32.58ms
step:240/1288 train_time:7824ms step_avg:32.60ms
step:241/1288 train_time:7852ms step_avg:32.58ms
step:242/1288 train_time:7889ms step_avg:32.60ms
step:243/1288 train_time:7917ms step_avg:32.58ms
step:244/1288 train_time:7954ms step_avg:32.60ms
step:245/1288 train_time:7982ms step_avg:32.58ms
step:246/1288 train_time:8018ms step_avg:32.60ms
step:247/1288 train_time:8047ms step_avg:32.58ms
step:248/1288 train_time:8084ms step_avg:32.59ms
step:249/1288 train_time:8112ms step_avg:32.58ms
step:250/1288 train_time:8149ms step_avg:32.60ms
step:250/1288 val_loss:4.4141 train_time:8186ms step_avg:32.74ms
step:251/1288 train_time:8205ms step_avg:32.69ms
step:252/1288 train_time:8225ms step_avg:32.64ms
step:253/1288 train_time:8246ms step_avg:32.59ms
step:254/1288 train_time:8285ms step_avg:32.62ms
step:255/1288 train_time:8314ms step_avg:32.60ms
step:256/1288 train_time:8352ms step_avg:32.62ms
step:257/1288 train_time:8379ms step_avg:32.60ms
step:258/1288 train_time:8417ms step_avg:32.62ms
step:259/1288 train_time:8445ms step_avg:32.60ms
step:260/1288 train_time:8483ms step_avg:32.63ms
step:261/1288 train_time:8509ms step_avg:32.60ms
step:262/1288 train_time:8546ms step_avg:32.62ms
step:263/1288 train_time:8574ms step_avg:32.60ms
step:264/1288 train_time:8611ms step_avg:32.62ms
step:265/1288 train_time:8639ms step_avg:32.60ms
step:266/1288 train_time:8676ms step_avg:32.61ms
step:267/1288 train_time:8704ms step_avg:32.60ms
step:268/1288 train_time:8740ms step_avg:32.61ms
step:269/1288 train_time:8768ms step_avg:32.59ms
step:270/1288 train_time:8805ms step_avg:32.61ms
step:271/1288 train_time:8832ms step_avg:32.59ms
step:272/1288 train_time:8869ms step_avg:32.61ms
step:273/1288 train_time:8897ms step_avg:32.59ms
step:274/1288 train_time:8934ms step_avg:32.61ms
step:275/1288 train_time:8962ms step_avg:32.59ms
step:276/1288 train_time:8999ms step_avg:32.60ms
step:277/1288 train_time:9026ms step_avg:32.59ms
step:278/1288 train_time:9063ms step_avg:32.60ms
step:279/1288 train_time:9091ms step_avg:32.58ms
step:280/1288 train_time:9127ms step_avg:32.60ms
step:281/1288 train_time:9155ms step_avg:32.58ms
step:282/1288 train_time:9193ms step_avg:32.60ms
step:283/1288 train_time:9221ms step_avg:32.58ms
step:284/1288 train_time:9258ms step_avg:32.60ms
step:285/1288 train_time:9287ms step_avg:32.59ms
step:286/1288 train_time:9324ms step_avg:32.60ms
step:287/1288 train_time:9352ms step_avg:32.59ms
step:288/1288 train_time:9389ms step_avg:32.60ms
step:289/1288 train_time:9417ms step_avg:32.59ms
step:290/1288 train_time:9454ms step_avg:32.60ms
step:291/1288 train_time:9482ms step_avg:32.58ms
step:292/1288 train_time:9519ms step_avg:32.60ms
step:293/1288 train_time:9547ms step_avg:32.58ms
step:294/1288 train_time:9584ms step_avg:32.60ms
step:295/1288 train_time:9612ms step_avg:32.58ms
step:296/1288 train_time:9648ms step_avg:32.60ms
step:297/1288 train_time:9676ms step_avg:32.58ms
step:298/1288 train_time:9713ms step_avg:32.59ms
step:299/1288 train_time:9741ms step_avg:32.58ms
step:300/1288 train_time:9778ms step_avg:32.59ms
step:301/1288 train_time:9805ms step_avg:32.58ms
step:302/1288 train_time:9842ms step_avg:32.59ms
step:303/1288 train_time:9870ms step_avg:32.57ms
step:304/1288 train_time:9907ms step_avg:32.59ms
step:305/1288 train_time:9935ms step_avg:32.57ms
step:306/1288 train_time:9972ms step_avg:32.59ms
step:307/1288 train_time:10000ms step_avg:32.57ms
step:308/1288 train_time:10036ms step_avg:32.59ms
step:309/1288 train_time:10064ms step_avg:32.57ms
step:310/1288 train_time:10101ms step_avg:32.58ms
step:311/1288 train_time:10129ms step_avg:32.57ms
step:312/1288 train_time:10165ms step_avg:32.58ms
step:313/1288 train_time:10193ms step_avg:32.57ms
step:314/1288 train_time:10230ms step_avg:32.58ms
step:315/1288 train_time:10258ms step_avg:32.56ms
step:316/1288 train_time:10295ms step_avg:32.58ms
step:317/1288 train_time:10323ms step_avg:32.57ms
step:318/1288 train_time:10360ms step_avg:32.58ms
step:319/1288 train_time:10388ms step_avg:32.57ms
step:320/1288 train_time:10425ms step_avg:32.58ms
step:321/1288 train_time:10453ms step_avg:32.56ms
step:322/1288 train_time:10490ms step_avg:32.58ms
step:323/1288 train_time:10518ms step_avg:32.56ms
step:324/1288 train_time:10555ms step_avg:32.58ms
step:325/1288 train_time:10583ms step_avg:32.56ms
step:326/1288 train_time:10620ms step_avg:32.58ms
step:327/1288 train_time:10648ms step_avg:32.56ms
step:328/1288 train_time:10685ms step_avg:32.58ms
step:329/1288 train_time:10713ms step_avg:32.56ms
step:330/1288 train_time:10750ms step_avg:32.57ms
step:331/1288 train_time:10777ms step_avg:32.56ms
step:332/1288 train_time:10814ms step_avg:32.57ms
step:333/1288 train_time:10842ms step_avg:32.56ms
step:334/1288 train_time:10879ms step_avg:32.57ms
step:335/1288 train_time:10907ms step_avg:32.56ms
step:336/1288 train_time:10943ms step_avg:32.57ms
step:337/1288 train_time:10971ms step_avg:32.55ms
step:338/1288 train_time:11008ms step_avg:32.57ms
step:339/1288 train_time:11035ms step_avg:32.55ms
step:340/1288 train_time:11072ms step_avg:32.57ms
step:341/1288 train_time:11100ms step_avg:32.55ms
step:342/1288 train_time:11137ms step_avg:32.56ms
step:343/1288 train_time:11164ms step_avg:32.55ms
step:344/1288 train_time:11201ms step_avg:32.56ms
step:345/1288 train_time:11229ms step_avg:32.55ms
step:346/1288 train_time:11266ms step_avg:32.56ms
step:347/1288 train_time:11293ms step_avg:32.55ms
step:348/1288 train_time:11331ms step_avg:32.56ms
step:349/1288 train_time:11358ms step_avg:32.55ms
step:350/1288 train_time:11396ms step_avg:32.56ms
step:351/1288 train_time:11423ms step_avg:32.55ms
step:352/1288 train_time:11460ms step_avg:32.56ms
step:353/1288 train_time:11489ms step_avg:32.55ms
step:354/1288 train_time:11526ms step_avg:32.56ms
step:355/1288 train_time:11553ms step_avg:32.54ms
step:356/1288 train_time:11591ms step_avg:32.56ms
step:357/1288 train_time:11618ms step_avg:32.54ms
step:358/1288 train_time:11655ms step_avg:32.56ms
step:359/1288 train_time:11683ms step_avg:32.54ms
step:360/1288 train_time:11720ms step_avg:32.56ms
step:361/1288 train_time:11749ms step_avg:32.54ms
step:362/1288 train_time:11785ms step_avg:32.56ms
step:363/1288 train_time:11814ms step_avg:32.54ms
step:364/1288 train_time:11850ms step_avg:32.56ms
step:365/1288 train_time:11878ms step_avg:32.54ms
step:366/1288 train_time:11915ms step_avg:32.56ms
step:367/1288 train_time:11944ms step_avg:32.54ms
step:368/1288 train_time:11980ms step_avg:32.56ms
step:369/1288 train_time:12008ms step_avg:32.54ms
step:370/1288 train_time:12044ms step_avg:32.55ms
step:371/1288 train_time:12072ms step_avg:32.54ms
step:372/1288 train_time:12109ms step_avg:32.55ms
step:373/1288 train_time:12137ms step_avg:32.54ms
step:374/1288 train_time:12174ms step_avg:32.55ms
step:375/1288 train_time:12202ms step_avg:32.54ms
step:376/1288 train_time:12239ms step_avg:32.55ms
step:377/1288 train_time:12266ms step_avg:32.54ms
step:378/1288 train_time:12303ms step_avg:32.55ms
step:379/1288 train_time:12330ms step_avg:32.53ms
step:380/1288 train_time:12368ms step_avg:32.55ms
step:381/1288 train_time:12396ms step_avg:32.53ms
step:382/1288 train_time:12432ms step_avg:32.54ms
step:383/1288 train_time:12460ms step_avg:32.53ms
step:384/1288 train_time:12497ms step_avg:32.55ms
step:385/1288 train_time:12524ms step_avg:32.53ms
step:386/1288 train_time:12561ms step_avg:32.54ms
step:387/1288 train_time:12589ms step_avg:32.53ms
step:388/1288 train_time:12626ms step_avg:32.54ms
step:389/1288 train_time:12654ms step_avg:32.53ms
step:390/1288 train_time:12691ms step_avg:32.54ms
step:391/1288 train_time:12719ms step_avg:32.53ms
step:392/1288 train_time:12756ms step_avg:32.54ms
step:393/1288 train_time:12784ms step_avg:32.53ms
step:394/1288 train_time:12821ms step_avg:32.54ms
step:395/1288 train_time:12849ms step_avg:32.53ms
step:396/1288 train_time:12886ms step_avg:32.54ms
step:397/1288 train_time:12913ms step_avg:32.53ms
step:398/1288 train_time:12951ms step_avg:32.54ms
step:399/1288 train_time:12979ms step_avg:32.53ms
step:400/1288 train_time:13016ms step_avg:32.54ms
step:401/1288 train_time:13044ms step_avg:32.53ms
step:402/1288 train_time:13080ms step_avg:32.54ms
step:403/1288 train_time:13108ms step_avg:32.53ms
step:404/1288 train_time:13145ms step_avg:32.54ms
step:405/1288 train_time:13172ms step_avg:32.52ms
step:406/1288 train_time:13210ms step_avg:32.54ms
step:407/1288 train_time:13238ms step_avg:32.52ms
step:408/1288 train_time:13274ms step_avg:32.54ms
step:409/1288 train_time:13303ms step_avg:32.52ms
step:410/1288 train_time:13340ms step_avg:32.54ms
step:411/1288 train_time:13367ms step_avg:32.52ms
step:412/1288 train_time:13404ms step_avg:32.53ms
step:413/1288 train_time:13432ms step_avg:32.52ms
step:414/1288 train_time:13469ms step_avg:32.53ms
step:415/1288 train_time:13497ms step_avg:32.52ms
step:416/1288 train_time:13533ms step_avg:32.53ms
step:417/1288 train_time:13561ms step_avg:32.52ms
step:418/1288 train_time:13599ms step_avg:32.53ms
step:419/1288 train_time:13627ms step_avg:32.52ms
step:420/1288 train_time:13663ms step_avg:32.53ms
step:421/1288 train_time:13691ms step_avg:32.52ms
step:422/1288 train_time:13728ms step_avg:32.53ms
step:423/1288 train_time:13756ms step_avg:32.52ms
step:424/1288 train_time:13792ms step_avg:32.53ms
step:425/1288 train_time:13822ms step_avg:32.52ms
step:426/1288 train_time:13886ms step_avg:32.60ms
step:427/1288 train_time:13940ms step_avg:32.65ms
step:428/1288 train_time:14001ms step_avg:32.71ms
step:429/1288 train_time:14055ms step_avg:32.76ms
step:430/1288 train_time:14118ms step_avg:32.83ms
step:431/1288 train_time:14172ms step_avg:32.88ms
step:432/1288 train_time:14236ms step_avg:32.95ms
step:433/1288 train_time:14290ms step_avg:33.00ms
step:434/1288 train_time:14352ms step_avg:33.07ms
step:435/1288 train_time:14405ms step_avg:33.12ms
step:436/1288 train_time:14468ms step_avg:33.18ms
step:437/1288 train_time:14521ms step_avg:33.23ms
step:438/1288 train_time:14584ms step_avg:33.30ms
step:439/1288 train_time:14638ms step_avg:33.34ms
step:440/1288 train_time:14700ms step_avg:33.41ms
step:441/1288 train_time:14753ms step_avg:33.45ms
step:442/1288 train_time:14817ms step_avg:33.52ms
step:443/1288 train_time:14870ms step_avg:33.57ms
step:444/1288 train_time:14933ms step_avg:33.63ms
step:445/1288 train_time:14986ms step_avg:33.68ms
step:446/1288 train_time:15049ms step_avg:33.74ms
step:447/1288 train_time:15102ms step_avg:33.78ms
step:448/1288 train_time:15164ms step_avg:33.85ms
step:449/1288 train_time:15217ms step_avg:33.89ms
step:450/1288 train_time:15280ms step_avg:33.96ms
step:451/1288 train_time:15334ms step_avg:34.00ms
step:452/1288 train_time:15397ms step_avg:34.06ms
step:453/1288 train_time:15450ms step_avg:34.11ms
step:454/1288 train_time:15513ms step_avg:34.17ms
step:455/1288 train_time:15568ms step_avg:34.22ms
step:456/1288 train_time:15630ms step_avg:34.28ms
step:457/1288 train_time:15684ms step_avg:34.32ms
step:458/1288 train_time:15746ms step_avg:34.38ms
step:459/1288 train_time:15800ms step_avg:34.42ms
step:460/1288 train_time:15862ms step_avg:34.48ms
step:461/1288 train_time:15916ms step_avg:34.52ms
step:462/1288 train_time:15978ms step_avg:34.58ms
step:463/1288 train_time:16031ms step_avg:34.62ms
step:464/1288 train_time:16094ms step_avg:34.68ms
step:465/1288 train_time:16148ms step_avg:34.73ms
step:466/1288 train_time:16210ms step_avg:34.78ms
step:467/1288 train_time:16264ms step_avg:34.83ms
step:468/1288 train_time:16325ms step_avg:34.88ms
step:469/1288 train_time:16380ms step_avg:34.92ms
step:470/1288 train_time:16442ms step_avg:34.98ms
step:471/1288 train_time:16495ms step_avg:35.02ms
step:472/1288 train_time:16559ms step_avg:35.08ms
step:473/1288 train_time:16613ms step_avg:35.12ms
step:474/1288 train_time:16677ms step_avg:35.18ms
step:475/1288 train_time:16731ms step_avg:35.22ms
step:476/1288 train_time:16793ms step_avg:35.28ms
step:477/1288 train_time:16849ms step_avg:35.32ms
step:478/1288 train_time:16911ms step_avg:35.38ms
step:479/1288 train_time:16963ms step_avg:35.41ms
step:480/1288 train_time:17025ms step_avg:35.47ms
step:481/1288 train_time:17078ms step_avg:35.51ms
step:482/1288 train_time:17141ms step_avg:35.56ms
step:483/1288 train_time:17195ms step_avg:35.60ms
step:484/1288 train_time:17258ms step_avg:35.66ms
step:485/1288 train_time:17311ms step_avg:35.69ms
step:486/1288 train_time:17374ms step_avg:35.75ms
step:487/1288 train_time:17429ms step_avg:35.79ms
step:488/1288 train_time:17491ms step_avg:35.84ms
step:489/1288 train_time:17545ms step_avg:35.88ms
step:490/1288 train_time:17606ms step_avg:35.93ms
step:491/1288 train_time:17661ms step_avg:35.97ms
step:492/1288 train_time:17722ms step_avg:36.02ms
step:493/1288 train_time:17776ms step_avg:36.06ms
step:494/1288 train_time:17840ms step_avg:36.11ms
step:495/1288 train_time:17893ms step_avg:36.15ms
step:496/1288 train_time:17955ms step_avg:36.20ms
step:497/1288 train_time:18010ms step_avg:36.24ms
step:498/1288 train_time:18072ms step_avg:36.29ms
step:499/1288 train_time:18126ms step_avg:36.32ms
step:500/1288 train_time:18187ms step_avg:36.37ms
step:500/1288 val_loss:4.0807 train_time:18252ms step_avg:36.50ms
step:501/1288 train_time:18272ms step_avg:36.47ms
step:502/1288 train_time:18306ms step_avg:36.47ms
step:503/1288 train_time:18365ms step_avg:36.51ms
step:504/1288 train_time:18429ms step_avg:36.57ms
step:505/1288 train_time:18484ms step_avg:36.60ms
step:506/1288 train_time:18547ms step_avg:36.65ms
step:507/1288 train_time:18600ms step_avg:36.69ms
step:508/1288 train_time:18662ms step_avg:36.74ms
step:509/1288 train_time:18715ms step_avg:36.77ms
step:510/1288 train_time:18777ms step_avg:36.82ms
step:511/1288 train_time:18830ms step_avg:36.85ms
step:512/1288 train_time:18892ms step_avg:36.90ms
step:513/1288 train_time:18945ms step_avg:36.93ms
step:514/1288 train_time:19007ms step_avg:36.98ms
step:515/1288 train_time:19060ms step_avg:37.01ms
step:516/1288 train_time:19121ms step_avg:37.06ms
step:517/1288 train_time:19175ms step_avg:37.09ms
step:518/1288 train_time:19237ms step_avg:37.14ms
step:519/1288 train_time:19293ms step_avg:37.17ms
step:520/1288 train_time:19357ms step_avg:37.23ms
step:521/1288 train_time:19412ms step_avg:37.26ms
step:522/1288 train_time:19476ms step_avg:37.31ms
step:523/1288 train_time:19530ms step_avg:37.34ms
step:524/1288 train_time:19594ms step_avg:37.39ms
step:525/1288 train_time:19648ms step_avg:37.42ms
step:526/1288 train_time:19710ms step_avg:37.47ms
step:527/1288 train_time:19763ms step_avg:37.50ms
step:528/1288 train_time:19823ms step_avg:37.54ms
step:529/1288 train_time:19877ms step_avg:37.57ms
step:530/1288 train_time:19939ms step_avg:37.62ms
step:531/1288 train_time:19993ms step_avg:37.65ms
step:532/1288 train_time:20055ms step_avg:37.70ms
step:533/1288 train_time:20109ms step_avg:37.73ms
step:534/1288 train_time:20170ms step_avg:37.77ms
step:535/1288 train_time:20225ms step_avg:37.80ms
step:536/1288 train_time:20288ms step_avg:37.85ms
step:537/1288 train_time:20343ms step_avg:37.88ms
step:538/1288 train_time:20405ms step_avg:37.93ms
step:539/1288 train_time:20460ms step_avg:37.96ms
step:540/1288 train_time:20522ms step_avg:38.00ms
step:541/1288 train_time:20577ms step_avg:38.03ms
step:542/1288 train_time:20639ms step_avg:38.08ms
step:543/1288 train_time:20692ms step_avg:38.11ms
step:544/1288 train_time:20756ms step_avg:38.15ms
step:545/1288 train_time:20809ms step_avg:38.18ms
step:546/1288 train_time:20872ms step_avg:38.23ms
step:547/1288 train_time:20924ms step_avg:38.25ms
step:548/1288 train_time:20986ms step_avg:38.30ms
step:549/1288 train_time:21039ms step_avg:38.32ms
step:550/1288 train_time:21101ms step_avg:38.37ms
step:551/1288 train_time:21155ms step_avg:38.39ms
step:552/1288 train_time:21218ms step_avg:38.44ms
step:553/1288 train_time:21272ms step_avg:38.47ms
step:554/1288 train_time:21336ms step_avg:38.51ms
step:555/1288 train_time:21390ms step_avg:38.54ms
step:556/1288 train_time:21453ms step_avg:38.59ms
step:557/1288 train_time:21509ms step_avg:38.62ms
step:558/1288 train_time:21572ms step_avg:38.66ms
step:559/1288 train_time:21625ms step_avg:38.69ms
step:560/1288 train_time:21687ms step_avg:38.73ms
step:561/1288 train_time:21741ms step_avg:38.75ms
step:562/1288 train_time:21803ms step_avg:38.79ms
step:563/1288 train_time:21856ms step_avg:38.82ms
step:564/1288 train_time:21918ms step_avg:38.86ms
step:565/1288 train_time:21971ms step_avg:38.89ms
step:566/1288 train_time:22034ms step_avg:38.93ms
step:567/1288 train_time:22088ms step_avg:38.96ms
step:568/1288 train_time:22150ms step_avg:39.00ms
step:569/1288 train_time:22204ms step_avg:39.02ms
step:570/1288 train_time:22266ms step_avg:39.06ms
step:571/1288 train_time:22320ms step_avg:39.09ms
step:572/1288 train_time:22381ms step_avg:39.13ms
step:573/1288 train_time:22436ms step_avg:39.16ms
step:574/1288 train_time:22498ms step_avg:39.20ms
step:575/1288 train_time:22553ms step_avg:39.22ms
step:576/1288 train_time:22616ms step_avg:39.26ms
step:577/1288 train_time:22670ms step_avg:39.29ms
step:578/1288 train_time:22733ms step_avg:39.33ms
step:579/1288 train_time:22788ms step_avg:39.36ms
step:580/1288 train_time:22850ms step_avg:39.40ms
step:581/1288 train_time:22904ms step_avg:39.42ms
step:582/1288 train_time:22966ms step_avg:39.46ms
step:583/1288 train_time:23019ms step_avg:39.48ms
step:584/1288 train_time:23080ms step_avg:39.52ms
step:585/1288 train_time:23134ms step_avg:39.55ms
step:586/1288 train_time:23197ms step_avg:39.59ms
step:587/1288 train_time:23252ms step_avg:39.61ms
step:588/1288 train_time:23313ms step_avg:39.65ms
step:589/1288 train_time:23368ms step_avg:39.67ms
step:590/1288 train_time:23429ms step_avg:39.71ms
step:591/1288 train_time:23485ms step_avg:39.74ms
step:592/1288 train_time:23548ms step_avg:39.78ms
step:593/1288 train_time:23602ms step_avg:39.80ms
step:594/1288 train_time:23663ms step_avg:39.84ms
step:595/1288 train_time:23717ms step_avg:39.86ms
step:596/1288 train_time:23779ms step_avg:39.90ms
step:597/1288 train_time:23832ms step_avg:39.92ms
step:598/1288 train_time:23895ms step_avg:39.96ms
step:599/1288 train_time:23949ms step_avg:39.98ms
step:600/1288 train_time:24012ms step_avg:40.02ms
step:601/1288 train_time:24066ms step_avg:40.04ms
step:602/1288 train_time:24127ms step_avg:40.08ms
step:603/1288 train_time:24181ms step_avg:40.10ms
step:604/1288 train_time:24242ms step_avg:40.14ms
step:605/1288 train_time:24297ms step_avg:40.16ms
step:606/1288 train_time:24359ms step_avg:40.20ms
step:607/1288 train_time:24414ms step_avg:40.22ms
step:608/1288 train_time:24476ms step_avg:40.26ms
step:609/1288 train_time:24531ms step_avg:40.28ms
step:610/1288 train_time:24593ms step_avg:40.32ms
step:611/1288 train_time:24648ms step_avg:40.34ms
step:612/1288 train_time:24710ms step_avg:40.38ms
step:613/1288 train_time:24764ms step_avg:40.40ms
step:614/1288 train_time:24826ms step_avg:40.43ms
step:615/1288 train_time:24879ms step_avg:40.45ms
step:616/1288 train_time:24941ms step_avg:40.49ms
step:617/1288 train_time:24996ms step_avg:40.51ms
step:618/1288 train_time:25058ms step_avg:40.55ms
step:619/1288 train_time:25111ms step_avg:40.57ms
step:620/1288 train_time:25174ms step_avg:40.60ms
step:621/1288 train_time:25228ms step_avg:40.62ms
step:622/1288 train_time:25290ms step_avg:40.66ms
step:623/1288 train_time:25345ms step_avg:40.68ms
step:624/1288 train_time:25407ms step_avg:40.72ms
step:625/1288 train_time:25461ms step_avg:40.74ms
step:626/1288 train_time:25522ms step_avg:40.77ms
step:627/1288 train_time:25576ms step_avg:40.79ms
step:628/1288 train_time:25638ms step_avg:40.82ms
step:629/1288 train_time:25692ms step_avg:40.85ms
step:630/1288 train_time:25755ms step_avg:40.88ms
step:631/1288 train_time:25809ms step_avg:40.90ms
step:632/1288 train_time:25872ms step_avg:40.94ms
step:633/1288 train_time:25926ms step_avg:40.96ms
step:634/1288 train_time:25988ms step_avg:40.99ms
step:635/1288 train_time:26041ms step_avg:41.01ms
step:636/1288 train_time:26102ms step_avg:41.04ms
step:637/1288 train_time:26157ms step_avg:41.06ms
step:638/1288 train_time:26218ms step_avg:41.09ms
step:639/1288 train_time:26273ms step_avg:41.12ms
step:640/1288 train_time:26336ms step_avg:41.15ms
step:641/1288 train_time:26391ms step_avg:41.17ms
step:642/1288 train_time:26453ms step_avg:41.20ms
step:643/1288 train_time:26508ms step_avg:41.23ms
step:644/1288 train_time:26571ms step_avg:41.26ms
step:645/1288 train_time:26625ms step_avg:41.28ms
step:646/1288 train_time:26687ms step_avg:41.31ms
step:647/1288 train_time:26741ms step_avg:41.33ms
step:648/1288 train_time:26802ms step_avg:41.36ms
step:649/1288 train_time:26856ms step_avg:41.38ms
step:650/1288 train_time:26918ms step_avg:41.41ms
step:651/1288 train_time:26972ms step_avg:41.43ms
step:652/1288 train_time:27035ms step_avg:41.46ms
step:653/1288 train_time:27089ms step_avg:41.48ms
step:654/1288 train_time:27152ms step_avg:41.52ms
step:655/1288 train_time:27205ms step_avg:41.54ms
step:656/1288 train_time:27267ms step_avg:41.57ms
step:657/1288 train_time:27321ms step_avg:41.59ms
step:658/1288 train_time:27383ms step_avg:41.62ms
step:659/1288 train_time:27436ms step_avg:41.63ms
step:660/1288 train_time:27499ms step_avg:41.67ms
step:661/1288 train_time:27553ms step_avg:41.68ms
step:662/1288 train_time:27617ms step_avg:41.72ms
step:663/1288 train_time:27671ms step_avg:41.74ms
step:664/1288 train_time:27733ms step_avg:41.77ms
step:665/1288 train_time:27788ms step_avg:41.79ms
step:666/1288 train_time:27850ms step_avg:41.82ms
step:667/1288 train_time:27904ms step_avg:41.84ms
step:668/1288 train_time:27966ms step_avg:41.87ms
step:669/1288 train_time:28020ms step_avg:41.88ms
step:670/1288 train_time:28081ms step_avg:41.91ms
step:671/1288 train_time:28135ms step_avg:41.93ms
step:672/1288 train_time:28197ms step_avg:41.96ms
step:673/1288 train_time:28251ms step_avg:41.98ms
step:674/1288 train_time:28314ms step_avg:42.01ms
step:675/1288 train_time:28368ms step_avg:42.03ms
step:676/1288 train_time:28431ms step_avg:42.06ms
step:677/1288 train_time:28485ms step_avg:42.08ms
step:678/1288 train_time:28547ms step_avg:42.10ms
step:679/1288 train_time:28600ms step_avg:42.12ms
step:680/1288 train_time:28662ms step_avg:42.15ms
step:681/1288 train_time:28716ms step_avg:42.17ms
step:682/1288 train_time:28778ms step_avg:42.20ms
step:683/1288 train_time:28832ms step_avg:42.21ms
step:684/1288 train_time:28896ms step_avg:42.24ms
step:685/1288 train_time:28950ms step_avg:42.26ms
step:686/1288 train_time:29013ms step_avg:42.29ms
step:687/1288 train_time:29067ms step_avg:42.31ms
step:688/1288 train_time:29129ms step_avg:42.34ms
step:689/1288 train_time:29183ms step_avg:42.36ms
step:690/1288 train_time:29245ms step_avg:42.38ms
step:691/1288 train_time:29298ms step_avg:42.40ms
step:692/1288 train_time:29360ms step_avg:42.43ms
step:693/1288 train_time:29414ms step_avg:42.45ms
step:694/1288 train_time:29477ms step_avg:42.47ms
step:695/1288 train_time:29530ms step_avg:42.49ms
step:696/1288 train_time:29594ms step_avg:42.52ms
step:697/1288 train_time:29647ms step_avg:42.54ms
step:698/1288 train_time:29710ms step_avg:42.56ms
step:699/1288 train_time:29764ms step_avg:42.58ms
step:700/1288 train_time:29825ms step_avg:42.61ms
step:701/1288 train_time:29880ms step_avg:42.62ms
step:702/1288 train_time:29941ms step_avg:42.65ms
step:703/1288 train_time:29996ms step_avg:42.67ms
step:704/1288 train_time:30058ms step_avg:42.70ms
step:705/1288 train_time:30112ms step_avg:42.71ms
step:706/1288 train_time:30175ms step_avg:42.74ms
step:707/1288 train_time:30229ms step_avg:42.76ms
step:708/1288 train_time:30292ms step_avg:42.79ms
step:709/1288 train_time:30346ms step_avg:42.80ms
step:710/1288 train_time:30408ms step_avg:42.83ms
step:711/1288 train_time:30463ms step_avg:42.84ms
step:712/1288 train_time:30524ms step_avg:42.87ms
step:713/1288 train_time:30578ms step_avg:42.89ms
step:714/1288 train_time:30639ms step_avg:42.91ms
step:715/1288 train_time:30694ms step_avg:42.93ms
step:716/1288 train_time:30756ms step_avg:42.96ms
step:717/1288 train_time:30810ms step_avg:42.97ms
step:718/1288 train_time:30873ms step_avg:43.00ms
step:719/1288 train_time:30927ms step_avg:43.01ms
step:720/1288 train_time:30989ms step_avg:43.04ms
step:721/1288 train_time:31043ms step_avg:43.06ms
step:722/1288 train_time:31105ms step_avg:43.08ms
step:723/1288 train_time:31158ms step_avg:43.10ms
step:724/1288 train_time:31219ms step_avg:43.12ms
step:725/1288 train_time:31273ms step_avg:43.14ms
step:726/1288 train_time:31335ms step_avg:43.16ms
step:727/1288 train_time:31389ms step_avg:43.18ms
step:728/1288 train_time:31453ms step_avg:43.20ms
step:729/1288 train_time:31507ms step_avg:43.22ms
step:730/1288 train_time:31570ms step_avg:43.25ms
step:731/1288 train_time:31624ms step_avg:43.26ms
step:732/1288 train_time:31686ms step_avg:43.29ms
step:733/1288 train_time:31740ms step_avg:43.30ms
step:734/1288 train_time:31801ms step_avg:43.33ms
step:735/1288 train_time:31856ms step_avg:43.34ms
step:736/1288 train_time:31917ms step_avg:43.37ms
step:737/1288 train_time:31971ms step_avg:43.38ms
step:738/1288 train_time:32033ms step_avg:43.41ms
step:739/1288 train_time:32089ms step_avg:43.42ms
step:740/1288 train_time:32152ms step_avg:43.45ms
step:741/1288 train_time:32205ms step_avg:43.46ms
step:742/1288 train_time:32267ms step_avg:43.49ms
step:743/1288 train_time:32321ms step_avg:43.50ms
step:744/1288 train_time:32383ms step_avg:43.53ms
step:745/1288 train_time:32437ms step_avg:43.54ms
step:746/1288 train_time:32499ms step_avg:43.56ms
step:747/1288 train_time:32554ms step_avg:43.58ms
step:748/1288 train_time:32616ms step_avg:43.60ms
step:749/1288 train_time:32670ms step_avg:43.62ms
step:750/1288 train_time:32732ms step_avg:43.64ms
step:750/1288 val_loss:3.6643 train_time:32797ms step_avg:43.73ms
step:751/1288 train_time:32816ms step_avg:43.70ms
step:752/1288 train_time:32850ms step_avg:43.68ms
step:753/1288 train_time:32906ms step_avg:43.70ms
step:754/1288 train_time:32971ms step_avg:43.73ms
step:755/1288 train_time:33025ms step_avg:43.74ms
step:756/1288 train_time:33087ms step_avg:43.77ms
step:757/1288 train_time:33139ms step_avg:43.78ms
step:758/1288 train_time:33200ms step_avg:43.80ms
step:759/1288 train_time:33255ms step_avg:43.81ms
step:760/1288 train_time:33317ms step_avg:43.84ms
step:761/1288 train_time:33370ms step_avg:43.85ms
step:762/1288 train_time:33432ms step_avg:43.87ms
step:763/1288 train_time:33485ms step_avg:43.89ms
step:764/1288 train_time:33546ms step_avg:43.91ms
step:765/1288 train_time:33601ms step_avg:43.92ms
step:766/1288 train_time:33663ms step_avg:43.95ms
step:767/1288 train_time:33717ms step_avg:43.96ms
step:768/1288 train_time:33780ms step_avg:43.98ms
step:769/1288 train_time:33834ms step_avg:44.00ms
step:770/1288 train_time:33898ms step_avg:44.02ms
step:771/1288 train_time:33955ms step_avg:44.04ms
step:772/1288 train_time:34018ms step_avg:44.06ms
step:773/1288 train_time:34072ms step_avg:44.08ms
step:774/1288 train_time:34135ms step_avg:44.10ms
step:775/1288 train_time:34188ms step_avg:44.11ms
step:776/1288 train_time:34250ms step_avg:44.14ms
step:777/1288 train_time:34304ms step_avg:44.15ms
step:778/1288 train_time:34365ms step_avg:44.17ms
step:779/1288 train_time:34418ms step_avg:44.18ms
step:780/1288 train_time:34480ms step_avg:44.21ms
step:781/1288 train_time:34533ms step_avg:44.22ms
step:782/1288 train_time:34596ms step_avg:44.24ms
step:783/1288 train_time:34649ms step_avg:44.25ms
step:784/1288 train_time:34712ms step_avg:44.28ms
step:785/1288 train_time:34767ms step_avg:44.29ms
step:786/1288 train_time:34831ms step_avg:44.31ms
step:787/1288 train_time:34887ms step_avg:44.33ms
step:788/1288 train_time:34949ms step_avg:44.35ms
step:789/1288 train_time:35003ms step_avg:44.36ms
step:790/1288 train_time:35066ms step_avg:44.39ms
step:791/1288 train_time:35120ms step_avg:44.40ms
step:792/1288 train_time:35181ms step_avg:44.42ms
step:793/1288 train_time:35235ms step_avg:44.43ms
step:794/1288 train_time:35298ms step_avg:44.46ms
step:795/1288 train_time:35350ms step_avg:44.47ms
step:796/1288 train_time:35413ms step_avg:44.49ms
step:797/1288 train_time:35466ms step_avg:44.50ms
step:798/1288 train_time:35529ms step_avg:44.52ms
step:799/1288 train_time:35583ms step_avg:44.53ms
step:800/1288 train_time:35644ms step_avg:44.56ms
step:801/1288 train_time:35698ms step_avg:44.57ms
step:802/1288 train_time:35760ms step_avg:44.59ms
step:803/1288 train_time:35815ms step_avg:44.60ms
step:804/1288 train_time:35877ms step_avg:44.62ms
step:805/1288 train_time:35932ms step_avg:44.64ms
step:806/1288 train_time:35995ms step_avg:44.66ms
step:807/1288 train_time:36050ms step_avg:44.67ms
step:808/1288 train_time:36112ms step_avg:44.69ms
step:809/1288 train_time:36166ms step_avg:44.70ms
step:810/1288 train_time:36229ms step_avg:44.73ms
step:811/1288 train_time:36283ms step_avg:44.74ms
step:812/1288 train_time:36345ms step_avg:44.76ms
step:813/1288 train_time:36399ms step_avg:44.77ms
step:814/1288 train_time:36461ms step_avg:44.79ms
step:815/1288 train_time:36515ms step_avg:44.80ms
step:816/1288 train_time:36576ms step_avg:44.82ms
step:817/1288 train_time:36629ms step_avg:44.83ms
step:818/1288 train_time:36692ms step_avg:44.86ms
step:819/1288 train_time:36747ms step_avg:44.87ms
step:820/1288 train_time:36808ms step_avg:44.89ms
step:821/1288 train_time:36863ms step_avg:44.90ms
step:822/1288 train_time:36926ms step_avg:44.92ms
step:823/1288 train_time:36979ms step_avg:44.93ms
step:824/1288 train_time:37041ms step_avg:44.95ms
step:825/1288 train_time:37095ms step_avg:44.96ms
step:826/1288 train_time:37158ms step_avg:44.99ms
step:827/1288 train_time:37212ms step_avg:45.00ms
step:828/1288 train_time:37273ms step_avg:45.02ms
step:829/1288 train_time:37328ms step_avg:45.03ms
step:830/1288 train_time:37391ms step_avg:45.05ms
step:831/1288 train_time:37445ms step_avg:45.06ms
step:832/1288 train_time:37506ms step_avg:45.08ms
step:833/1288 train_time:37560ms step_avg:45.09ms
step:834/1288 train_time:37622ms step_avg:45.11ms
step:835/1288 train_time:37676ms step_avg:45.12ms
step:836/1288 train_time:37737ms step_avg:45.14ms
step:837/1288 train_time:37791ms step_avg:45.15ms
step:838/1288 train_time:37855ms step_avg:45.17ms
step:839/1288 train_time:37909ms step_avg:45.18ms
step:840/1288 train_time:37971ms step_avg:45.20ms
step:841/1288 train_time:38025ms step_avg:45.21ms
step:842/1288 train_time:38087ms step_avg:45.23ms
step:843/1288 train_time:38141ms step_avg:45.24ms
step:844/1288 train_time:38203ms step_avg:45.26ms
step:845/1288 train_time:38258ms step_avg:45.28ms
step:846/1288 train_time:38320ms step_avg:45.30ms
step:847/1288 train_time:38374ms step_avg:45.31ms
step:848/1288 train_time:38436ms step_avg:45.33ms
step:849/1288 train_time:38489ms step_avg:45.33ms
step:850/1288 train_time:38555ms step_avg:45.36ms
step:851/1288 train_time:38637ms step_avg:45.40ms
step:852/1288 train_time:38725ms step_avg:45.45ms
step:853/1288 train_time:38806ms step_avg:45.49ms
step:854/1288 train_time:38894ms step_avg:45.54ms
step:855/1288 train_time:38975ms step_avg:45.59ms
step:856/1288 train_time:39062ms step_avg:45.63ms
step:857/1288 train_time:39143ms step_avg:45.67ms
step:858/1288 train_time:39231ms step_avg:45.72ms
step:859/1288 train_time:39313ms step_avg:45.77ms
step:860/1288 train_time:39400ms step_avg:45.81ms
step:861/1288 train_time:39481ms step_avg:45.85ms
step:862/1288 train_time:39568ms step_avg:45.90ms
step:863/1288 train_time:39650ms step_avg:45.94ms
step:864/1288 train_time:39736ms step_avg:45.99ms
step:865/1288 train_time:39817ms step_avg:46.03ms
step:866/1288 train_time:39905ms step_avg:46.08ms
step:867/1288 train_time:39986ms step_avg:46.12ms
step:868/1288 train_time:40074ms step_avg:46.17ms
step:869/1288 train_time:40155ms step_avg:46.21ms
step:870/1288 train_time:40242ms step_avg:46.26ms
step:871/1288 train_time:40322ms step_avg:46.29ms
step:872/1288 train_time:40410ms step_avg:46.34ms
step:873/1288 train_time:40491ms step_avg:46.38ms
step:874/1288 train_time:40578ms step_avg:46.43ms
step:875/1288 train_time:40658ms step_avg:46.47ms
step:876/1288 train_time:40745ms step_avg:46.51ms
step:877/1288 train_time:40828ms step_avg:46.55ms
step:878/1288 train_time:40916ms step_avg:46.60ms
step:879/1288 train_time:40996ms step_avg:46.64ms
step:880/1288 train_time:41083ms step_avg:46.69ms
step:881/1288 train_time:41164ms step_avg:46.72ms
step:882/1288 train_time:41252ms step_avg:46.77ms
step:883/1288 train_time:41332ms step_avg:46.81ms
step:884/1288 train_time:41419ms step_avg:46.85ms
step:885/1288 train_time:41501ms step_avg:46.89ms
step:886/1288 train_time:41587ms step_avg:46.94ms
step:887/1288 train_time:41671ms step_avg:46.98ms
step:888/1288 train_time:41757ms step_avg:47.02ms
step:889/1288 train_time:41837ms step_avg:47.06ms
step:890/1288 train_time:41926ms step_avg:47.11ms
step:891/1288 train_time:42007ms step_avg:47.15ms
step:892/1288 train_time:42095ms step_avg:47.19ms
step:893/1288 train_time:42176ms step_avg:47.23ms
step:894/1288 train_time:42262ms step_avg:47.27ms
step:895/1288 train_time:42342ms step_avg:47.31ms
step:896/1288 train_time:42430ms step_avg:47.36ms
step:897/1288 train_time:42512ms step_avg:47.39ms
step:898/1288 train_time:42599ms step_avg:47.44ms
step:899/1288 train_time:42681ms step_avg:47.48ms
step:900/1288 train_time:42767ms step_avg:47.52ms
step:901/1288 train_time:42849ms step_avg:47.56ms
step:902/1288 train_time:42936ms step_avg:47.60ms
step:903/1288 train_time:43017ms step_avg:47.64ms
step:904/1288 train_time:43104ms step_avg:47.68ms
step:905/1288 train_time:43185ms step_avg:47.72ms
step:906/1288 train_time:43274ms step_avg:47.76ms
step:907/1288 train_time:43355ms step_avg:47.80ms
step:908/1288 train_time:43441ms step_avg:47.84ms
step:909/1288 train_time:43522ms step_avg:47.88ms
step:910/1288 train_time:43611ms step_avg:47.92ms
step:911/1288 train_time:43692ms step_avg:47.96ms
step:912/1288 train_time:43780ms step_avg:48.00ms
step:913/1288 train_time:43860ms step_avg:48.04ms
step:914/1288 train_time:43948ms step_avg:48.08ms
step:915/1288 train_time:44031ms step_avg:48.12ms
step:916/1288 train_time:44119ms step_avg:48.17ms
step:917/1288 train_time:44200ms step_avg:48.20ms
step:918/1288 train_time:44287ms step_avg:48.24ms
step:919/1288 train_time:44369ms step_avg:48.28ms
step:920/1288 train_time:44457ms step_avg:48.32ms
step:921/1288 train_time:44538ms step_avg:48.36ms
step:922/1288 train_time:44625ms step_avg:48.40ms
step:923/1288 train_time:44707ms step_avg:48.44ms
step:924/1288 train_time:44795ms step_avg:48.48ms
step:925/1288 train_time:44876ms step_avg:48.51ms
step:926/1288 train_time:44964ms step_avg:48.56ms
step:927/1288 train_time:45044ms step_avg:48.59ms
step:928/1288 train_time:45132ms step_avg:48.63ms
step:929/1288 train_time:45213ms step_avg:48.67ms
step:930/1288 train_time:45301ms step_avg:48.71ms
step:931/1288 train_time:45382ms step_avg:48.75ms
step:932/1288 train_time:45469ms step_avg:48.79ms
step:933/1288 train_time:45551ms step_avg:48.82ms
step:934/1288 train_time:45638ms step_avg:48.86ms
step:935/1288 train_time:45719ms step_avg:48.90ms
step:936/1288 train_time:45807ms step_avg:48.94ms
step:937/1288 train_time:45888ms step_avg:48.97ms
step:938/1288 train_time:45977ms step_avg:49.02ms
step:939/1288 train_time:46057ms step_avg:49.05ms
step:940/1288 train_time:46143ms step_avg:49.09ms
step:941/1288 train_time:46224ms step_avg:49.12ms
step:942/1288 train_time:46313ms step_avg:49.16ms
step:943/1288 train_time:46395ms step_avg:49.20ms
step:944/1288 train_time:46482ms step_avg:49.24ms
step:945/1288 train_time:46562ms step_avg:49.27ms
step:946/1288 train_time:46650ms step_avg:49.31ms
step:947/1288 train_time:46732ms step_avg:49.35ms
step:948/1288 train_time:46820ms step_avg:49.39ms
step:949/1288 train_time:46901ms step_avg:49.42ms
step:950/1288 train_time:46988ms step_avg:49.46ms
step:951/1288 train_time:47069ms step_avg:49.49ms
step:952/1288 train_time:47157ms step_avg:49.53ms
step:953/1288 train_time:47237ms step_avg:49.57ms
step:954/1288 train_time:47325ms step_avg:49.61ms
step:955/1288 train_time:47405ms step_avg:49.64ms
step:956/1288 train_time:47492ms step_avg:49.68ms
step:957/1288 train_time:47574ms step_avg:49.71ms
step:958/1288 train_time:47661ms step_avg:49.75ms
step:959/1288 train_time:47741ms step_avg:49.78ms
step:960/1288 train_time:47831ms step_avg:49.82ms
step:961/1288 train_time:47912ms step_avg:49.86ms
step:962/1288 train_time:47999ms step_avg:49.89ms
step:963/1288 train_time:48081ms step_avg:49.93ms
step:964/1288 train_time:48169ms step_avg:49.97ms
step:965/1288 train_time:48251ms step_avg:50.00ms
step:966/1288 train_time:48339ms step_avg:50.04ms
step:967/1288 train_time:48419ms step_avg:50.07ms
step:968/1288 train_time:48506ms step_avg:50.11ms
step:969/1288 train_time:48588ms step_avg:50.14ms
step:970/1288 train_time:48676ms step_avg:50.18ms
step:971/1288 train_time:48756ms step_avg:50.21ms
step:972/1288 train_time:48843ms step_avg:50.25ms
step:973/1288 train_time:48924ms step_avg:50.28ms
step:974/1288 train_time:49013ms step_avg:50.32ms
step:975/1288 train_time:49093ms step_avg:50.35ms
step:976/1288 train_time:49183ms step_avg:50.39ms
step:977/1288 train_time:49263ms step_avg:50.42ms
step:978/1288 train_time:49350ms step_avg:50.46ms
step:979/1288 train_time:49432ms step_avg:50.49ms
step:980/1288 train_time:49519ms step_avg:50.53ms
step:981/1288 train_time:49601ms step_avg:50.56ms
step:982/1288 train_time:49688ms step_avg:50.60ms
step:983/1288 train_time:49770ms step_avg:50.63ms
step:984/1288 train_time:49857ms step_avg:50.67ms
step:985/1288 train_time:49937ms step_avg:50.70ms
step:986/1288 train_time:50025ms step_avg:50.74ms
step:987/1288 train_time:50107ms step_avg:50.77ms
step:988/1288 train_time:50195ms step_avg:50.81ms
step:989/1288 train_time:50276ms step_avg:50.84ms
step:990/1288 train_time:50363ms step_avg:50.87ms
step:991/1288 train_time:50444ms step_avg:50.90ms
step:992/1288 train_time:50532ms step_avg:50.94ms
step:993/1288 train_time:50615ms step_avg:50.97ms
step:994/1288 train_time:50702ms step_avg:51.01ms
step:995/1288 train_time:50782ms step_avg:51.04ms
step:996/1288 train_time:50869ms step_avg:51.07ms
step:997/1288 train_time:50951ms step_avg:51.10ms
step:998/1288 train_time:51038ms step_avg:51.14ms
step:999/1288 train_time:51119ms step_avg:51.17ms
step:1000/1288 train_time:51206ms step_avg:51.21ms
step:1000/1288 val_loss:3.4181 train_time:51297ms step_avg:51.30ms
step:1001/1288 train_time:51317ms step_avg:51.27ms
step:1002/1288 train_time:51378ms step_avg:51.28ms
step:1003/1288 train_time:51459ms step_avg:51.30ms
step:1004/1288 train_time:51548ms step_avg:51.34ms
step:1005/1288 train_time:51629ms step_avg:51.37ms
step:1006/1288 train_time:51717ms step_avg:51.41ms
step:1007/1288 train_time:51799ms step_avg:51.44ms
step:1008/1288 train_time:51886ms step_avg:51.47ms
step:1009/1288 train_time:51966ms step_avg:51.50ms
step:1010/1288 train_time:52053ms step_avg:51.54ms
step:1011/1288 train_time:52134ms step_avg:51.57ms
step:1012/1288 train_time:52222ms step_avg:51.60ms
step:1013/1288 train_time:52305ms step_avg:51.63ms
step:1014/1288 train_time:52394ms step_avg:51.67ms
step:1015/1288 train_time:52476ms step_avg:51.70ms
step:1016/1288 train_time:52566ms step_avg:51.74ms
step:1017/1288 train_time:52646ms step_avg:51.77ms
step:1018/1288 train_time:52734ms step_avg:51.80ms
step:1019/1288 train_time:52817ms step_avg:51.83ms
step:1020/1288 train_time:52904ms step_avg:51.87ms
step:1021/1288 train_time:52984ms step_avg:51.89ms
step:1022/1288 train_time:53071ms step_avg:51.93ms
step:1023/1288 train_time:53151ms step_avg:51.96ms
step:1024/1288 train_time:53239ms step_avg:51.99ms
step:1025/1288 train_time:53323ms step_avg:52.02ms
step:1026/1288 train_time:53413ms step_avg:52.06ms
step:1027/1288 train_time:53492ms step_avg:52.09ms
step:1028/1288 train_time:53580ms step_avg:52.12ms
step:1029/1288 train_time:53663ms step_avg:52.15ms
step:1030/1288 train_time:53750ms step_avg:52.18ms
step:1031/1288 train_time:53830ms step_avg:52.21ms
step:1032/1288 train_time:53918ms step_avg:52.25ms
step:1033/1288 train_time:53999ms step_avg:52.27ms
step:1034/1288 train_time:54086ms step_avg:52.31ms
step:1035/1288 train_time:54167ms step_avg:52.33ms
step:1036/1288 train_time:54255ms step_avg:52.37ms
step:1037/1288 train_time:54337ms step_avg:52.40ms
step:1038/1288 train_time:54425ms step_avg:52.43ms
step:1039/1288 train_time:54507ms step_avg:52.46ms
step:1040/1288 train_time:54594ms step_avg:52.49ms
step:1041/1288 train_time:54676ms step_avg:52.52ms
step:1042/1288 train_time:54764ms step_avg:52.56ms
step:1043/1288 train_time:54844ms step_avg:52.58ms
step:1044/1288 train_time:54930ms step_avg:52.61ms
step:1045/1288 train_time:55011ms step_avg:52.64ms
step:1046/1288 train_time:55098ms step_avg:52.67ms
step:1047/1288 train_time:55180ms step_avg:52.70ms
step:1048/1288 train_time:55268ms step_avg:52.74ms
step:1049/1288 train_time:55348ms step_avg:52.76ms
step:1050/1288 train_time:55436ms step_avg:52.80ms
step:1051/1288 train_time:55518ms step_avg:52.82ms
step:1052/1288 train_time:55605ms step_avg:52.86ms
step:1053/1288 train_time:55687ms step_avg:52.88ms
step:1054/1288 train_time:55775ms step_avg:52.92ms
step:1055/1288 train_time:55857ms step_avg:52.95ms
step:1056/1288 train_time:55943ms step_avg:52.98ms
step:1057/1288 train_time:56023ms step_avg:53.00ms
step:1058/1288 train_time:56111ms step_avg:53.04ms
step:1059/1288 train_time:56193ms step_avg:53.06ms
step:1060/1288 train_time:56282ms step_avg:53.10ms
step:1061/1288 train_time:56363ms step_avg:53.12ms
step:1062/1288 train_time:56450ms step_avg:53.15ms
step:1063/1288 train_time:56531ms step_avg:53.18ms
step:1064/1288 train_time:56621ms step_avg:53.21ms
step:1065/1288 train_time:56702ms step_avg:53.24ms
step:1066/1288 train_time:56789ms step_avg:53.27ms
step:1067/1288 train_time:56869ms step_avg:53.30ms
step:1068/1288 train_time:56956ms step_avg:53.33ms
step:1069/1288 train_time:57039ms step_avg:53.36ms
step:1070/1288 train_time:57126ms step_avg:53.39ms
step:1071/1288 train_time:57206ms step_avg:53.41ms
step:1072/1288 train_time:57295ms step_avg:53.45ms
step:1073/1288 train_time:57376ms step_avg:53.47ms
step:1074/1288 train_time:57464ms step_avg:53.50ms
step:1075/1288 train_time:57544ms step_avg:53.53ms
step:1076/1288 train_time:57631ms step_avg:53.56ms
step:1077/1288 train_time:57713ms step_avg:53.59ms
step:1078/1288 train_time:57801ms step_avg:53.62ms
step:1079/1288 train_time:57881ms step_avg:53.64ms
step:1080/1288 train_time:57969ms step_avg:53.67ms
step:1081/1288 train_time:58049ms step_avg:53.70ms
step:1082/1288 train_time:58137ms step_avg:53.73ms
step:1083/1288 train_time:58219ms step_avg:53.76ms
step:1084/1288 train_time:58307ms step_avg:53.79ms
step:1085/1288 train_time:58389ms step_avg:53.82ms
step:1086/1288 train_time:58476ms step_avg:53.85ms
step:1087/1288 train_time:58558ms step_avg:53.87ms
step:1088/1288 train_time:58645ms step_avg:53.90ms
step:1089/1288 train_time:58727ms step_avg:53.93ms
step:1090/1288 train_time:58815ms step_avg:53.96ms
step:1091/1288 train_time:58896ms step_avg:53.98ms
step:1092/1288 train_time:58983ms step_avg:54.01ms
step:1093/1288 train_time:59064ms step_avg:54.04ms
step:1094/1288 train_time:59151ms step_avg:54.07ms
step:1095/1288 train_time:59232ms step_avg:54.09ms
step:1096/1288 train_time:59320ms step_avg:54.12ms
step:1097/1288 train_time:59402ms step_avg:54.15ms
step:1098/1288 train_time:59490ms step_avg:54.18ms
step:1099/1288 train_time:59571ms step_avg:54.20ms
step:1100/1288 train_time:59659ms step_avg:54.24ms
step:1101/1288 train_time:59740ms step_avg:54.26ms
step:1102/1288 train_time:59827ms step_avg:54.29ms
step:1103/1288 train_time:59909ms step_avg:54.31ms
step:1104/1288 train_time:59996ms step_avg:54.34ms
step:1105/1288 train_time:60077ms step_avg:54.37ms
step:1106/1288 train_time:60165ms step_avg:54.40ms
step:1107/1288 train_time:60245ms step_avg:54.42ms
step:1108/1288 train_time:60332ms step_avg:54.45ms
step:1109/1288 train_time:60414ms step_avg:54.48ms
step:1110/1288 train_time:60502ms step_avg:54.51ms
step:1111/1288 train_time:60583ms step_avg:54.53ms
step:1112/1288 train_time:60671ms step_avg:54.56ms
step:1113/1288 train_time:60751ms step_avg:54.58ms
step:1114/1288 train_time:60838ms step_avg:54.61ms
step:1115/1288 train_time:60920ms step_avg:54.64ms
step:1116/1288 train_time:61008ms step_avg:54.67ms
step:1117/1288 train_time:61089ms step_avg:54.69ms
step:1118/1288 train_time:61176ms step_avg:54.72ms
step:1119/1288 train_time:61257ms step_avg:54.74ms
step:1120/1288 train_time:61345ms step_avg:54.77ms
step:1121/1288 train_time:61426ms step_avg:54.80ms
step:1122/1288 train_time:61513ms step_avg:54.82ms
step:1123/1288 train_time:61596ms step_avg:54.85ms
step:1124/1288 train_time:61684ms step_avg:54.88ms
step:1125/1288 train_time:61765ms step_avg:54.90ms
step:1126/1288 train_time:61851ms step_avg:54.93ms
step:1127/1288 train_time:61932ms step_avg:54.95ms
step:1128/1288 train_time:62021ms step_avg:54.98ms
step:1129/1288 train_time:62102ms step_avg:55.01ms
step:1130/1288 train_time:62189ms step_avg:55.03ms
step:1131/1288 train_time:62270ms step_avg:55.06ms
step:1132/1288 train_time:62359ms step_avg:55.09ms
step:1133/1288 train_time:62441ms step_avg:55.11ms
step:1134/1288 train_time:62528ms step_avg:55.14ms
step:1135/1288 train_time:62609ms step_avg:55.16ms
step:1136/1288 train_time:62696ms step_avg:55.19ms
step:1137/1288 train_time:62779ms step_avg:55.21ms
step:1138/1288 train_time:62867ms step_avg:55.24ms
step:1139/1288 train_time:62947ms step_avg:55.27ms
step:1140/1288 train_time:63036ms step_avg:55.29ms
step:1141/1288 train_time:63119ms step_avg:55.32ms
step:1142/1288 train_time:63206ms step_avg:55.35ms
step:1143/1288 train_time:63287ms step_avg:55.37ms
step:1144/1288 train_time:63375ms step_avg:55.40ms
step:1145/1288 train_time:63456ms step_avg:55.42ms
step:1146/1288 train_time:63544ms step_avg:55.45ms
step:1147/1288 train_time:63625ms step_avg:55.47ms
step:1148/1288 train_time:63712ms step_avg:55.50ms
step:1149/1288 train_time:63793ms step_avg:55.52ms
step:1150/1288 train_time:63881ms step_avg:55.55ms
step:1151/1288 train_time:63963ms step_avg:55.57ms
step:1152/1288 train_time:64051ms step_avg:55.60ms
step:1153/1288 train_time:64131ms step_avg:55.62ms
step:1154/1288 train_time:64220ms step_avg:55.65ms
step:1155/1288 train_time:64301ms step_avg:55.67ms
step:1156/1288 train_time:64389ms step_avg:55.70ms
step:1157/1288 train_time:64470ms step_avg:55.72ms
step:1158/1288 train_time:64558ms step_avg:55.75ms
step:1159/1288 train_time:64640ms step_avg:55.77ms
step:1160/1288 train_time:64728ms step_avg:55.80ms
step:1161/1288 train_time:64809ms step_avg:55.82ms
step:1162/1288 train_time:64897ms step_avg:55.85ms
step:1163/1288 train_time:64980ms step_avg:55.87ms
step:1164/1288 train_time:65067ms step_avg:55.90ms
step:1165/1288 train_time:65148ms step_avg:55.92ms
step:1166/1288 train_time:65234ms step_avg:55.95ms
step:1167/1288 train_time:65314ms step_avg:55.97ms
step:1168/1288 train_time:65403ms step_avg:56.00ms
step:1169/1288 train_time:65484ms step_avg:56.02ms
step:1170/1288 train_time:65572ms step_avg:56.04ms
step:1171/1288 train_time:65652ms step_avg:56.06ms
step:1172/1288 train_time:65740ms step_avg:56.09ms
step:1173/1288 train_time:65822ms step_avg:56.11ms
step:1174/1288 train_time:65910ms step_avg:56.14ms
step:1175/1288 train_time:65991ms step_avg:56.16ms
step:1176/1288 train_time:66078ms step_avg:56.19ms
step:1177/1288 train_time:66160ms step_avg:56.21ms
step:1178/1288 train_time:66248ms step_avg:56.24ms
step:1179/1288 train_time:66328ms step_avg:56.26ms
step:1180/1288 train_time:66416ms step_avg:56.28ms
step:1181/1288 train_time:66498ms step_avg:56.31ms
step:1182/1288 train_time:66586ms step_avg:56.33ms
step:1183/1288 train_time:66667ms step_avg:56.35ms
step:1184/1288 train_time:66753ms step_avg:56.38ms
step:1185/1288 train_time:66835ms step_avg:56.40ms
step:1186/1288 train_time:66923ms step_avg:56.43ms
step:1187/1288 train_time:67005ms step_avg:56.45ms
step:1188/1288 train_time:67091ms step_avg:56.47ms
step:1189/1288 train_time:67172ms step_avg:56.49ms
step:1190/1288 train_time:67260ms step_avg:56.52ms
step:1191/1288 train_time:67340ms step_avg:56.54ms
step:1192/1288 train_time:67429ms step_avg:56.57ms
step:1193/1288 train_time:67510ms step_avg:56.59ms
step:1194/1288 train_time:67597ms step_avg:56.61ms
step:1195/1288 train_time:67679ms step_avg:56.63ms
step:1196/1288 train_time:67767ms step_avg:56.66ms
step:1197/1288 train_time:67847ms step_avg:56.68ms
step:1198/1288 train_time:67935ms step_avg:56.71ms
step:1199/1288 train_time:68018ms step_avg:56.73ms
step:1200/1288 train_time:68106ms step_avg:56.76ms
step:1201/1288 train_time:68187ms step_avg:56.77ms
step:1202/1288 train_time:68274ms step_avg:56.80ms
step:1203/1288 train_time:68356ms step_avg:56.82ms
step:1204/1288 train_time:68444ms step_avg:56.85ms
step:1205/1288 train_time:68525ms step_avg:56.87ms
step:1206/1288 train_time:68612ms step_avg:56.89ms
step:1207/1288 train_time:68693ms step_avg:56.91ms
step:1208/1288 train_time:68780ms step_avg:56.94ms
step:1209/1288 train_time:68862ms step_avg:56.96ms
step:1210/1288 train_time:68950ms step_avg:56.98ms
step:1211/1288 train_time:69031ms step_avg:57.00ms
step:1212/1288 train_time:69120ms step_avg:57.03ms
step:1213/1288 train_time:69201ms step_avg:57.05ms
step:1214/1288 train_time:69288ms step_avg:57.07ms
step:1215/1288 train_time:69369ms step_avg:57.09ms
step:1216/1288 train_time:69457ms step_avg:57.12ms
step:1217/1288 train_time:69539ms step_avg:57.14ms
step:1218/1288 train_time:69627ms step_avg:57.16ms
step:1219/1288 train_time:69708ms step_avg:57.18ms
step:1220/1288 train_time:69795ms step_avg:57.21ms
step:1221/1288 train_time:69877ms step_avg:57.23ms
step:1222/1288 train_time:69966ms step_avg:57.25ms
step:1223/1288 train_time:70046ms step_avg:57.27ms
step:1224/1288 train_time:70133ms step_avg:57.30ms
step:1225/1288 train_time:70216ms step_avg:57.32ms
step:1226/1288 train_time:70304ms step_avg:57.34ms
step:1227/1288 train_time:70384ms step_avg:57.36ms
step:1228/1288 train_time:70472ms step_avg:57.39ms
step:1229/1288 train_time:70553ms step_avg:57.41ms
step:1230/1288 train_time:70639ms step_avg:57.43ms
step:1231/1288 train_time:70720ms step_avg:57.45ms
step:1232/1288 train_time:70809ms step_avg:57.48ms
step:1233/1288 train_time:70890ms step_avg:57.49ms
step:1234/1288 train_time:70979ms step_avg:57.52ms
step:1235/1288 train_time:71060ms step_avg:57.54ms
step:1236/1288 train_time:71147ms step_avg:57.56ms
step:1237/1288 train_time:71228ms step_avg:57.58ms
step:1238/1288 train_time:71317ms step_avg:57.61ms
step:1239/1288 train_time:71399ms step_avg:57.63ms
step:1240/1288 train_time:71487ms step_avg:57.65ms
step:1241/1288 train_time:71567ms step_avg:57.67ms
step:1242/1288 train_time:71654ms step_avg:57.69ms
step:1243/1288 train_time:71735ms step_avg:57.71ms
step:1244/1288 train_time:71823ms step_avg:57.74ms
step:1245/1288 train_time:71904ms step_avg:57.75ms
step:1246/1288 train_time:71991ms step_avg:57.78ms
step:1247/1288 train_time:72073ms step_avg:57.80ms
step:1248/1288 train_time:72160ms step_avg:57.82ms
step:1249/1288 train_time:72242ms step_avg:57.84ms
step:1250/1288 train_time:72330ms step_avg:57.86ms
step:1250/1288 val_loss:3.2955 train_time:72422ms step_avg:57.94ms
step:1251/1288 train_time:72443ms step_avg:57.91ms
step:1252/1288 train_time:72505ms step_avg:57.91ms
step:1253/1288 train_time:72589ms step_avg:57.93ms
step:1254/1288 train_time:72676ms step_avg:57.96ms
step:1255/1288 train_time:72756ms step_avg:57.97ms
step:1256/1288 train_time:72843ms step_avg:58.00ms
step:1257/1288 train_time:72924ms step_avg:58.01ms
step:1258/1288 train_time:73010ms step_avg:58.04ms
step:1259/1288 train_time:73091ms step_avg:58.05ms
step:1260/1288 train_time:73177ms step_avg:58.08ms
step:1261/1288 train_time:73257ms step_avg:58.09ms
step:1262/1288 train_time:73346ms step_avg:58.12ms
step:1263/1288 train_time:73431ms step_avg:58.14ms
step:1264/1288 train_time:73522ms step_avg:58.17ms
step:1265/1288 train_time:73605ms step_avg:58.19ms
step:1266/1288 train_time:73693ms step_avg:58.21ms
step:1267/1288 train_time:73774ms step_avg:58.23ms
step:1268/1288 train_time:73859ms step_avg:58.25ms
step:1269/1288 train_time:73939ms step_avg:58.27ms
step:1270/1288 train_time:74026ms step_avg:58.29ms
step:1271/1288 train_time:74108ms step_avg:58.31ms
step:1272/1288 train_time:74195ms step_avg:58.33ms
step:1273/1288 train_time:74275ms step_avg:58.35ms
step:1274/1288 train_time:74366ms step_avg:58.37ms
step:1275/1288 train_time:74454ms step_avg:58.40ms
step:1276/1288 train_time:74543ms step_avg:58.42ms
step:1277/1288 train_time:74625ms step_avg:58.44ms
step:1278/1288 train_time:74714ms step_avg:58.46ms
step:1279/1288 train_time:74795ms step_avg:58.48ms
step:1280/1288 train_time:74882ms step_avg:58.50ms
step:1281/1288 train_time:74964ms step_avg:58.52ms
step:1282/1288 train_time:75052ms step_avg:58.54ms
step:1283/1288 train_time:75132ms step_avg:58.56ms
step:1284/1288 train_time:75218ms step_avg:58.58ms
step:1285/1288 train_time:75300ms step_avg:58.60ms
step:1286/1288 train_time:75390ms step_avg:58.62ms
step:1287/1288 train_time:75473ms step_avg:58.64ms
step:1288/1288 train_time:75561ms step_avg:58.67ms
step:1288/1288 val_loss:3.2758 train_time:75654ms step_avg:58.74ms
peak memory allocated: 32298 MiB reserved: 47390 MiB
Terminal-blended sharded TailEMA scope=readout start=848 every=1 decay=0.9933 blend=0.65
step:0/1288 val_loss:10.8335 train_time:0ms step_avg:0.03ms
step:250/1288 val_loss:4.4141 train_time:8186ms step_avg:32.74ms
step:500/1288 val_loss:4.0807 train_time:18252ms step_avg:36.50ms
step:750/1288 val_loss:3.6643 train_time:32797ms step_avg:43.73ms
step:1000/1288 val_loss:3.4181 train_time:51297ms step_avg:51.30ms
step:1250/1288 val_loss:3.2955 train_time:72422ms step_avg:57.94ms
step:1288/1288 val_loss:3.2758 train_time:75654ms step_avg:58.74ms
PASS 03-candidate
BEGIN 04-candidate scheduled_steps=1273
W0727 22:05:21.314000 56248 torch/distributed/run.py:852] 
W0727 22:05:21.314000 56248 torch/distributed/run.py:852] *****************************************
W0727 22:05:21.314000 56248 torch/distributed/run.py:852] Setting OMP_NUM_THREADS environment variable for each process to be 1 in default, to avoid your system being overloaded, please further tune the variable for optimal performance in your application as needed. 
W0727 22:05:21.314000 56248 torch/distributed/run.py:852] *****************************************
[Gloo] Rank 5 is connected to 7 peer ranks. Expected number of connected peer ranks is : 7
[Gloo] Rank 1 is connected to 7 peer ranks. Expected number of connected peer ranks is : 7
[Gloo] Rank 0 is connected to 7 peer ranks. Expected number of connected peer ranks is : 7
[Gloo] Rank 7 is connected to 7 peer ranks. Expected number of connected peer ranks is : 7
[Gloo] Rank 6 is connected to 7 peer ranks. Expected number of connected peer ranks is : 7
[Gloo] Rank 4 is connected to 7 peer ranks. Expected number of connected peer ranks is : 7
[Gloo] Rank 3 is connected to 7 peer ranks. Expected number of connected peer ranks is : 7
[Gloo] Rank 2 is connected to 7 peer ranks. Expected number of connected peer ranks is : 7
Warning: You are sending unauthenticated requests to the HF Hub. Please set a HF_TOKEN to enable higher rate limits and faster downloads.
Warning: You are sending unauthenticated requests to the HF Hub. Please set a HF_TOKEN to enable higher rate limits and faster downloads.
Warning: You are sending unauthenticated requests to the HF Hub. Please set a HF_TOKEN to enable higher rate limits and faster downloads.
Warning: You are sending unauthenticated requests to the HF Hub. Please set a HF_TOKEN to enable higher rate limits and faster downloads.
Warning: You are sending unauthenticated requests to the HF Hub. Please set a HF_TOKEN to enable higher rate limits and faster downloads.
Warning: You are sending unauthenticated requests to the HF Hub. Please set a HF_TOKEN to enable higher rate limits and faster downloads.
Fetching 8 files:   0%|          | 0/8 [00:00<?, ?it/s]Fetching 8 files: 100%|██████████| 8/8 [00:00<00:00, 2345.48it/s]
Fetching 8 files:   0%|          | 0/8 [00:00<?, ?it/s]Fetching 8 files: 100%|██████████| 8/8 [00:00<00:00, 2523.65it/s]
Fetching 8 files:   0%|          | 0/8 [00:00<?, ?it/s]Fetching 8 files: 100%|██████████| 8/8 [00:00<00:00, 2258.80it/s]
Fetching 8 files:   0%|          | 0/8 [00:00<?, ?it/s]Fetching 8 files: 100%|██████████| 8/8 [00:00<00:00, 2619.80it/s]
Fetching 8 files:   0%|          | 0/8 [00:00<?, ?it/s]Fetching 8 files: 100%|██████████| 8/8 [00:00<00:00, 2602.73it/s]
Fetching 8 files:   0%|          | 0/8 [00:00<?, ?it/s]Fetching 8 files: 100%|██████████| 8/8 [00:00<00:00, 2318.42it/s]
Fetching 8 files:   0%|          | 0/8 [00:00<?, ?it/s]Fetching 8 files: 100%|██████████| 8/8 [00:00<00:00, 2363.82it/s]
Fetching 8 files:   0%|          | 0/8 [00:00<?, ?it/s]Fetching 8 files: 100%|██████████| 8/8 [00:00<00:00, 2577.15it/s]
logs/e67b5f7f-cc40-4c7c-9b26-b18832dad85f.txt
Compiling model and warming up kernels (~7 minutes on first execution)
Sampling steps [0, 1, 422, 423, 424, 425, 847, 848, 849, 850, 1271, 1272, 1273, 1274, 1287] for warmup
Resetting Model
Terminal-blended sharded TailEMA scope=readout start=848 every=1 decay=0.9933 blend=0.65
step:0/1288 val_loss:10.8340 train_time:0ms step_avg:0.03ms
step:1/1288 train_time:79ms step_avg:78.90ms
step:2/1288 train_time:105ms step_avg:52.59ms
step:3/1288 train_time:126ms step_avg:42.08ms
step:4/1288 train_time:150ms step_avg:37.62ms
step:5/1288 train_time:177ms step_avg:35.47ms
step:6/1288 train_time:215ms step_avg:35.85ms
step:7/1288 train_time:242ms step_avg:34.62ms
step:8/1288 train_time:280ms step_avg:34.95ms
step:9/1288 train_time:307ms step_avg:34.15ms
step:10/1288 train_time:345ms step_avg:34.51ms
step:11/1288 train_time:372ms step_avg:33.83ms
step:12/1288 train_time:409ms step_avg:34.11ms
step:13/1288 train_time:437ms step_avg:33.63ms
step:14/1288 train_time:474ms step_avg:33.89ms
step:15/1288 train_time:502ms step_avg:33.47ms
step:16/1288 train_time:539ms step_avg:33.71ms
step:17/1288 train_time:568ms step_avg:33.40ms
step:18/1288 train_time:605ms step_avg:33.61ms
step:19/1288 train_time:633ms step_avg:33.32ms
step:20/1288 train_time:670ms step_avg:33.51ms
step:21/1288 train_time:698ms step_avg:33.24ms
step:22/1288 train_time:736ms step_avg:33.45ms
step:23/1288 train_time:764ms step_avg:33.20ms
step:24/1288 train_time:800ms step_avg:33.35ms
step:25/1288 train_time:829ms step_avg:33.16ms
step:26/1288 train_time:866ms step_avg:33.30ms
step:27/1288 train_time:894ms step_avg:33.10ms
step:28/1288 train_time:931ms step_avg:33.26ms
step:29/1288 train_time:959ms step_avg:33.07ms
step:30/1288 train_time:997ms step_avg:33.24ms
step:31/1288 train_time:1026ms step_avg:33.08ms
step:32/1288 train_time:1063ms step_avg:33.21ms
step:33/1288 train_time:1091ms step_avg:33.06ms
step:34/1288 train_time:1128ms step_avg:33.18ms
step:35/1288 train_time:1156ms step_avg:33.04ms
step:36/1288 train_time:1194ms step_avg:33.16ms
step:37/1288 train_time:1221ms step_avg:33.01ms
step:38/1288 train_time:1259ms step_avg:33.13ms
step:39/1288 train_time:1287ms step_avg:32.99ms
step:40/1288 train_time:1324ms step_avg:33.10ms
step:41/1288 train_time:1352ms step_avg:32.98ms
step:42/1288 train_time:1389ms step_avg:33.07ms
step:43/1288 train_time:1417ms step_avg:32.95ms
step:44/1288 train_time:1454ms step_avg:33.05ms
step:45/1288 train_time:1482ms step_avg:32.93ms
step:46/1288 train_time:1519ms step_avg:33.02ms
step:47/1288 train_time:1547ms step_avg:32.91ms
step:48/1288 train_time:1584ms step_avg:33.00ms
step:49/1288 train_time:1612ms step_avg:32.90ms
step:50/1288 train_time:1649ms step_avg:32.99ms
step:51/1288 train_time:1677ms step_avg:32.88ms
step:52/1288 train_time:1714ms step_avg:32.97ms
step:53/1288 train_time:1742ms step_avg:32.87ms
step:54/1288 train_time:1779ms step_avg:32.94ms
step:55/1288 train_time:1807ms step_avg:32.86ms
step:56/1288 train_time:1845ms step_avg:32.94ms
step:57/1288 train_time:1872ms step_avg:32.85ms
step:58/1288 train_time:1909ms step_avg:32.92ms
step:59/1288 train_time:1937ms step_avg:32.84ms
step:60/1288 train_time:1975ms step_avg:32.92ms
step:61/1288 train_time:2002ms step_avg:32.83ms
step:62/1288 train_time:2040ms step_avg:32.90ms
step:63/1288 train_time:2069ms step_avg:32.83ms
step:64/1288 train_time:2105ms step_avg:32.90ms
step:65/1288 train_time:2133ms step_avg:32.82ms
step:66/1288 train_time:2170ms step_avg:32.88ms
step:67/1288 train_time:2198ms step_avg:32.81ms
step:68/1288 train_time:2236ms step_avg:32.89ms
step:69/1288 train_time:2264ms step_avg:32.82ms
step:70/1288 train_time:2301ms step_avg:32.88ms
step:71/1288 train_time:2330ms step_avg:32.81ms
step:72/1288 train_time:2366ms step_avg:32.87ms
step:73/1288 train_time:2394ms step_avg:32.80ms
step:74/1288 train_time:2432ms step_avg:32.86ms
step:75/1288 train_time:2461ms step_avg:32.82ms
step:76/1288 train_time:2497ms step_avg:32.86ms
step:77/1288 train_time:2525ms step_avg:32.79ms
step:78/1288 train_time:2562ms step_avg:32.85ms
step:79/1288 train_time:2590ms step_avg:32.78ms
step:80/1288 train_time:2627ms step_avg:32.84ms
step:81/1288 train_time:2655ms step_avg:32.78ms
step:82/1288 train_time:2692ms step_avg:32.83ms
step:83/1288 train_time:2720ms step_avg:32.78ms
step:84/1288 train_time:2758ms step_avg:32.83ms
step:85/1288 train_time:2785ms step_avg:32.77ms
step:86/1288 train_time:2823ms step_avg:32.82ms
step:87/1288 train_time:2851ms step_avg:32.76ms
step:88/1288 train_time:2887ms step_avg:32.81ms
step:89/1288 train_time:2915ms step_avg:32.75ms
step:90/1288 train_time:2953ms step_avg:32.81ms
step:91/1288 train_time:2980ms step_avg:32.75ms
step:92/1288 train_time:3018ms step_avg:32.80ms
step:93/1288 train_time:3046ms step_avg:32.75ms
step:94/1288 train_time:3083ms step_avg:32.80ms
step:95/1288 train_time:3111ms step_avg:32.75ms
step:96/1288 train_time:3148ms step_avg:32.80ms
step:97/1288 train_time:3176ms step_avg:32.74ms
step:98/1288 train_time:3213ms step_avg:32.79ms
step:99/1288 train_time:3241ms step_avg:32.74ms
step:100/1288 train_time:3278ms step_avg:32.78ms
step:101/1288 train_time:3306ms step_avg:32.74ms
step:102/1288 train_time:3344ms step_avg:32.78ms
step:103/1288 train_time:3372ms step_avg:32.73ms
step:104/1288 train_time:3409ms step_avg:32.78ms
step:105/1288 train_time:3437ms step_avg:32.73ms
step:106/1288 train_time:3474ms step_avg:32.77ms
step:107/1288 train_time:3502ms step_avg:32.73ms
step:108/1288 train_time:3539ms step_avg:32.77ms
step:109/1288 train_time:3567ms step_avg:32.72ms
step:110/1288 train_time:3604ms step_avg:32.76ms
step:111/1288 train_time:3632ms step_avg:32.72ms
step:112/1288 train_time:3669ms step_avg:32.76ms
step:113/1288 train_time:3697ms step_avg:32.72ms
step:114/1288 train_time:3734ms step_avg:32.76ms
step:115/1288 train_time:3762ms step_avg:32.71ms
step:116/1288 train_time:3799ms step_avg:32.75ms
step:117/1288 train_time:3827ms step_avg:32.71ms
step:118/1288 train_time:3864ms step_avg:32.75ms
step:119/1288 train_time:3893ms step_avg:32.71ms
step:120/1288 train_time:3930ms step_avg:32.75ms
step:121/1288 train_time:3958ms step_avg:32.71ms
step:122/1288 train_time:3995ms step_avg:32.74ms
step:123/1288 train_time:4022ms step_avg:32.70ms
step:124/1288 train_time:4059ms step_avg:32.73ms
step:125/1288 train_time:4087ms step_avg:32.70ms
step:126/1288 train_time:4125ms step_avg:32.74ms
step:127/1288 train_time:4153ms step_avg:32.70ms
step:128/1288 train_time:4190ms step_avg:32.73ms
step:129/1288 train_time:4217ms step_avg:32.69ms
step:130/1288 train_time:4255ms step_avg:32.73ms
step:131/1288 train_time:4283ms step_avg:32.69ms
step:132/1288 train_time:4320ms step_avg:32.73ms
step:133/1288 train_time:4348ms step_avg:32.69ms
step:134/1288 train_time:4385ms step_avg:32.73ms
step:135/1288 train_time:4413ms step_avg:32.69ms
step:136/1288 train_time:4450ms step_avg:32.72ms
step:137/1288 train_time:4479ms step_avg:32.69ms
step:138/1288 train_time:4516ms step_avg:32.72ms
step:139/1288 train_time:4543ms step_avg:32.69ms
step:140/1288 train_time:4581ms step_avg:32.72ms
step:141/1288 train_time:4608ms step_avg:32.68ms
step:142/1288 train_time:4645ms step_avg:32.71ms
step:143/1288 train_time:4674ms step_avg:32.68ms
step:144/1288 train_time:4711ms step_avg:32.71ms
step:145/1288 train_time:4739ms step_avg:32.68ms
step:146/1288 train_time:4776ms step_avg:32.71ms
step:147/1288 train_time:4804ms step_avg:32.68ms
step:148/1288 train_time:4841ms step_avg:32.71ms
step:149/1288 train_time:4869ms step_avg:32.68ms
step:150/1288 train_time:4906ms step_avg:32.70ms
step:151/1288 train_time:4933ms step_avg:32.67ms
step:152/1288 train_time:4971ms step_avg:32.70ms
step:153/1288 train_time:4998ms step_avg:32.67ms
step:154/1288 train_time:5036ms step_avg:32.70ms
step:155/1288 train_time:5064ms step_avg:32.67ms
step:156/1288 train_time:5100ms step_avg:32.70ms
step:157/1288 train_time:5129ms step_avg:32.67ms
step:158/1288 train_time:5166ms step_avg:32.69ms
step:159/1288 train_time:5193ms step_avg:32.66ms
step:160/1288 train_time:5231ms step_avg:32.69ms
step:161/1288 train_time:5258ms step_avg:32.66ms
step:162/1288 train_time:5296ms step_avg:32.69ms
step:163/1288 train_time:5324ms step_avg:32.66ms
step:164/1288 train_time:5361ms step_avg:32.69ms
step:165/1288 train_time:5389ms step_avg:32.66ms
step:166/1288 train_time:5426ms step_avg:32.69ms
step:167/1288 train_time:5454ms step_avg:32.66ms
step:168/1288 train_time:5491ms step_avg:32.68ms
step:169/1288 train_time:5519ms step_avg:32.65ms
step:170/1288 train_time:5556ms step_avg:32.68ms
step:171/1288 train_time:5584ms step_avg:32.65ms
step:172/1288 train_time:5621ms step_avg:32.68ms
step:173/1288 train_time:5649ms step_avg:32.65ms
step:174/1288 train_time:5686ms step_avg:32.68ms
step:175/1288 train_time:5714ms step_avg:32.65ms
step:176/1288 train_time:5751ms step_avg:32.68ms
step:177/1288 train_time:5779ms step_avg:32.65ms
step:178/1288 train_time:5816ms step_avg:32.68ms
step:179/1288 train_time:5844ms step_avg:32.65ms
step:180/1288 train_time:5881ms step_avg:32.67ms
step:181/1288 train_time:5909ms step_avg:32.65ms
step:182/1288 train_time:5946ms step_avg:32.67ms
step:183/1288 train_time:5975ms step_avg:32.65ms
step:184/1288 train_time:6011ms step_avg:32.67ms
step:185/1288 train_time:6039ms step_avg:32.64ms
step:186/1288 train_time:6076ms step_avg:32.67ms
step:187/1288 train_time:6104ms step_avg:32.64ms
step:188/1288 train_time:6141ms step_avg:32.67ms
step:189/1288 train_time:6169ms step_avg:32.64ms
step:190/1288 train_time:6207ms step_avg:32.67ms
step:191/1288 train_time:6234ms step_avg:32.64ms
step:192/1288 train_time:6271ms step_avg:32.66ms
step:193/1288 train_time:6299ms step_avg:32.64ms
step:194/1288 train_time:6337ms step_avg:32.66ms
step:195/1288 train_time:6364ms step_avg:32.64ms
step:196/1288 train_time:6401ms step_avg:32.66ms
step:197/1288 train_time:6429ms step_avg:32.64ms
step:198/1288 train_time:6466ms step_avg:32.66ms
step:199/1288 train_time:6494ms step_avg:32.63ms
step:200/1288 train_time:6531ms step_avg:32.66ms
step:201/1288 train_time:6559ms step_avg:32.63ms
step:202/1288 train_time:6596ms step_avg:32.65ms
step:203/1288 train_time:6624ms step_avg:32.63ms
step:204/1288 train_time:6661ms step_avg:32.65ms
step:205/1288 train_time:6688ms step_avg:32.63ms
step:206/1288 train_time:6725ms step_avg:32.65ms
step:207/1288 train_time:6753ms step_avg:32.62ms
step:208/1288 train_time:6790ms step_avg:32.65ms
step:209/1288 train_time:6818ms step_avg:32.62ms
step:210/1288 train_time:6855ms step_avg:32.65ms
step:211/1288 train_time:6883ms step_avg:32.62ms
step:212/1288 train_time:6920ms step_avg:32.64ms
step:213/1288 train_time:6948ms step_avg:32.62ms
step:214/1288 train_time:6985ms step_avg:32.64ms
step:215/1288 train_time:7013ms step_avg:32.62ms
step:216/1288 train_time:7051ms step_avg:32.64ms
step:217/1288 train_time:7078ms step_avg:32.62ms
step:218/1288 train_time:7116ms step_avg:32.64ms
step:219/1288 train_time:7143ms step_avg:32.62ms
step:220/1288 train_time:7181ms step_avg:32.64ms
step:221/1288 train_time:7208ms step_avg:32.62ms
step:222/1288 train_time:7245ms step_avg:32.64ms
step:223/1288 train_time:7273ms step_avg:32.62ms
step:224/1288 train_time:7310ms step_avg:32.64ms
step:225/1288 train_time:7338ms step_avg:32.61ms
step:226/1288 train_time:7375ms step_avg:32.63ms
step:227/1288 train_time:7403ms step_avg:32.61ms
step:228/1288 train_time:7440ms step_avg:32.63ms
step:229/1288 train_time:7468ms step_avg:32.61ms
step:230/1288 train_time:7505ms step_avg:32.63ms
step:231/1288 train_time:7533ms step_avg:32.61ms
step:232/1288 train_time:7570ms step_avg:32.63ms
step:233/1288 train_time:7597ms step_avg:32.61ms
step:234/1288 train_time:7635ms step_avg:32.63ms
step:235/1288 train_time:7662ms step_avg:32.61ms
step:236/1288 train_time:7700ms step_avg:32.63ms
step:237/1288 train_time:7728ms step_avg:32.61ms
step:238/1288 train_time:7765ms step_avg:32.63ms
step:239/1288 train_time:7792ms step_avg:32.60ms
step:240/1288 train_time:7829ms step_avg:32.62ms
step:241/1288 train_time:7856ms step_avg:32.60ms
step:242/1288 train_time:7893ms step_avg:32.62ms
step:243/1288 train_time:7921ms step_avg:32.60ms
step:244/1288 train_time:7958ms step_avg:32.62ms
step:245/1288 train_time:7986ms step_avg:32.60ms
step:246/1288 train_time:8023ms step_avg:32.61ms
step:247/1288 train_time:8050ms step_avg:32.59ms
step:248/1288 train_time:8088ms step_avg:32.61ms
step:249/1288 train_time:8115ms step_avg:32.59ms
step:250/1288 train_time:8153ms step_avg:32.61ms
step:250/1288 val_loss:4.4431 train_time:8190ms step_avg:32.76ms
step:251/1288 train_time:8211ms step_avg:32.71ms
step:252/1288 train_time:8234ms step_avg:32.68ms
step:253/1288 train_time:8252ms step_avg:32.62ms
step:254/1288 train_time:8287ms step_avg:32.62ms
step:255/1288 train_time:8315ms step_avg:32.61ms
step:256/1288 train_time:8354ms step_avg:32.63ms
step:257/1288 train_time:8383ms step_avg:32.62ms
step:258/1288 train_time:8421ms step_avg:32.64ms
step:259/1288 train_time:8450ms step_avg:32.62ms
step:260/1288 train_time:8487ms step_avg:32.64ms
step:261/1288 train_time:8514ms step_avg:32.62ms
step:262/1288 train_time:8551ms step_avg:32.64ms
step:263/1288 train_time:8579ms step_avg:32.62ms
step:264/1288 train_time:8616ms step_avg:32.64ms
step:265/1288 train_time:8644ms step_avg:32.62ms
step:266/1288 train_time:8681ms step_avg:32.63ms
step:267/1288 train_time:8709ms step_avg:32.62ms
step:268/1288 train_time:8745ms step_avg:32.63ms
step:269/1288 train_time:8773ms step_avg:32.61ms
step:270/1288 train_time:8810ms step_avg:32.63ms
step:271/1288 train_time:8837ms step_avg:32.61ms
step:272/1288 train_time:8874ms step_avg:32.63ms
step:273/1288 train_time:8902ms step_avg:32.61ms
step:274/1288 train_time:8939ms step_avg:32.62ms
step:275/1288 train_time:8967ms step_avg:32.61ms
step:276/1288 train_time:9004ms step_avg:32.62ms
step:277/1288 train_time:9032ms step_avg:32.61ms
step:278/1288 train_time:9069ms step_avg:32.62ms
step:279/1288 train_time:9097ms step_avg:32.60ms
step:280/1288 train_time:9134ms step_avg:32.62ms
step:281/1288 train_time:9161ms step_avg:32.60ms
step:282/1288 train_time:9198ms step_avg:32.62ms
step:283/1288 train_time:9227ms step_avg:32.60ms
step:284/1288 train_time:9264ms step_avg:32.62ms
step:285/1288 train_time:9292ms step_avg:32.60ms
step:286/1288 train_time:9329ms step_avg:32.62ms
step:287/1288 train_time:9357ms step_avg:32.60ms
step:288/1288 train_time:9394ms step_avg:32.62ms
step:289/1288 train_time:9422ms step_avg:32.60ms
step:290/1288 train_time:9460ms step_avg:32.62ms
step:291/1288 train_time:9488ms step_avg:32.60ms
step:292/1288 train_time:9525ms step_avg:32.62ms
step:293/1288 train_time:9553ms step_avg:32.60ms
step:294/1288 train_time:9590ms step_avg:32.62ms
step:295/1288 train_time:9617ms step_avg:32.60ms
step:296/1288 train_time:9654ms step_avg:32.62ms
step:297/1288 train_time:9682ms step_avg:32.60ms
step:298/1288 train_time:9719ms step_avg:32.61ms
step:299/1288 train_time:9747ms step_avg:32.60ms
step:300/1288 train_time:9784ms step_avg:32.61ms
step:301/1288 train_time:9812ms step_avg:32.60ms
step:302/1288 train_time:9848ms step_avg:32.61ms
step:303/1288 train_time:9876ms step_avg:32.59ms
step:304/1288 train_time:9913ms step_avg:32.61ms
step:305/1288 train_time:9941ms step_avg:32.59ms
step:306/1288 train_time:9978ms step_avg:32.61ms
step:307/1288 train_time:10006ms step_avg:32.59ms
step:308/1288 train_time:10042ms step_avg:32.61ms
step:309/1288 train_time:10070ms step_avg:32.59ms
step:310/1288 train_time:10107ms step_avg:32.60ms
step:311/1288 train_time:10135ms step_avg:32.59ms
step:312/1288 train_time:10172ms step_avg:32.60ms
step:313/1288 train_time:10200ms step_avg:32.59ms
step:314/1288 train_time:10237ms step_avg:32.60ms
step:315/1288 train_time:10265ms step_avg:32.59ms
step:316/1288 train_time:10302ms step_avg:32.60ms
step:317/1288 train_time:10330ms step_avg:32.59ms
step:318/1288 train_time:10367ms step_avg:32.60ms
step:319/1288 train_time:10394ms step_avg:32.58ms
step:320/1288 train_time:10432ms step_avg:32.60ms
step:321/1288 train_time:10460ms step_avg:32.58ms
step:322/1288 train_time:10497ms step_avg:32.60ms
step:323/1288 train_time:10525ms step_avg:32.58ms
step:324/1288 train_time:10562ms step_avg:32.60ms
step:325/1288 train_time:10590ms step_avg:32.58ms
step:326/1288 train_time:10627ms step_avg:32.60ms
step:327/1288 train_time:10654ms step_avg:32.58ms
step:328/1288 train_time:10692ms step_avg:32.60ms
step:329/1288 train_time:10719ms step_avg:32.58ms
step:330/1288 train_time:10756ms step_avg:32.59ms
step:331/1288 train_time:10784ms step_avg:32.58ms
step:332/1288 train_time:10821ms step_avg:32.59ms
step:333/1288 train_time:10849ms step_avg:32.58ms
step:334/1288 train_time:10887ms step_avg:32.59ms
step:335/1288 train_time:10914ms step_avg:32.58ms
step:336/1288 train_time:10951ms step_avg:32.59ms
step:337/1288 train_time:10979ms step_avg:32.58ms
step:338/1288 train_time:11015ms step_avg:32.59ms
step:339/1288 train_time:11043ms step_avg:32.58ms
step:340/1288 train_time:11080ms step_avg:32.59ms
step:341/1288 train_time:11108ms step_avg:32.57ms
step:342/1288 train_time:11145ms step_avg:32.59ms
step:343/1288 train_time:11173ms step_avg:32.57ms
step:344/1288 train_time:11210ms step_avg:32.59ms
step:345/1288 train_time:11237ms step_avg:32.57ms
step:346/1288 train_time:11274ms step_avg:32.58ms
step:347/1288 train_time:11303ms step_avg:32.57ms
step:348/1288 train_time:11339ms step_avg:32.58ms
step:349/1288 train_time:11368ms step_avg:32.57ms
step:350/1288 train_time:11405ms step_avg:32.58ms
step:351/1288 train_time:11433ms step_avg:32.57ms
step:352/1288 train_time:11470ms step_avg:32.58ms
step:353/1288 train_time:11498ms step_avg:32.57ms
step:354/1288 train_time:11535ms step_avg:32.58ms
step:355/1288 train_time:11563ms step_avg:32.57ms
step:356/1288 train_time:11600ms step_avg:32.58ms
step:357/1288 train_time:11628ms step_avg:32.57ms
step:358/1288 train_time:11665ms step_avg:32.58ms
step:359/1288 train_time:11694ms step_avg:32.57ms
step:360/1288 train_time:11731ms step_avg:32.59ms
step:361/1288 train_time:11758ms step_avg:32.57ms
step:362/1288 train_time:11796ms step_avg:32.59ms
step:363/1288 train_time:11824ms step_avg:32.57ms
step:364/1288 train_time:11861ms step_avg:32.58ms
step:365/1288 train_time:11889ms step_avg:32.57ms
step:366/1288 train_time:11926ms step_avg:32.58ms
step:367/1288 train_time:11953ms step_avg:32.57ms
step:368/1288 train_time:11990ms step_avg:32.58ms
step:369/1288 train_time:12018ms step_avg:32.57ms
step:370/1288 train_time:12055ms step_avg:32.58ms
step:371/1288 train_time:12083ms step_avg:32.57ms
step:372/1288 train_time:12120ms step_avg:32.58ms
step:373/1288 train_time:12148ms step_avg:32.57ms
step:374/1288 train_time:12185ms step_avg:32.58ms
step:375/1288 train_time:12213ms step_avg:32.57ms
step:376/1288 train_time:12249ms step_avg:32.58ms
step:377/1288 train_time:12277ms step_avg:32.56ms
step:378/1288 train_time:12314ms step_avg:32.58ms
step:379/1288 train_time:12342ms step_avg:32.56ms
step:380/1288 train_time:12379ms step_avg:32.58ms
step:381/1288 train_time:12407ms step_avg:32.56ms
step:382/1288 train_time:12444ms step_avg:32.57ms
step:383/1288 train_time:12472ms step_avg:32.56ms
step:384/1288 train_time:12509ms step_avg:32.58ms
step:385/1288 train_time:12537ms step_avg:32.56ms
step:386/1288 train_time:12574ms step_avg:32.57ms
step:387/1288 train_time:12602ms step_avg:32.56ms
step:388/1288 train_time:12639ms step_avg:32.58ms
step:389/1288 train_time:12667ms step_avg:32.56ms
step:390/1288 train_time:12704ms step_avg:32.57ms
step:391/1288 train_time:12732ms step_avg:32.56ms
step:392/1288 train_time:12769ms step_avg:32.57ms
step:393/1288 train_time:12797ms step_avg:32.56ms
step:394/1288 train_time:12834ms step_avg:32.57ms
step:395/1288 train_time:12862ms step_avg:32.56ms
step:396/1288 train_time:12899ms step_avg:32.57ms
step:397/1288 train_time:12927ms step_avg:32.56ms
step:398/1288 train_time:12964ms step_avg:32.57ms
step:399/1288 train_time:12992ms step_avg:32.56ms
step:400/1288 train_time:13030ms step_avg:32.57ms
step:401/1288 train_time:13057ms step_avg:32.56ms
step:402/1288 train_time:13095ms step_avg:32.57ms
step:403/1288 train_time:13123ms step_avg:32.56ms
step:404/1288 train_time:13160ms step_avg:32.57ms
step:405/1288 train_time:13187ms step_avg:32.56ms
step:406/1288 train_time:13224ms step_avg:32.57ms
step:407/1288 train_time:13252ms step_avg:32.56ms
step:408/1288 train_time:13289ms step_avg:32.57ms
step:409/1288 train_time:13317ms step_avg:32.56ms
step:410/1288 train_time:13354ms step_avg:32.57ms
step:411/1288 train_time:13382ms step_avg:32.56ms
step:412/1288 train_time:13419ms step_avg:32.57ms
step:413/1288 train_time:13446ms step_avg:32.56ms
step:414/1288 train_time:13484ms step_avg:32.57ms
step:415/1288 train_time:13511ms step_avg:32.56ms
step:416/1288 train_time:13548ms step_avg:32.57ms
step:417/1288 train_time:13576ms step_avg:32.56ms
step:418/1288 train_time:13613ms step_avg:32.57ms
step:419/1288 train_time:13641ms step_avg:32.55ms
step:420/1288 train_time:13678ms step_avg:32.57ms
step:421/1288 train_time:13706ms step_avg:32.56ms
step:422/1288 train_time:13742ms step_avg:32.56ms
step:423/1288 train_time:13770ms step_avg:32.55ms
step:424/1288 train_time:13807ms step_avg:32.56ms
step:425/1288 train_time:13837ms step_avg:32.56ms
step:426/1288 train_time:13902ms step_avg:32.63ms
step:427/1288 train_time:13955ms step_avg:32.68ms
step:428/1288 train_time:14018ms step_avg:32.75ms
step:429/1288 train_time:14073ms step_avg:32.80ms
step:430/1288 train_time:14136ms step_avg:32.87ms
step:431/1288 train_time:14191ms step_avg:32.93ms
step:432/1288 train_time:14254ms step_avg:33.00ms
step:433/1288 train_time:14308ms step_avg:33.04ms
step:434/1288 train_time:14371ms step_avg:33.11ms
step:435/1288 train_time:14425ms step_avg:33.16ms
step:436/1288 train_time:14487ms step_avg:33.23ms
step:437/1288 train_time:14541ms step_avg:33.28ms
step:438/1288 train_time:14604ms step_avg:33.34ms
step:439/1288 train_time:14657ms step_avg:33.39ms
step:440/1288 train_time:14721ms step_avg:33.46ms
step:441/1288 train_time:14776ms step_avg:33.51ms
step:442/1288 train_time:14838ms step_avg:33.57ms
step:443/1288 train_time:14892ms step_avg:33.62ms
step:444/1288 train_time:14954ms step_avg:33.68ms
step:445/1288 train_time:15010ms step_avg:33.73ms
step:446/1288 train_time:15073ms step_avg:33.80ms
step:447/1288 train_time:15127ms step_avg:33.84ms
step:448/1288 train_time:15189ms step_avg:33.90ms
step:449/1288 train_time:15243ms step_avg:33.95ms
step:450/1288 train_time:15306ms step_avg:34.01ms
step:451/1288 train_time:15359ms step_avg:34.05ms
step:452/1288 train_time:15423ms step_avg:34.12ms
step:453/1288 train_time:15477ms step_avg:34.17ms
step:454/1288 train_time:15539ms step_avg:34.23ms
step:455/1288 train_time:15593ms step_avg:34.27ms
step:456/1288 train_time:15655ms step_avg:34.33ms
step:457/1288 train_time:15710ms step_avg:34.38ms
step:458/1288 train_time:15772ms step_avg:34.44ms
step:459/1288 train_time:15826ms step_avg:34.48ms
step:460/1288 train_time:15887ms step_avg:34.54ms
step:461/1288 train_time:15941ms step_avg:34.58ms
step:462/1288 train_time:16004ms step_avg:34.64ms
step:463/1288 train_time:16058ms step_avg:34.68ms
step:464/1288 train_time:16121ms step_avg:34.74ms
step:465/1288 train_time:16176ms step_avg:34.79ms
step:466/1288 train_time:16238ms step_avg:34.85ms
step:467/1288 train_time:16293ms step_avg:34.89ms
step:468/1288 train_time:16355ms step_avg:34.95ms
step:469/1288 train_time:16410ms step_avg:34.99ms
step:470/1288 train_time:16472ms step_avg:35.05ms
step:471/1288 train_time:16526ms step_avg:35.09ms
step:472/1288 train_time:16588ms step_avg:35.14ms
step:473/1288 train_time:16642ms step_avg:35.18ms
step:474/1288 train_time:16705ms step_avg:35.24ms
step:475/1288 train_time:16758ms step_avg:35.28ms
step:476/1288 train_time:16821ms step_avg:35.34ms
step:477/1288 train_time:16876ms step_avg:35.38ms
step:478/1288 train_time:16938ms step_avg:35.43ms
step:479/1288 train_time:16991ms step_avg:35.47ms
step:480/1288 train_time:17053ms step_avg:35.53ms
step:481/1288 train_time:17107ms step_avg:35.57ms
step:482/1288 train_time:17169ms step_avg:35.62ms
step:483/1288 train_time:17223ms step_avg:35.66ms
step:484/1288 train_time:17286ms step_avg:35.71ms
step:485/1288 train_time:17339ms step_avg:35.75ms
step:486/1288 train_time:17403ms step_avg:35.81ms
step:487/1288 train_time:17457ms step_avg:35.85ms
step:488/1288 train_time:17520ms step_avg:35.90ms
step:489/1288 train_time:17574ms step_avg:35.94ms
step:490/1288 train_time:17637ms step_avg:35.99ms
step:491/1288 train_time:17692ms step_avg:36.03ms
step:492/1288 train_time:17754ms step_avg:36.09ms
step:493/1288 train_time:17808ms step_avg:36.12ms
step:494/1288 train_time:17870ms step_avg:36.17ms
step:495/1288 train_time:17923ms step_avg:36.21ms
step:496/1288 train_time:17985ms step_avg:36.26ms
step:497/1288 train_time:18040ms step_avg:36.30ms
step:498/1288 train_time:18103ms step_avg:36.35ms
step:499/1288 train_time:18157ms step_avg:36.39ms
step:500/1288 train_time:18220ms step_avg:36.44ms
step:500/1288 val_loss:4.0649 train_time:18284ms step_avg:36.57ms
step:501/1288 train_time:18307ms step_avg:36.54ms
step:502/1288 train_time:18341ms step_avg:36.54ms
step:503/1288 train_time:18396ms step_avg:36.57ms
step:504/1288 train_time:18460ms step_avg:36.63ms
step:505/1288 train_time:18513ms step_avg:36.66ms
step:506/1288 train_time:18576ms step_avg:36.71ms
step:507/1288 train_time:18630ms step_avg:36.75ms
step:508/1288 train_time:18692ms step_avg:36.80ms
step:509/1288 train_time:18746ms step_avg:36.83ms
step:510/1288 train_time:18809ms step_avg:36.88ms
step:511/1288 train_time:18862ms step_avg:36.91ms
step:512/1288 train_time:18924ms step_avg:36.96ms
step:513/1288 train_time:18977ms step_avg:36.99ms
step:514/1288 train_time:19039ms step_avg:37.04ms
step:515/1288 train_time:19092ms step_avg:37.07ms
step:516/1288 train_time:19154ms step_avg:37.12ms
step:517/1288 train_time:19208ms step_avg:37.15ms
step:518/1288 train_time:19270ms step_avg:37.20ms
step:519/1288 train_time:19325ms step_avg:37.23ms
step:520/1288 train_time:19389ms step_avg:37.29ms
step:521/1288 train_time:19445ms step_avg:37.32ms
step:522/1288 train_time:19509ms step_avg:37.37ms
step:523/1288 train_time:19563ms step_avg:37.41ms
step:524/1288 train_time:19626ms step_avg:37.45ms
step:525/1288 train_time:19681ms step_avg:37.49ms
step:526/1288 train_time:19742ms step_avg:37.53ms
step:527/1288 train_time:19796ms step_avg:37.56ms
step:528/1288 train_time:19857ms step_avg:37.61ms
step:529/1288 train_time:19911ms step_avg:37.64ms
step:530/1288 train_time:19973ms step_avg:37.68ms
step:531/1288 train_time:20026ms step_avg:37.71ms
step:532/1288 train_time:20089ms step_avg:37.76ms
step:533/1288 train_time:20142ms step_avg:37.79ms
step:534/1288 train_time:20204ms step_avg:37.84ms
step:535/1288 train_time:20258ms step_avg:37.87ms
step:536/1288 train_time:20320ms step_avg:37.91ms
step:537/1288 train_time:20375ms step_avg:37.94ms
step:538/1288 train_time:20437ms step_avg:37.99ms
step:539/1288 train_time:20491ms step_avg:38.02ms
step:540/1288 train_time:20553ms step_avg:38.06ms
step:541/1288 train_time:20607ms step_avg:38.09ms
step:542/1288 train_time:20670ms step_avg:38.14ms
step:543/1288 train_time:20723ms step_avg:38.16ms
step:544/1288 train_time:20787ms step_avg:38.21ms
step:545/1288 train_time:20840ms step_avg:38.24ms
step:546/1288 train_time:20903ms step_avg:38.28ms
step:547/1288 train_time:20957ms step_avg:38.31ms
step:548/1288 train_time:21019ms step_avg:38.36ms
step:549/1288 train_time:21072ms step_avg:38.38ms
step:550/1288 train_time:21134ms step_avg:38.42ms
step:551/1288 train_time:21187ms step_avg:38.45ms
step:552/1288 train_time:21249ms step_avg:38.50ms
step:553/1288 train_time:21304ms step_avg:38.52ms
step:554/1288 train_time:21366ms step_avg:38.57ms
step:555/1288 train_time:21421ms step_avg:38.60ms
step:556/1288 train_time:21485ms step_avg:38.64ms
step:557/1288 train_time:21540ms step_avg:38.67ms
step:558/1288 train_time:21601ms step_avg:38.71ms
step:559/1288 train_time:21655ms step_avg:38.74ms
step:560/1288 train_time:21716ms step_avg:38.78ms
step:561/1288 train_time:21770ms step_avg:38.81ms
step:562/1288 train_time:21833ms step_avg:38.85ms
step:563/1288 train_time:21886ms step_avg:38.87ms
step:564/1288 train_time:21950ms step_avg:38.92ms
step:565/1288 train_time:22003ms step_avg:38.94ms
step:566/1288 train_time:22066ms step_avg:38.99ms
step:567/1288 train_time:22119ms step_avg:39.01ms
step:568/1288 train_time:22182ms step_avg:39.05ms
step:569/1288 train_time:22236ms step_avg:39.08ms
step:570/1288 train_time:22298ms step_avg:39.12ms
step:571/1288 train_time:22352ms step_avg:39.15ms
step:572/1288 train_time:22414ms step_avg:39.18ms
step:573/1288 train_time:22468ms step_avg:39.21ms
step:574/1288 train_time:22530ms step_avg:39.25ms
step:575/1288 train_time:22584ms step_avg:39.28ms
step:576/1288 train_time:22647ms step_avg:39.32ms
step:577/1288 train_time:22702ms step_avg:39.34ms
step:578/1288 train_time:22765ms step_avg:39.39ms
step:579/1288 train_time:22819ms step_avg:39.41ms
step:580/1288 train_time:22881ms step_avg:39.45ms
step:581/1288 train_time:22934ms step_avg:39.47ms
step:582/1288 train_time:22997ms step_avg:39.51ms
step:583/1288 train_time:23050ms step_avg:39.54ms
step:584/1288 train_time:23111ms step_avg:39.57ms
step:585/1288 train_time:23165ms step_avg:39.60ms
step:586/1288 train_time:23229ms step_avg:39.64ms
step:587/1288 train_time:23283ms step_avg:39.66ms
step:588/1288 train_time:23345ms step_avg:39.70ms
step:589/1288 train_time:23400ms step_avg:39.73ms
step:590/1288 train_time:23463ms step_avg:39.77ms
step:591/1288 train_time:23517ms step_avg:39.79ms
step:592/1288 train_time:23579ms step_avg:39.83ms
step:593/1288 train_time:23632ms step_avg:39.85ms
step:594/1288 train_time:23695ms step_avg:39.89ms
step:595/1288 train_time:23750ms step_avg:39.92ms
step:596/1288 train_time:23812ms step_avg:39.95ms
step:597/1288 train_time:23865ms step_avg:39.98ms
step:598/1288 train_time:23928ms step_avg:40.01ms
step:599/1288 train_time:23982ms step_avg:40.04ms
step:600/1288 train_time:24045ms step_avg:40.07ms
step:601/1288 train_time:24099ms step_avg:40.10ms
step:602/1288 train_time:24160ms step_avg:40.13ms
step:603/1288 train_time:24214ms step_avg:40.16ms
step:604/1288 train_time:24275ms step_avg:40.19ms
step:605/1288 train_time:24329ms step_avg:40.21ms
step:606/1288 train_time:24393ms step_avg:40.25ms
step:607/1288 train_time:24446ms step_avg:40.27ms
step:608/1288 train_time:24508ms step_avg:40.31ms
step:609/1288 train_time:24562ms step_avg:40.33ms
step:610/1288 train_time:24625ms step_avg:40.37ms
step:611/1288 train_time:24679ms step_avg:40.39ms
step:612/1288 train_time:24741ms step_avg:40.43ms
step:613/1288 train_time:24796ms step_avg:40.45ms
step:614/1288 train_time:24858ms step_avg:40.48ms
step:615/1288 train_time:24911ms step_avg:40.51ms
step:616/1288 train_time:24973ms step_avg:40.54ms
step:617/1288 train_time:25026ms step_avg:40.56ms
step:618/1288 train_time:25090ms step_avg:40.60ms
step:619/1288 train_time:25144ms step_avg:40.62ms
step:620/1288 train_time:25206ms step_avg:40.66ms
step:621/1288 train_time:25260ms step_avg:40.68ms
step:622/1288 train_time:25324ms step_avg:40.71ms
step:623/1288 train_time:25378ms step_avg:40.73ms
step:624/1288 train_time:25440ms step_avg:40.77ms
step:625/1288 train_time:25494ms step_avg:40.79ms
step:626/1288 train_time:25555ms step_avg:40.82ms
step:627/1288 train_time:25609ms step_avg:40.84ms
step:628/1288 train_time:25671ms step_avg:40.88ms
step:629/1288 train_time:25726ms step_avg:40.90ms
step:630/1288 train_time:25789ms step_avg:40.94ms
step:631/1288 train_time:25843ms step_avg:40.96ms
step:632/1288 train_time:25906ms step_avg:40.99ms
step:633/1288 train_time:25960ms step_avg:41.01ms
step:634/1288 train_time:26022ms step_avg:41.04ms
step:635/1288 train_time:26075ms step_avg:41.06ms
step:636/1288 train_time:26137ms step_avg:41.10ms
step:637/1288 train_time:26191ms step_avg:41.12ms
step:638/1288 train_time:26252ms step_avg:41.15ms
step:639/1288 train_time:26306ms step_avg:41.17ms
step:640/1288 train_time:26369ms step_avg:41.20ms
step:641/1288 train_time:26423ms step_avg:41.22ms
step:642/1288 train_time:26487ms step_avg:41.26ms
step:643/1288 train_time:26542ms step_avg:41.28ms
step:644/1288 train_time:26605ms step_avg:41.31ms
step:645/1288 train_time:26659ms step_avg:41.33ms
step:646/1288 train_time:26721ms step_avg:41.36ms
step:647/1288 train_time:26775ms step_avg:41.38ms
step:648/1288 train_time:26836ms step_avg:41.41ms
step:649/1288 train_time:26890ms step_avg:41.43ms
step:650/1288 train_time:26952ms step_avg:41.46ms
step:651/1288 train_time:27006ms step_avg:41.48ms
step:652/1288 train_time:27068ms step_avg:41.52ms
step:653/1288 train_time:27123ms step_avg:41.54ms
step:654/1288 train_time:27186ms step_avg:41.57ms
step:655/1288 train_time:27240ms step_avg:41.59ms
step:656/1288 train_time:27302ms step_avg:41.62ms
step:657/1288 train_time:27356ms step_avg:41.64ms
step:658/1288 train_time:27417ms step_avg:41.67ms
step:659/1288 train_time:27471ms step_avg:41.69ms
step:660/1288 train_time:27533ms step_avg:41.72ms
step:661/1288 train_time:27587ms step_avg:41.74ms
step:662/1288 train_time:27650ms step_avg:41.77ms
step:663/1288 train_time:27704ms step_avg:41.79ms
step:664/1288 train_time:27766ms step_avg:41.82ms
step:665/1288 train_time:27822ms step_avg:41.84ms
step:666/1288 train_time:27885ms step_avg:41.87ms
step:667/1288 train_time:27939ms step_avg:41.89ms
step:668/1288 train_time:28000ms step_avg:41.92ms
step:669/1288 train_time:28055ms step_avg:41.94ms
step:670/1288 train_time:28116ms step_avg:41.96ms
step:671/1288 train_time:28170ms step_avg:41.98ms
step:672/1288 train_time:28232ms step_avg:42.01ms
step:673/1288 train_time:28285ms step_avg:42.03ms
step:674/1288 train_time:28349ms step_avg:42.06ms
step:675/1288 train_time:28402ms step_avg:42.08ms
step:676/1288 train_time:28465ms step_avg:42.11ms
step:677/1288 train_time:28519ms step_avg:42.13ms
step:678/1288 train_time:28582ms step_avg:42.16ms
step:679/1288 train_time:28636ms step_avg:42.17ms
step:680/1288 train_time:28698ms step_avg:42.20ms
step:681/1288 train_time:28752ms step_avg:42.22ms
step:682/1288 train_time:28813ms step_avg:42.25ms
step:683/1288 train_time:28868ms step_avg:42.27ms
step:684/1288 train_time:28931ms step_avg:42.30ms
step:685/1288 train_time:28984ms step_avg:42.31ms
step:686/1288 train_time:29047ms step_avg:42.34ms
step:687/1288 train_time:29102ms step_avg:42.36ms
step:688/1288 train_time:29164ms step_avg:42.39ms
step:689/1288 train_time:29218ms step_avg:42.41ms
step:690/1288 train_time:29280ms step_avg:42.44ms
step:691/1288 train_time:29334ms step_avg:42.45ms
step:692/1288 train_time:29396ms step_avg:42.48ms
step:693/1288 train_time:29450ms step_avg:42.50ms
step:694/1288 train_time:29511ms step_avg:42.52ms
step:695/1288 train_time:29565ms step_avg:42.54ms
step:696/1288 train_time:29628ms step_avg:42.57ms
step:697/1288 train_time:29682ms step_avg:42.59ms
step:698/1288 train_time:29745ms step_avg:42.61ms
step:699/1288 train_time:29799ms step_avg:42.63ms
step:700/1288 train_time:29861ms step_avg:42.66ms
step:701/1288 train_time:29915ms step_avg:42.67ms
step:702/1288 train_time:29977ms step_avg:42.70ms
step:703/1288 train_time:30031ms step_avg:42.72ms
step:704/1288 train_time:30093ms step_avg:42.75ms
step:705/1288 train_time:30147ms step_avg:42.76ms
step:706/1288 train_time:30210ms step_avg:42.79ms
step:707/1288 train_time:30264ms step_avg:42.81ms
step:708/1288 train_time:30326ms step_avg:42.83ms
step:709/1288 train_time:30381ms step_avg:42.85ms
step:710/1288 train_time:30443ms step_avg:42.88ms
step:711/1288 train_time:30497ms step_avg:42.89ms
step:712/1288 train_time:30559ms step_avg:42.92ms
step:713/1288 train_time:30612ms step_avg:42.93ms
step:714/1288 train_time:30674ms step_avg:42.96ms
step:715/1288 train_time:30729ms step_avg:42.98ms
step:716/1288 train_time:30791ms step_avg:43.00ms
step:717/1288 train_time:30845ms step_avg:43.02ms
step:718/1288 train_time:30908ms step_avg:43.05ms
step:719/1288 train_time:30962ms step_avg:43.06ms
step:720/1288 train_time:31026ms step_avg:43.09ms
step:721/1288 train_time:31081ms step_avg:43.11ms
step:722/1288 train_time:31144ms step_avg:43.14ms
step:723/1288 train_time:31198ms step_avg:43.15ms
step:724/1288 train_time:31259ms step_avg:43.18ms
step:725/1288 train_time:31313ms step_avg:43.19ms
step:726/1288 train_time:31375ms step_avg:43.22ms
step:727/1288 train_time:31429ms step_avg:43.23ms
step:728/1288 train_time:31492ms step_avg:43.26ms
step:729/1288 train_time:31546ms step_avg:43.27ms
step:730/1288 train_time:31608ms step_avg:43.30ms
step:731/1288 train_time:31662ms step_avg:43.31ms
step:732/1288 train_time:31724ms step_avg:43.34ms
step:733/1288 train_time:31779ms step_avg:43.35ms
step:734/1288 train_time:31841ms step_avg:43.38ms
step:735/1288 train_time:31895ms step_avg:43.39ms
step:736/1288 train_time:31957ms step_avg:43.42ms
step:737/1288 train_time:32011ms step_avg:43.43ms
step:738/1288 train_time:32073ms step_avg:43.46ms
step:739/1288 train_time:32127ms step_avg:43.47ms
step:740/1288 train_time:32190ms step_avg:43.50ms
step:741/1288 train_time:32244ms step_avg:43.51ms
step:742/1288 train_time:32307ms step_avg:43.54ms
step:743/1288 train_time:32362ms step_avg:43.56ms
step:744/1288 train_time:32425ms step_avg:43.58ms
step:745/1288 train_time:32479ms step_avg:43.60ms
step:746/1288 train_time:32542ms step_avg:43.62ms
step:747/1288 train_time:32595ms step_avg:43.63ms
step:748/1288 train_time:32656ms step_avg:43.66ms
step:749/1288 train_time:32710ms step_avg:43.67ms
step:750/1288 train_time:32772ms step_avg:43.70ms
step:750/1288 val_loss:3.6561 train_time:32837ms step_avg:43.78ms
step:751/1288 train_time:32857ms step_avg:43.75ms
step:752/1288 train_time:32892ms step_avg:43.74ms
step:753/1288 train_time:32950ms step_avg:43.76ms
step:754/1288 train_time:33015ms step_avg:43.79ms
step:755/1288 train_time:33069ms step_avg:43.80ms
step:756/1288 train_time:33133ms step_avg:43.83ms
step:757/1288 train_time:33186ms step_avg:43.84ms
step:758/1288 train_time:33250ms step_avg:43.87ms
step:759/1288 train_time:33304ms step_avg:43.88ms
step:760/1288 train_time:33366ms step_avg:43.90ms
step:761/1288 train_time:33419ms step_avg:43.91ms
step:762/1288 train_time:33481ms step_avg:43.94ms
step:763/1288 train_time:33534ms step_avg:43.95ms
step:764/1288 train_time:33596ms step_avg:43.97ms
step:765/1288 train_time:33649ms step_avg:43.99ms
step:766/1288 train_time:33710ms step_avg:44.01ms
step:767/1288 train_time:33764ms step_avg:44.02ms
step:768/1288 train_time:33827ms step_avg:44.05ms
step:769/1288 train_time:33883ms step_avg:44.06ms
step:770/1288 train_time:33946ms step_avg:44.09ms
step:771/1288 train_time:34002ms step_avg:44.10ms
step:772/1288 train_time:34065ms step_avg:44.13ms
step:773/1288 train_time:34119ms step_avg:44.14ms
step:774/1288 train_time:34181ms step_avg:44.16ms
step:775/1288 train_time:34236ms step_avg:44.18ms
step:776/1288 train_time:34298ms step_avg:44.20ms
step:777/1288 train_time:34352ms step_avg:44.21ms
step:778/1288 train_time:34414ms step_avg:44.23ms
step:779/1288 train_time:34467ms step_avg:44.25ms
step:780/1288 train_time:34530ms step_avg:44.27ms
step:781/1288 train_time:34584ms step_avg:44.28ms
step:782/1288 train_time:34646ms step_avg:44.30ms
step:783/1288 train_time:34699ms step_avg:44.32ms
step:784/1288 train_time:34761ms step_avg:44.34ms
step:785/1288 train_time:34815ms step_avg:44.35ms
step:786/1288 train_time:34877ms step_avg:44.37ms
step:787/1288 train_time:34932ms step_avg:44.39ms
step:788/1288 train_time:34996ms step_avg:44.41ms
step:789/1288 train_time:35051ms step_avg:44.42ms
step:790/1288 train_time:35114ms step_avg:44.45ms
step:791/1288 train_time:35168ms step_avg:44.46ms
step:792/1288 train_time:35230ms step_avg:44.48ms
step:793/1288 train_time:35285ms step_avg:44.50ms
step:794/1288 train_time:35348ms step_avg:44.52ms
step:795/1288 train_time:35401ms step_avg:44.53ms
step:796/1288 train_time:35463ms step_avg:44.55ms
step:797/1288 train_time:35516ms step_avg:44.56ms
step:798/1288 train_time:35578ms step_avg:44.58ms
step:799/1288 train_time:35631ms step_avg:44.59ms
step:800/1288 train_time:35694ms step_avg:44.62ms
step:801/1288 train_time:35747ms step_avg:44.63ms
step:802/1288 train_time:35810ms step_avg:44.65ms
step:803/1288 train_time:35863ms step_avg:44.66ms
step:804/1288 train_time:35926ms step_avg:44.68ms
step:805/1288 train_time:35981ms step_avg:44.70ms
step:806/1288 train_time:36044ms step_avg:44.72ms
step:807/1288 train_time:36098ms step_avg:44.73ms
step:808/1288 train_time:36160ms step_avg:44.75ms
step:809/1288 train_time:36214ms step_avg:44.76ms
step:810/1288 train_time:36276ms step_avg:44.79ms
step:811/1288 train_time:36330ms step_avg:44.80ms
step:812/1288 train_time:36394ms step_avg:44.82ms
step:813/1288 train_time:36447ms step_avg:44.83ms
step:814/1288 train_time:36510ms step_avg:44.85ms
step:815/1288 train_time:36563ms step_avg:44.86ms
step:816/1288 train_time:36625ms step_avg:44.88ms
step:817/1288 train_time:36678ms step_avg:44.89ms
step:818/1288 train_time:36740ms step_avg:44.91ms
step:819/1288 train_time:36794ms step_avg:44.93ms
step:820/1288 train_time:36856ms step_avg:44.95ms
step:821/1288 train_time:36910ms step_avg:44.96ms
step:822/1288 train_time:36974ms step_avg:44.98ms
step:823/1288 train_time:37028ms step_avg:44.99ms
step:824/1288 train_time:37091ms step_avg:45.01ms
step:825/1288 train_time:37145ms step_avg:45.02ms
step:826/1288 train_time:37208ms step_avg:45.05ms
step:827/1288 train_time:37261ms step_avg:45.06ms
step:828/1288 train_time:37323ms step_avg:45.08ms
step:829/1288 train_time:37377ms step_avg:45.09ms
step:830/1288 train_time:37438ms step_avg:45.11ms
step:831/1288 train_time:37493ms step_avg:45.12ms
step:832/1288 train_time:37555ms step_avg:45.14ms
step:833/1288 train_time:37608ms step_avg:45.15ms
step:834/1288 train_time:37671ms step_avg:45.17ms
step:835/1288 train_time:37725ms step_avg:45.18ms
step:836/1288 train_time:37788ms step_avg:45.20ms
step:837/1288 train_time:37842ms step_avg:45.21ms
step:838/1288 train_time:37905ms step_avg:45.23ms
step:839/1288 train_time:37958ms step_avg:45.24ms
step:840/1288 train_time:38021ms step_avg:45.26ms
step:841/1288 train_time:38074ms step_avg:45.27ms
step:842/1288 train_time:38137ms step_avg:45.29ms
step:843/1288 train_time:38190ms step_avg:45.30ms
step:844/1288 train_time:38254ms step_avg:45.32ms
step:845/1288 train_time:38308ms step_avg:45.33ms
step:846/1288 train_time:38370ms step_avg:45.35ms
step:847/1288 train_time:38425ms step_avg:45.37ms
step:848/1288 train_time:38488ms step_avg:45.39ms
step:849/1288 train_time:38542ms step_avg:45.40ms
step:850/1288 train_time:38605ms step_avg:45.42ms
step:851/1288 train_time:38687ms step_avg:45.46ms
step:852/1288 train_time:38775ms step_avg:45.51ms
step:853/1288 train_time:38856ms step_avg:45.55ms
step:854/1288 train_time:38944ms step_avg:45.60ms
step:855/1288 train_time:39025ms step_avg:45.64ms
step:856/1288 train_time:39113ms step_avg:45.69ms
step:857/1288 train_time:39195ms step_avg:45.73ms
step:858/1288 train_time:39281ms step_avg:45.78ms
step:859/1288 train_time:39361ms step_avg:45.82ms
step:860/1288 train_time:39449ms step_avg:45.87ms
step:861/1288 train_time:39531ms step_avg:45.91ms
step:862/1288 train_time:39619ms step_avg:45.96ms
step:863/1288 train_time:39700ms step_avg:46.00ms
step:864/1288 train_time:39787ms step_avg:46.05ms
step:865/1288 train_time:39868ms step_avg:46.09ms
step:866/1288 train_time:39956ms step_avg:46.14ms
step:867/1288 train_time:40037ms step_avg:46.18ms
step:868/1288 train_time:40124ms step_avg:46.23ms
step:869/1288 train_time:40205ms step_avg:46.27ms
step:870/1288 train_time:40293ms step_avg:46.31ms
step:871/1288 train_time:40374ms step_avg:46.35ms
step:872/1288 train_time:40461ms step_avg:46.40ms
step:873/1288 train_time:40542ms step_avg:46.44ms
step:874/1288 train_time:40630ms step_avg:46.49ms
step:875/1288 train_time:40712ms step_avg:46.53ms
step:876/1288 train_time:40798ms step_avg:46.57ms
step:877/1288 train_time:40879ms step_avg:46.61ms
step:878/1288 train_time:40967ms step_avg:46.66ms
step:879/1288 train_time:41049ms step_avg:46.70ms
step:880/1288 train_time:41137ms step_avg:46.75ms
step:881/1288 train_time:41218ms step_avg:46.79ms
step:882/1288 train_time:41304ms step_avg:46.83ms
step:883/1288 train_time:41385ms step_avg:46.87ms
step:884/1288 train_time:41473ms step_avg:46.91ms
step:885/1288 train_time:41554ms step_avg:46.95ms
step:886/1288 train_time:41640ms step_avg:47.00ms
step:887/1288 train_time:41720ms step_avg:47.04ms
step:888/1288 train_time:41809ms step_avg:47.08ms
step:889/1288 train_time:41889ms step_avg:47.12ms
step:890/1288 train_time:41978ms step_avg:47.17ms
step:891/1288 train_time:42059ms step_avg:47.20ms
step:892/1288 train_time:42146ms step_avg:47.25ms
step:893/1288 train_time:42230ms step_avg:47.29ms
step:894/1288 train_time:42317ms step_avg:47.33ms
step:895/1288 train_time:42397ms step_avg:47.37ms
step:896/1288 train_time:42484ms step_avg:47.42ms
step:897/1288 train_time:42567ms step_avg:47.46ms
step:898/1288 train_time:42654ms step_avg:47.50ms
step:899/1288 train_time:42735ms step_avg:47.54ms
step:900/1288 train_time:42822ms step_avg:47.58ms
step:901/1288 train_time:42902ms step_avg:47.62ms
step:902/1288 train_time:42990ms step_avg:47.66ms
step:903/1288 train_time:43071ms step_avg:47.70ms
step:904/1288 train_time:43160ms step_avg:47.74ms
step:905/1288 train_time:43241ms step_avg:47.78ms
step:906/1288 train_time:43329ms step_avg:47.82ms
step:907/1288 train_time:43410ms step_avg:47.86ms
step:908/1288 train_time:43497ms step_avg:47.90ms
step:909/1288 train_time:43578ms step_avg:47.94ms
step:910/1288 train_time:43666ms step_avg:47.98ms
step:911/1288 train_time:43749ms step_avg:48.02ms
step:912/1288 train_time:43836ms step_avg:48.07ms
step:913/1288 train_time:43916ms step_avg:48.10ms
step:914/1288 train_time:44004ms step_avg:48.14ms
step:915/1288 train_time:44086ms step_avg:48.18ms
step:916/1288 train_time:44174ms step_avg:48.22ms
step:917/1288 train_time:44255ms step_avg:48.26ms
step:918/1288 train_time:44342ms step_avg:48.30ms
step:919/1288 train_time:44423ms step_avg:48.34ms
step:920/1288 train_time:44511ms step_avg:48.38ms
step:921/1288 train_time:44592ms step_avg:48.42ms
step:922/1288 train_time:44680ms step_avg:48.46ms
step:923/1288 train_time:44761ms step_avg:48.50ms
step:924/1288 train_time:44848ms step_avg:48.54ms
step:925/1288 train_time:44929ms step_avg:48.57ms
step:926/1288 train_time:45017ms step_avg:48.61ms
step:927/1288 train_time:45098ms step_avg:48.65ms
step:928/1288 train_time:45185ms step_avg:48.69ms
step:929/1288 train_time:45267ms step_avg:48.73ms
step:930/1288 train_time:45355ms step_avg:48.77ms
step:931/1288 train_time:45436ms step_avg:48.80ms
step:932/1288 train_time:45523ms step_avg:48.84ms
step:933/1288 train_time:45605ms step_avg:48.88ms
step:934/1288 train_time:45693ms step_avg:48.92ms
step:935/1288 train_time:45774ms step_avg:48.96ms
step:936/1288 train_time:45861ms step_avg:49.00ms
step:937/1288 train_time:45941ms step_avg:49.03ms
step:938/1288 train_time:46029ms step_avg:49.07ms
step:939/1288 train_time:46110ms step_avg:49.11ms
step:940/1288 train_time:46198ms step_avg:49.15ms
step:941/1288 train_time:46279ms step_avg:49.18ms
step:942/1288 train_time:46367ms step_avg:49.22ms
step:943/1288 train_time:46449ms step_avg:49.26ms
step:944/1288 train_time:46537ms step_avg:49.30ms
step:945/1288 train_time:46618ms step_avg:49.33ms
step:946/1288 train_time:46704ms step_avg:49.37ms
step:947/1288 train_time:46787ms step_avg:49.41ms
step:948/1288 train_time:46875ms step_avg:49.45ms
step:949/1288 train_time:46956ms step_avg:49.48ms
step:950/1288 train_time:47043ms step_avg:49.52ms
step:951/1288 train_time:47124ms step_avg:49.55ms
step:952/1288 train_time:47212ms step_avg:49.59ms
step:953/1288 train_time:47294ms step_avg:49.63ms
step:954/1288 train_time:47380ms step_avg:49.66ms
step:955/1288 train_time:47461ms step_avg:49.70ms
step:956/1288 train_time:47551ms step_avg:49.74ms
step:957/1288 train_time:47632ms step_avg:49.77ms
step:958/1288 train_time:47719ms step_avg:49.81ms
step:959/1288 train_time:47800ms step_avg:49.84ms
step:960/1288 train_time:47887ms step_avg:49.88ms
step:961/1288 train_time:47970ms step_avg:49.92ms
step:962/1288 train_time:48057ms step_avg:49.96ms
step:963/1288 train_time:48138ms step_avg:49.99ms
step:964/1288 train_time:48225ms step_avg:50.03ms
step:965/1288 train_time:48307ms step_avg:50.06ms
step:966/1288 train_time:48395ms step_avg:50.10ms
step:967/1288 train_time:48475ms step_avg:50.13ms
step:968/1288 train_time:48563ms step_avg:50.17ms
step:969/1288 train_time:48645ms step_avg:50.20ms
step:970/1288 train_time:48733ms step_avg:50.24ms
step:971/1288 train_time:48814ms step_avg:50.27ms
step:972/1288 train_time:48901ms step_avg:50.31ms
step:973/1288 train_time:48981ms step_avg:50.34ms
step:974/1288 train_time:49068ms step_avg:50.38ms
step:975/1288 train_time:49150ms step_avg:50.41ms
step:976/1288 train_time:49240ms step_avg:50.45ms
step:977/1288 train_time:49321ms step_avg:50.48ms
step:978/1288 train_time:49408ms step_avg:50.52ms
step:979/1288 train_time:49490ms step_avg:50.55ms
step:980/1288 train_time:49577ms step_avg:50.59ms
step:981/1288 train_time:49659ms step_avg:50.62ms
step:982/1288 train_time:49746ms step_avg:50.66ms
step:983/1288 train_time:49830ms step_avg:50.69ms
step:984/1288 train_time:49917ms step_avg:50.73ms
step:985/1288 train_time:49997ms step_avg:50.76ms
step:986/1288 train_time:50085ms step_avg:50.80ms
step:987/1288 train_time:50166ms step_avg:50.83ms
step:988/1288 train_time:50255ms step_avg:50.86ms
step:989/1288 train_time:50336ms step_avg:50.90ms
step:990/1288 train_time:50423ms step_avg:50.93ms
step:991/1288 train_time:50503ms step_avg:50.96ms
step:992/1288 train_time:50590ms step_avg:51.00ms
step:993/1288 train_time:50672ms step_avg:51.03ms
step:994/1288 train_time:50760ms step_avg:51.07ms
step:995/1288 train_time:50841ms step_avg:51.10ms
step:996/1288 train_time:50928ms step_avg:51.13ms
step:997/1288 train_time:51010ms step_avg:51.16ms
step:998/1288 train_time:51097ms step_avg:51.20ms
step:999/1288 train_time:51178ms step_avg:51.23ms
step:1000/1288 train_time:51267ms step_avg:51.27ms
step:1000/1288 val_loss:3.4171 train_time:51359ms step_avg:51.36ms
step:1001/1288 train_time:51382ms step_avg:51.33ms
step:1002/1288 train_time:51442ms step_avg:51.34ms
step:1003/1288 train_time:51526ms step_avg:51.37ms
step:1004/1288 train_time:51614ms step_avg:51.41ms
step:1005/1288 train_time:51693ms step_avg:51.44ms
step:1006/1288 train_time:51782ms step_avg:51.47ms
step:1007/1288 train_time:51862ms step_avg:51.50ms
step:1008/1288 train_time:51949ms step_avg:51.54ms
step:1009/1288 train_time:52029ms step_avg:51.56ms
step:1010/1288 train_time:52115ms step_avg:51.60ms
step:1011/1288 train_time:52195ms step_avg:51.63ms
step:1012/1288 train_time:52282ms step_avg:51.66ms
step:1013/1288 train_time:52368ms step_avg:51.70ms
step:1014/1288 train_time:52458ms step_avg:51.73ms
step:1015/1288 train_time:52543ms step_avg:51.77ms
step:1016/1288 train_time:52630ms step_avg:51.80ms
step:1017/1288 train_time:52711ms step_avg:51.83ms
step:1018/1288 train_time:52798ms step_avg:51.86ms
step:1019/1288 train_time:52878ms step_avg:51.89ms
step:1020/1288 train_time:52965ms step_avg:51.93ms
step:1021/1288 train_time:53046ms step_avg:51.96ms
step:1022/1288 train_time:53132ms step_avg:51.99ms
step:1023/1288 train_time:53212ms step_avg:52.02ms
step:1024/1288 train_time:53301ms step_avg:52.05ms
step:1025/1288 train_time:53384ms step_avg:52.08ms
step:1026/1288 train_time:53475ms step_avg:52.12ms
step:1027/1288 train_time:53555ms step_avg:52.15ms
step:1028/1288 train_time:53644ms step_avg:52.18ms
step:1029/1288 train_time:53725ms step_avg:52.21ms
step:1030/1288 train_time:53813ms step_avg:52.25ms
step:1031/1288 train_time:53893ms step_avg:52.27ms
step:1032/1288 train_time:53981ms step_avg:52.31ms
step:1033/1288 train_time:54062ms step_avg:52.34ms
step:1034/1288 train_time:54150ms step_avg:52.37ms
step:1035/1288 train_time:54230ms step_avg:52.40ms
step:1036/1288 train_time:54318ms step_avg:52.43ms
step:1037/1288 train_time:54399ms step_avg:52.46ms
step:1038/1288 train_time:54488ms step_avg:52.49ms
step:1039/1288 train_time:54569ms step_avg:52.52ms
step:1040/1288 train_time:54658ms step_avg:52.56ms
step:1041/1288 train_time:54740ms step_avg:52.58ms
step:1042/1288 train_time:54827ms step_avg:52.62ms
step:1043/1288 train_time:54907ms step_avg:52.64ms
step:1044/1288 train_time:54994ms step_avg:52.68ms
step:1045/1288 train_time:55074ms step_avg:52.70ms
step:1046/1288 train_time:55161ms step_avg:52.74ms
step:1047/1288 train_time:55243ms step_avg:52.76ms
step:1048/1288 train_time:55330ms step_avg:52.80ms
step:1049/1288 train_time:55412ms step_avg:52.82ms
step:1050/1288 train_time:55499ms step_avg:52.86ms
step:1051/1288 train_time:55582ms step_avg:52.88ms
step:1052/1288 train_time:55669ms step_avg:52.92ms
step:1053/1288 train_time:55752ms step_avg:52.95ms
step:1054/1288 train_time:55839ms step_avg:52.98ms
step:1055/1288 train_time:55922ms step_avg:53.01ms
step:1056/1288 train_time:56009ms step_avg:53.04ms
step:1057/1288 train_time:56089ms step_avg:53.06ms
step:1058/1288 train_time:56175ms step_avg:53.10ms
step:1059/1288 train_time:56256ms step_avg:53.12ms
step:1060/1288 train_time:56344ms step_avg:53.15ms
step:1061/1288 train_time:56426ms step_avg:53.18ms
step:1062/1288 train_time:56514ms step_avg:53.21ms
step:1063/1288 train_time:56594ms step_avg:53.24ms
step:1064/1288 train_time:56682ms step_avg:53.27ms
step:1065/1288 train_time:56764ms step_avg:53.30ms
step:1066/1288 train_time:56852ms step_avg:53.33ms
step:1067/1288 train_time:56933ms step_avg:53.36ms
step:1068/1288 train_time:57021ms step_avg:53.39ms
step:1069/1288 train_time:57103ms step_avg:53.42ms
step:1070/1288 train_time:57190ms step_avg:53.45ms
step:1071/1288 train_time:57270ms step_avg:53.47ms
step:1072/1288 train_time:57358ms step_avg:53.51ms
step:1073/1288 train_time:57439ms step_avg:53.53ms
step:1074/1288 train_time:57527ms step_avg:53.56ms
step:1075/1288 train_time:57608ms step_avg:53.59ms
step:1076/1288 train_time:57695ms step_avg:53.62ms
step:1077/1288 train_time:57776ms step_avg:53.65ms
step:1078/1288 train_time:57865ms step_avg:53.68ms
step:1079/1288 train_time:57946ms step_avg:53.70ms
step:1080/1288 train_time:58035ms step_avg:53.74ms
step:1081/1288 train_time:58115ms step_avg:53.76ms
step:1082/1288 train_time:58203ms step_avg:53.79ms
step:1083/1288 train_time:58283ms step_avg:53.82ms
step:1084/1288 train_time:58371ms step_avg:53.85ms
step:1085/1288 train_time:58453ms step_avg:53.87ms
step:1086/1288 train_time:58541ms step_avg:53.91ms
step:1087/1288 train_time:58623ms step_avg:53.93ms
step:1088/1288 train_time:58711ms step_avg:53.96ms
step:1089/1288 train_time:58791ms step_avg:53.99ms
step:1090/1288 train_time:58880ms step_avg:54.02ms
step:1091/1288 train_time:58963ms step_avg:54.05ms
step:1092/1288 train_time:59051ms step_avg:54.08ms
step:1093/1288 train_time:59131ms step_avg:54.10ms
step:1094/1288 train_time:59217ms step_avg:54.13ms
step:1095/1288 train_time:59298ms step_avg:54.15ms
step:1096/1288 train_time:59386ms step_avg:54.18ms
step:1097/1288 train_time:59467ms step_avg:54.21ms
step:1098/1288 train_time:59555ms step_avg:54.24ms
step:1099/1288 train_time:59636ms step_avg:54.26ms
step:1100/1288 train_time:59724ms step_avg:54.29ms
step:1101/1288 train_time:59806ms step_avg:54.32ms
step:1102/1288 train_time:59893ms step_avg:54.35ms
step:1103/1288 train_time:59974ms step_avg:54.37ms
step:1104/1288 train_time:60063ms step_avg:54.40ms
step:1105/1288 train_time:60144ms step_avg:54.43ms
step:1106/1288 train_time:60231ms step_avg:54.46ms
step:1107/1288 train_time:60312ms step_avg:54.48ms
step:1108/1288 train_time:60400ms step_avg:54.51ms
step:1109/1288 train_time:60482ms step_avg:54.54ms
step:1110/1288 train_time:60569ms step_avg:54.57ms
step:1111/1288 train_time:60650ms step_avg:54.59ms
step:1112/1288 train_time:60738ms step_avg:54.62ms
step:1113/1288 train_time:60819ms step_avg:54.64ms
step:1114/1288 train_time:60907ms step_avg:54.67ms
step:1115/1288 train_time:60988ms step_avg:54.70ms
step:1116/1288 train_time:61076ms step_avg:54.73ms
step:1117/1288 train_time:61157ms step_avg:54.75ms
step:1118/1288 train_time:61244ms step_avg:54.78ms
step:1119/1288 train_time:61326ms step_avg:54.80ms
step:1120/1288 train_time:61413ms step_avg:54.83ms
step:1121/1288 train_time:61493ms step_avg:54.86ms
step:1122/1288 train_time:61581ms step_avg:54.89ms
step:1123/1288 train_time:61664ms step_avg:54.91ms
step:1124/1288 train_time:61752ms step_avg:54.94ms
step:1125/1288 train_time:61832ms step_avg:54.96ms
step:1126/1288 train_time:61920ms step_avg:54.99ms
step:1127/1288 train_time:62002ms step_avg:55.02ms
step:1128/1288 train_time:62089ms step_avg:55.04ms
step:1129/1288 train_time:62170ms step_avg:55.07ms
step:1130/1288 train_time:62258ms step_avg:55.10ms
step:1131/1288 train_time:62340ms step_avg:55.12ms
step:1132/1288 train_time:62428ms step_avg:55.15ms
step:1133/1288 train_time:62509ms step_avg:55.17ms
step:1134/1288 train_time:62595ms step_avg:55.20ms
step:1135/1288 train_time:62676ms step_avg:55.22ms
step:1136/1288 train_time:62765ms step_avg:55.25ms
step:1137/1288 train_time:62847ms step_avg:55.27ms
step:1138/1288 train_time:62935ms step_avg:55.30ms
step:1139/1288 train_time:63015ms step_avg:55.33ms
step:1140/1288 train_time:63103ms step_avg:55.35ms
step:1141/1288 train_time:63185ms step_avg:55.38ms
step:1142/1288 train_time:63272ms step_avg:55.40ms
step:1143/1288 train_time:63354ms step_avg:55.43ms
step:1144/1288 train_time:63442ms step_avg:55.46ms
step:1145/1288 train_time:63524ms step_avg:55.48ms
step:1146/1288 train_time:63611ms step_avg:55.51ms
step:1147/1288 train_time:63692ms step_avg:55.53ms
step:1148/1288 train_time:63780ms step_avg:55.56ms
step:1149/1288 train_time:63863ms step_avg:55.58ms
step:1150/1288 train_time:63950ms step_avg:55.61ms
step:1151/1288 train_time:64030ms step_avg:55.63ms
step:1152/1288 train_time:64118ms step_avg:55.66ms
step:1153/1288 train_time:64200ms step_avg:55.68ms
step:1154/1288 train_time:64287ms step_avg:55.71ms
step:1155/1288 train_time:64368ms step_avg:55.73ms
step:1156/1288 train_time:64455ms step_avg:55.76ms
step:1157/1288 train_time:64537ms step_avg:55.78ms
step:1158/1288 train_time:64624ms step_avg:55.81ms
step:1159/1288 train_time:64706ms step_avg:55.83ms
step:1160/1288 train_time:64794ms step_avg:55.86ms
step:1161/1288 train_time:64875ms step_avg:55.88ms
step:1162/1288 train_time:64963ms step_avg:55.91ms
step:1163/1288 train_time:65045ms step_avg:55.93ms
step:1164/1288 train_time:65133ms step_avg:55.96ms
step:1165/1288 train_time:65213ms step_avg:55.98ms
step:1166/1288 train_time:65299ms step_avg:56.00ms
step:1167/1288 train_time:65381ms step_avg:56.02ms
step:1168/1288 train_time:65469ms step_avg:56.05ms
step:1169/1288 train_time:65551ms step_avg:56.07ms
step:1170/1288 train_time:65639ms step_avg:56.10ms
step:1171/1288 train_time:65720ms step_avg:56.12ms
step:1172/1288 train_time:65808ms step_avg:56.15ms
step:1173/1288 train_time:65889ms step_avg:56.17ms
step:1174/1288 train_time:65976ms step_avg:56.20ms
step:1175/1288 train_time:66058ms step_avg:56.22ms
step:1176/1288 train_time:66146ms step_avg:56.25ms
step:1177/1288 train_time:66228ms step_avg:56.27ms
step:1178/1288 train_time:66314ms step_avg:56.29ms
step:1179/1288 train_time:66395ms step_avg:56.31ms
step:1180/1288 train_time:66482ms step_avg:56.34ms
step:1181/1288 train_time:66564ms step_avg:56.36ms
step:1182/1288 train_time:66653ms step_avg:56.39ms
step:1183/1288 train_time:66735ms step_avg:56.41ms
step:1184/1288 train_time:66822ms step_avg:56.44ms
step:1185/1288 train_time:66903ms step_avg:56.46ms
step:1186/1288 train_time:66990ms step_avg:56.48ms
step:1187/1288 train_time:67072ms step_avg:56.51ms
step:1188/1288 train_time:67160ms step_avg:56.53ms
step:1189/1288 train_time:67243ms step_avg:56.55ms
step:1190/1288 train_time:67330ms step_avg:56.58ms
step:1191/1288 train_time:67410ms step_avg:56.60ms
step:1192/1288 train_time:67497ms step_avg:56.63ms
step:1193/1288 train_time:67579ms step_avg:56.65ms
step:1194/1288 train_time:67667ms step_avg:56.67ms
step:1195/1288 train_time:67748ms step_avg:56.69ms
step:1196/1288 train_time:67835ms step_avg:56.72ms
step:1197/1288 train_time:67916ms step_avg:56.74ms
step:1198/1288 train_time:68003ms step_avg:56.76ms
step:1199/1288 train_time:68084ms step_avg:56.78ms
step:1200/1288 train_time:68173ms step_avg:56.81ms
step:1201/1288 train_time:68253ms step_avg:56.83ms
step:1202/1288 train_time:68342ms step_avg:56.86ms
step:1203/1288 train_time:68424ms step_avg:56.88ms
step:1204/1288 train_time:68512ms step_avg:56.90ms
step:1205/1288 train_time:68592ms step_avg:56.92ms
step:1206/1288 train_time:68680ms step_avg:56.95ms
step:1207/1288 train_time:68763ms step_avg:56.97ms
step:1208/1288 train_time:68851ms step_avg:57.00ms
step:1209/1288 train_time:68931ms step_avg:57.02ms
step:1210/1288 train_time:69019ms step_avg:57.04ms
step:1211/1288 train_time:69101ms step_avg:57.06ms
step:1212/1288 train_time:69188ms step_avg:57.09ms
step:1213/1288 train_time:69269ms step_avg:57.11ms
step:1214/1288 train_time:69358ms step_avg:57.13ms
step:1215/1288 train_time:69441ms step_avg:57.15ms
step:1216/1288 train_time:69529ms step_avg:57.18ms
step:1217/1288 train_time:69609ms step_avg:57.20ms
step:1218/1288 train_time:69697ms step_avg:57.22ms
step:1219/1288 train_time:69778ms step_avg:57.24ms
step:1220/1288 train_time:69866ms step_avg:57.27ms
step:1221/1288 train_time:69946ms step_avg:57.29ms
step:1222/1288 train_time:70034ms step_avg:57.31ms
step:1223/1288 train_time:70114ms step_avg:57.33ms
step:1224/1288 train_time:70202ms step_avg:57.35ms
step:1225/1288 train_time:70284ms step_avg:57.37ms
step:1226/1288 train_time:70373ms step_avg:57.40ms
step:1227/1288 train_time:70454ms step_avg:57.42ms
step:1228/1288 train_time:70542ms step_avg:57.44ms
step:1229/1288 train_time:70624ms step_avg:57.46ms
step:1230/1288 train_time:70712ms step_avg:57.49ms
step:1231/1288 train_time:70793ms step_avg:57.51ms
step:1232/1288 train_time:70880ms step_avg:57.53ms
step:1233/1288 train_time:70962ms step_avg:57.55ms
step:1234/1288 train_time:71050ms step_avg:57.58ms
step:1235/1288 train_time:71130ms step_avg:57.60ms
step:1236/1288 train_time:71218ms step_avg:57.62ms
step:1237/1288 train_time:71300ms step_avg:57.64ms
step:1238/1288 train_time:71389ms step_avg:57.66ms
step:1239/1288 train_time:71469ms step_avg:57.68ms
step:1240/1288 train_time:71556ms step_avg:57.71ms
step:1241/1288 train_time:71638ms step_avg:57.73ms
step:1242/1288 train_time:71726ms step_avg:57.75ms
step:1243/1288 train_time:71806ms step_avg:57.77ms
step:1244/1288 train_time:71895ms step_avg:57.79ms
step:1245/1288 train_time:71974ms step_avg:57.81ms
step:1246/1288 train_time:72062ms step_avg:57.83ms
step:1247/1288 train_time:72145ms step_avg:57.85ms
step:1248/1288 train_time:72232ms step_avg:57.88ms
step:1249/1288 train_time:72313ms step_avg:57.90ms
step:1250/1288 train_time:72400ms step_avg:57.92ms
step:1250/1288 val_loss:3.2952 train_time:72493ms step_avg:57.99ms
step:1251/1288 train_time:72514ms step_avg:57.96ms
step:1252/1288 train_time:72574ms step_avg:57.97ms
step:1253/1288 train_time:72659ms step_avg:57.99ms
step:1254/1288 train_time:72747ms step_avg:58.01ms
step:1255/1288 train_time:72829ms step_avg:58.03ms
step:1256/1288 train_time:72915ms step_avg:58.05ms
step:1257/1288 train_time:72995ms step_avg:58.07ms
step:1258/1288 train_time:73081ms step_avg:58.09ms
step:1259/1288 train_time:73161ms step_avg:58.11ms
step:1260/1288 train_time:73248ms step_avg:58.13ms
step:1261/1288 train_time:73330ms step_avg:58.15ms
step:1262/1288 train_time:73417ms step_avg:58.18ms
step:1263/1288 train_time:73500ms step_avg:58.19ms
step:1264/1288 train_time:73590ms step_avg:58.22ms
step:1265/1288 train_time:73672ms step_avg:58.24ms
step:1266/1288 train_time:73761ms step_avg:58.26ms
step:1267/1288 train_time:73842ms step_avg:58.28ms
step:1268/1288 train_time:73930ms step_avg:58.30ms
step:1269/1288 train_time:74011ms step_avg:58.32ms
step:1270/1288 train_time:74098ms step_avg:58.35ms
step:1271/1288 train_time:74178ms step_avg:58.36ms
step:1272/1288 train_time:74264ms step_avg:58.38ms
step:1273/1288 train_time:74344ms step_avg:58.40ms
step:1274/1288 train_time:74435ms step_avg:58.43ms
step:1275/1288 train_time:74521ms step_avg:58.45ms
step:1276/1288 train_time:74611ms step_avg:58.47ms
step:1277/1288 train_time:74694ms step_avg:58.49ms
step:1278/1288 train_time:74782ms step_avg:58.51ms
step:1279/1288 train_time:74864ms step_avg:58.53ms
step:1280/1288 train_time:74953ms step_avg:58.56ms
step:1281/1288 train_time:75034ms step_avg:58.57ms
step:1282/1288 train_time:75122ms step_avg:58.60ms
step:1283/1288 train_time:75202ms step_avg:58.61ms
step:1284/1288 train_time:75290ms step_avg:58.64ms
step:1285/1288 train_time:75372ms step_avg:58.66ms
step:1286/1288 train_time:75460ms step_avg:58.68ms
step:1287/1288 train_time:75543ms step_avg:58.70ms
step:1288/1288 train_time:75632ms step_avg:58.72ms
step:1288/1288 val_loss:3.2755 train_time:75726ms step_avg:58.79ms
peak memory allocated: 32126 MiB reserved: 47430 MiB
Terminal-blended sharded TailEMA scope=readout start=848 every=1 decay=0.9933 blend=0.65
step:0/1288 val_loss:10.8340 train_time:0ms step_avg:0.03ms
step:250/1288 val_loss:4.4431 train_time:8190ms step_avg:32.76ms
step:500/1288 val_loss:4.0649 train_time:18284ms step_avg:36.57ms
step:750/1288 val_loss:3.6561 train_time:32837ms step_avg:43.78ms
step:1000/1288 val_loss:3.4171 train_time:51359ms step_avg:51.36ms
step:1250/1288 val_loss:3.2952 train_time:72493ms step_avg:57.99ms
step:1288/1288 val_loss:3.2755 train_time:75726ms step_avg:58.79ms
PASS 04-candidate
BEGIN 05-candidate scheduled_steps=1273
W0727 22:08:34.629000 59757 torch/distributed/run.py:852] 
W0727 22:08:34.629000 59757 torch/distributed/run.py:852] *****************************************
W0727 22:08:34.629000 59757 torch/distributed/run.py:852] Setting OMP_NUM_THREADS environment variable for each process to be 1 in default, to avoid your system being overloaded, please further tune the variable for optimal performance in your application as needed. 
W0727 22:08:34.629000 59757 torch/distributed/run.py:852] *****************************************
[Gloo] Rank 0 is connected to 7 peer ranks. Expected number of connected peer ranks is : 7
[Gloo] Rank 1 is connected to 7 peer ranks. Expected number of connected peer ranks is : 7
[Gloo] Rank 2 is connected to 7 peer ranks. Expected number of connected peer ranks is : 7
[Gloo] Rank 4 is connected to 7 peer ranks. Expected number of connected peer ranks is : 7
[Gloo] Rank 3 is connected to 7 peer ranks. Expected number of connected peer ranks is : 7
[Gloo] Rank 5 is connected to 7 peer ranks. Expected number of connected peer ranks is : 7
[Gloo] Rank [Gloo] Rank 7 is connected to 76 peer ranks.  is connected to Expected number of connected peer ranks is : 77 peer ranks. Expected number of connected peer ranks is : 
7
Warning: You are sending unauthenticated requests to the HF Hub. Please set a HF_TOKEN to enable higher rate limits and faster downloads.
Warning: You are sending unauthenticated requests to the HF Hub. Please set a HF_TOKEN to enable higher rate limits and faster downloads.
Warning: You are sending unauthenticated requests to the HF Hub. Please set a HF_TOKEN to enable higher rate limits and faster downloads.
Fetching 8 files:   0%|          | 0/8 [00:00<?, ?it/s]Fetching 8 files: 100%|██████████| 8/8 [00:00<00:00, 2396.92it/s]
Fetching 8 files:   0%|          | 0/8 [00:00<?, ?it/s]Fetching 8 files: 100%|██████████| 8/8 [00:00<00:00, 2423.40it/s]
Fetching 8 files:   0%|          | 0/8 [00:00<?, ?it/s]Fetching 8 files: 100%|██████████| 8/8 [00:00<00:00, 2225.69it/s]
Fetching 8 files:   0%|          | 0/8 [00:00<?, ?it/s]Fetching 8 files:   0%|          | 0/8 [00:00<?, ?it/s]Fetching 8 files: 100%|██████████| 8/8 [00:00<00:00, 2517.78it/s]
Fetching 8 files: 100%|██████████| 8/8 [00:00<00:00, 2522.89it/s]
Fetching 8 files:   0%|          | 0/8 [00:00<?, ?it/s]Fetching 8 files: 100%|██████████| 8/8 [00:00<00:00, 2458.92it/s]
logs/86aedaab-7cf5-45bf-af07-731b21219aec.txt
Fetching 8 files:   0%|          | 0/8 [00:00<?, ?it/s]Fetching 8 files:   0%|          | 0/8 [00:00<?, ?it/s]Fetching 8 files: 100%|██████████| 8/8 [00:00<00:00, 2076.90it/s]
Fetching 8 files: 100%|██████████| 8/8 [00:00<00:00, 2389.07it/s]
Compiling model and warming up kernels (~7 minutes on first execution)
Sampling steps [0, 1, 422, 423, 424, 425, 847, 848, 849, 850, 1271, 1272, 1273, 1274, 1287] for warmup
Resetting Model
Terminal-blended sharded TailEMA scope=readout start=848 every=1 decay=0.9933 blend=0.65
step:0/1288 val_loss:10.8321 train_time:0ms step_avg:0.03ms
step:1/1288 train_time:71ms step_avg:71.39ms
step:2/1288 train_time:96ms step_avg:48.13ms
step:3/1288 train_time:116ms step_avg:38.76ms
step:4/1288 train_time:149ms step_avg:37.21ms
step:5/1288 train_time:176ms step_avg:35.24ms
step:6/1288 train_time:214ms step_avg:35.61ms
step:7/1288 train_time:241ms step_avg:34.50ms
step:8/1288 train_time:279ms step_avg:34.82ms
step:9/1288 train_time:306ms step_avg:34.05ms
step:10/1288 train_time:344ms step_avg:34.39ms
step:11/1288 train_time:371ms step_avg:33.77ms
step:12/1288 train_time:409ms step_avg:34.06ms
step:13/1288 train_time:436ms step_avg:33.53ms
step:14/1288 train_time:473ms step_avg:33.79ms
step:15/1288 train_time:501ms step_avg:33.40ms
step:16/1288 train_time:538ms step_avg:33.65ms
step:17/1288 train_time:566ms step_avg:33.28ms
step:18/1288 train_time:603ms step_avg:33.51ms
step:19/1288 train_time:632ms step_avg:33.25ms
step:20/1288 train_time:669ms step_avg:33.45ms
step:21/1288 train_time:696ms step_avg:33.16ms
step:22/1288 train_time:734ms step_avg:33.37ms
step:23/1288 train_time:762ms step_avg:33.11ms
step:24/1288 train_time:799ms step_avg:33.27ms
step:25/1288 train_time:827ms step_avg:33.07ms
step:26/1288 train_time:864ms step_avg:33.22ms
step:27/1288 train_time:892ms step_avg:33.03ms
step:28/1288 train_time:929ms step_avg:33.18ms
step:29/1288 train_time:957ms step_avg:33.01ms
step:30/1288 train_time:994ms step_avg:33.15ms
step:31/1288 train_time:1023ms step_avg:33.00ms
step:32/1288 train_time:1060ms step_avg:33.13ms
step:33/1288 train_time:1088ms step_avg:32.98ms
step:34/1288 train_time:1125ms step_avg:33.10ms
step:35/1288 train_time:1154ms step_avg:32.96ms
step:36/1288 train_time:1191ms step_avg:33.08ms
step:37/1288 train_time:1219ms step_avg:32.93ms
step:38/1288 train_time:1256ms step_avg:33.04ms
step:39/1288 train_time:1284ms step_avg:32.93ms
step:40/1288 train_time:1321ms step_avg:33.03ms
step:41/1288 train_time:1350ms step_avg:32.92ms
step:42/1288 train_time:1386ms step_avg:33.01ms
step:43/1288 train_time:1414ms step_avg:32.89ms
step:44/1288 train_time:1452ms step_avg:32.99ms
step:45/1288 train_time:1479ms step_avg:32.88ms
step:46/1288 train_time:1517ms step_avg:32.97ms
step:47/1288 train_time:1545ms step_avg:32.86ms
step:48/1288 train_time:1582ms step_avg:32.95ms
step:49/1288 train_time:1609ms step_avg:32.84ms
step:50/1288 train_time:1646ms step_avg:32.93ms
step:51/1288 train_time:1674ms step_avg:32.83ms
step:52/1288 train_time:1712ms step_avg:32.92ms
step:53/1288 train_time:1740ms step_avg:32.82ms
step:54/1288 train_time:1777ms step_avg:32.90ms
step:55/1288 train_time:1805ms step_avg:32.81ms
step:56/1288 train_time:1842ms step_avg:32.89ms
step:57/1288 train_time:1870ms step_avg:32.81ms
step:58/1288 train_time:1907ms step_avg:32.88ms
step:59/1288 train_time:1935ms step_avg:32.79ms
step:60/1288 train_time:1972ms step_avg:32.87ms
step:61/1288 train_time:2000ms step_avg:32.78ms
step:62/1288 train_time:2037ms step_avg:32.85ms
step:63/1288 train_time:2066ms step_avg:32.79ms
step:64/1288 train_time:2102ms step_avg:32.85ms
step:65/1288 train_time:2131ms step_avg:32.78ms
step:66/1288 train_time:2168ms step_avg:32.84ms
step:67/1288 train_time:2196ms step_avg:32.77ms
step:68/1288 train_time:2233ms step_avg:32.84ms
step:69/1288 train_time:2261ms step_avg:32.77ms
step:70/1288 train_time:2298ms step_avg:32.83ms
step:71/1288 train_time:2326ms step_avg:32.76ms
step:72/1288 train_time:2363ms step_avg:32.82ms
step:73/1288 train_time:2391ms step_avg:32.75ms
step:74/1288 train_time:2428ms step_avg:32.81ms
step:75/1288 train_time:2456ms step_avg:32.75ms
step:76/1288 train_time:2493ms step_avg:32.80ms
step:77/1288 train_time:2521ms step_avg:32.74ms
step:78/1288 train_time:2558ms step_avg:32.80ms
step:79/1288 train_time:2586ms step_avg:32.74ms
step:80/1288 train_time:2623ms step_avg:32.79ms
step:81/1288 train_time:2652ms step_avg:32.74ms
step:82/1288 train_time:2689ms step_avg:32.79ms
step:83/1288 train_time:2717ms step_avg:32.73ms
step:84/1288 train_time:2754ms step_avg:32.78ms
step:85/1288 train_time:2782ms step_avg:32.72ms
step:86/1288 train_time:2819ms step_avg:32.78ms
step:87/1288 train_time:2847ms step_avg:32.72ms
step:88/1288 train_time:2884ms step_avg:32.77ms
step:89/1288 train_time:2912ms step_avg:32.72ms
step:90/1288 train_time:2950ms step_avg:32.77ms
step:91/1288 train_time:2977ms step_avg:32.71ms
step:92/1288 train_time:3014ms step_avg:32.77ms
step:93/1288 train_time:3043ms step_avg:32.72ms
step:94/1288 train_time:3080ms step_avg:32.76ms
step:95/1288 train_time:3107ms step_avg:32.71ms
step:96/1288 train_time:3145ms step_avg:32.76ms
step:97/1288 train_time:3172ms step_avg:32.71ms
step:98/1288 train_time:3210ms step_avg:32.76ms
step:99/1288 train_time:3238ms step_avg:32.71ms
step:100/1288 train_time:3275ms step_avg:32.75ms
step:101/1288 train_time:3303ms step_avg:32.71ms
step:102/1288 train_time:3340ms step_avg:32.75ms
step:103/1288 train_time:3368ms step_avg:32.70ms
step:104/1288 train_time:3405ms step_avg:32.74ms
step:105/1288 train_time:3433ms step_avg:32.70ms
step:106/1288 train_time:3471ms step_avg:32.74ms
step:107/1288 train_time:3498ms step_avg:32.69ms
step:108/1288 train_time:3535ms step_avg:32.73ms
step:109/1288 train_time:3563ms step_avg:32.69ms
step:110/1288 train_time:3600ms step_avg:32.73ms
step:111/1288 train_time:3628ms step_avg:32.69ms
step:112/1288 train_time:3665ms step_avg:32.72ms
step:113/1288 train_time:3693ms step_avg:32.68ms
step:114/1288 train_time:3730ms step_avg:32.72ms
step:115/1288 train_time:3758ms step_avg:32.68ms
step:116/1288 train_time:3795ms step_avg:32.72ms
step:117/1288 train_time:3824ms step_avg:32.68ms
step:118/1288 train_time:3861ms step_avg:32.72ms
step:119/1288 train_time:3889ms step_avg:32.68ms
step:120/1288 train_time:3926ms step_avg:32.71ms
step:121/1288 train_time:3954ms step_avg:32.67ms
step:122/1288 train_time:3991ms step_avg:32.71ms
step:123/1288 train_time:4019ms step_avg:32.67ms
step:124/1288 train_time:4056ms step_avg:32.71ms
step:125/1288 train_time:4084ms step_avg:32.67ms
step:126/1288 train_time:4121ms step_avg:32.71ms
step:127/1288 train_time:4150ms step_avg:32.67ms
step:128/1288 train_time:4186ms step_avg:32.70ms
step:129/1288 train_time:4214ms step_avg:32.67ms
step:130/1288 train_time:4252ms step_avg:32.71ms
step:131/1288 train_time:4279ms step_avg:32.66ms
step:132/1288 train_time:4316ms step_avg:32.70ms
step:133/1288 train_time:4344ms step_avg:32.67ms
step:134/1288 train_time:4381ms step_avg:32.70ms
step:135/1288 train_time:4410ms step_avg:32.66ms
step:136/1288 train_time:4446ms step_avg:32.69ms
step:137/1288 train_time:4475ms step_avg:32.66ms
step:138/1288 train_time:4512ms step_avg:32.70ms
step:139/1288 train_time:4540ms step_avg:32.66ms
step:140/1288 train_time:4577ms step_avg:32.69ms
step:141/1288 train_time:4605ms step_avg:32.66ms
step:142/1288 train_time:4642ms step_avg:32.69ms
step:143/1288 train_time:4670ms step_avg:32.66ms
step:144/1288 train_time:4707ms step_avg:32.69ms
step:145/1288 train_time:4735ms step_avg:32.66ms
step:146/1288 train_time:4772ms step_avg:32.69ms
step:147/1288 train_time:4800ms step_avg:32.66ms
step:148/1288 train_time:4837ms step_avg:32.68ms
step:149/1288 train_time:4865ms step_avg:32.65ms
step:150/1288 train_time:4902ms step_avg:32.68ms
step:151/1288 train_time:4930ms step_avg:32.65ms
step:152/1288 train_time:4967ms step_avg:32.68ms
step:153/1288 train_time:4995ms step_avg:32.65ms
step:154/1288 train_time:5032ms step_avg:32.68ms
step:155/1288 train_time:5060ms step_avg:32.65ms
step:156/1288 train_time:5097ms step_avg:32.67ms
step:157/1288 train_time:5125ms step_avg:32.64ms
step:158/1288 train_time:5162ms step_avg:32.67ms
step:159/1288 train_time:5190ms step_avg:32.64ms
step:160/1288 train_time:5227ms step_avg:32.67ms
step:161/1288 train_time:5256ms step_avg:32.64ms
step:162/1288 train_time:5292ms step_avg:32.67ms
step:163/1288 train_time:5320ms step_avg:32.64ms
step:164/1288 train_time:5358ms step_avg:32.67ms
step:165/1288 train_time:5385ms step_avg:32.64ms
step:166/1288 train_time:5422ms step_avg:32.66ms
step:167/1288 train_time:5451ms step_avg:32.64ms
step:168/1288 train_time:5488ms step_avg:32.66ms
step:169/1288 train_time:5515ms step_avg:32.64ms
step:170/1288 train_time:5553ms step_avg:32.66ms
step:171/1288 train_time:5581ms step_avg:32.63ms
step:172/1288 train_time:5617ms step_avg:32.66ms
step:173/1288 train_time:5646ms step_avg:32.63ms
step:174/1288 train_time:5683ms step_avg:32.66ms
step:175/1288 train_time:5711ms step_avg:32.63ms
step:176/1288 train_time:5748ms step_avg:32.66ms
step:177/1288 train_time:5776ms step_avg:32.63ms
step:178/1288 train_time:5812ms step_avg:32.65ms
step:179/1288 train_time:5840ms step_avg:32.63ms
step:180/1288 train_time:5877ms step_avg:32.65ms
step:181/1288 train_time:5905ms step_avg:32.62ms
step:182/1288 train_time:5942ms step_avg:32.65ms
step:183/1288 train_time:5970ms step_avg:32.62ms
step:184/1288 train_time:6007ms step_avg:32.65ms
step:185/1288 train_time:6035ms step_avg:32.62ms
step:186/1288 train_time:6072ms step_avg:32.65ms
step:187/1288 train_time:6100ms step_avg:32.62ms
step:188/1288 train_time:6137ms step_avg:32.64ms
step:189/1288 train_time:6165ms step_avg:32.62ms
step:190/1288 train_time:6201ms step_avg:32.64ms
step:191/1288 train_time:6230ms step_avg:32.62ms
step:192/1288 train_time:6267ms step_avg:32.64ms
step:193/1288 train_time:6295ms step_avg:32.61ms
step:194/1288 train_time:6332ms step_avg:32.64ms
step:195/1288 train_time:6360ms step_avg:32.61ms
step:196/1288 train_time:6397ms step_avg:32.64ms
step:197/1288 train_time:6425ms step_avg:32.61ms
step:198/1288 train_time:6462ms step_avg:32.64ms
step:199/1288 train_time:6490ms step_avg:32.61ms
step:200/1288 train_time:6527ms step_avg:32.64ms
step:201/1288 train_time:6555ms step_avg:32.61ms
step:202/1288 train_time:6592ms step_avg:32.64ms
step:203/1288 train_time:6620ms step_avg:32.61ms
step:204/1288 train_time:6657ms step_avg:32.63ms
step:205/1288 train_time:6686ms step_avg:32.61ms
step:206/1288 train_time:6722ms step_avg:32.63ms
step:207/1288 train_time:6750ms step_avg:32.61ms
step:208/1288 train_time:6787ms step_avg:32.63ms
step:209/1288 train_time:6815ms step_avg:32.61ms
step:210/1288 train_time:6852ms step_avg:32.63ms
step:211/1288 train_time:6880ms step_avg:32.61ms
step:212/1288 train_time:6918ms step_avg:32.63ms
step:213/1288 train_time:6945ms step_avg:32.61ms
step:214/1288 train_time:6982ms step_avg:32.63ms
step:215/1288 train_time:7010ms step_avg:32.61ms
step:216/1288 train_time:7047ms step_avg:32.63ms
step:217/1288 train_time:7076ms step_avg:32.61ms
step:218/1288 train_time:7112ms step_avg:32.63ms
step:219/1288 train_time:7140ms step_avg:32.60ms
step:220/1288 train_time:7177ms step_avg:32.62ms
step:221/1288 train_time:7205ms step_avg:32.60ms
step:222/1288 train_time:7242ms step_avg:32.62ms
step:223/1288 train_time:7270ms step_avg:32.60ms
step:224/1288 train_time:7307ms step_avg:32.62ms
step:225/1288 train_time:7334ms step_avg:32.60ms
step:226/1288 train_time:7371ms step_avg:32.62ms
step:227/1288 train_time:7399ms step_avg:32.60ms
step:228/1288 train_time:7436ms step_avg:32.61ms
step:229/1288 train_time:7464ms step_avg:32.60ms
step:230/1288 train_time:7501ms step_avg:32.61ms
step:231/1288 train_time:7529ms step_avg:32.59ms
step:232/1288 train_time:7566ms step_avg:32.61ms
step:233/1288 train_time:7594ms step_avg:32.59ms
step:234/1288 train_time:7631ms step_avg:32.61ms
step:235/1288 train_time:7658ms step_avg:32.59ms
step:236/1288 train_time:7696ms step_avg:32.61ms
step:237/1288 train_time:7724ms step_avg:32.59ms
step:238/1288 train_time:7760ms step_avg:32.61ms
step:239/1288 train_time:7789ms step_avg:32.59ms
step:240/1288 train_time:7826ms step_avg:32.61ms
step:241/1288 train_time:7854ms step_avg:32.59ms
step:242/1288 train_time:7891ms step_avg:32.61ms
step:243/1288 train_time:7919ms step_avg:32.59ms
step:244/1288 train_time:7956ms step_avg:32.61ms
step:245/1288 train_time:7984ms step_avg:32.59ms
step:246/1288 train_time:8021ms step_avg:32.61ms
step:247/1288 train_time:8049ms step_avg:32.59ms
step:248/1288 train_time:8086ms step_avg:32.60ms
step:249/1288 train_time:8114ms step_avg:32.59ms
step:250/1288 train_time:8151ms step_avg:32.60ms
step:250/1288 val_loss:4.4329 train_time:8188ms step_avg:32.75ms
step:251/1288 train_time:8207ms step_avg:32.70ms
step:252/1288 train_time:8228ms step_avg:32.65ms
step:253/1288 train_time:8247ms step_avg:32.60ms
step:254/1288 train_time:8285ms step_avg:32.62ms
step:255/1288 train_time:8314ms step_avg:32.60ms
step:256/1288 train_time:8351ms step_avg:32.62ms
step:257/1288 train_time:8379ms step_avg:32.60ms
step:258/1288 train_time:8416ms step_avg:32.62ms
step:259/1288 train_time:8444ms step_avg:32.60ms
step:260/1288 train_time:8481ms step_avg:32.62ms
step:261/1288 train_time:8509ms step_avg:32.60ms
step:262/1288 train_time:8546ms step_avg:32.62ms
step:263/1288 train_time:8574ms step_avg:32.60ms
step:264/1288 train_time:8611ms step_avg:32.62ms
step:265/1288 train_time:8639ms step_avg:32.60ms
step:266/1288 train_time:8676ms step_avg:32.62ms
step:267/1288 train_time:8704ms step_avg:32.60ms
step:268/1288 train_time:8741ms step_avg:32.61ms
step:269/1288 train_time:8768ms step_avg:32.60ms
step:270/1288 train_time:8805ms step_avg:32.61ms
step:271/1288 train_time:8833ms step_avg:32.59ms
step:272/1288 train_time:8869ms step_avg:32.61ms
step:273/1288 train_time:8897ms step_avg:32.59ms
step:274/1288 train_time:8934ms step_avg:32.61ms
step:275/1288 train_time:8962ms step_avg:32.59ms
step:276/1288 train_time:8999ms step_avg:32.60ms
step:277/1288 train_time:9027ms step_avg:32.59ms
step:278/1288 train_time:9063ms step_avg:32.60ms
step:279/1288 train_time:9091ms step_avg:32.58ms
step:280/1288 train_time:9128ms step_avg:32.60ms
step:281/1288 train_time:9156ms step_avg:32.58ms
step:282/1288 train_time:9194ms step_avg:32.60ms
step:283/1288 train_time:9221ms step_avg:32.58ms
step:284/1288 train_time:9258ms step_avg:32.60ms
step:285/1288 train_time:9287ms step_avg:32.58ms
step:286/1288 train_time:9324ms step_avg:32.60ms
step:287/1288 train_time:9351ms step_avg:32.58ms
step:288/1288 train_time:9389ms step_avg:32.60ms
step:289/1288 train_time:9416ms step_avg:32.58ms
step:290/1288 train_time:9453ms step_avg:32.60ms
step:291/1288 train_time:9481ms step_avg:32.58ms
step:292/1288 train_time:9518ms step_avg:32.60ms
step:293/1288 train_time:9546ms step_avg:32.58ms
step:294/1288 train_time:9583ms step_avg:32.60ms
step:295/1288 train_time:9611ms step_avg:32.58ms
step:296/1288 train_time:9649ms step_avg:32.60ms
step:297/1288 train_time:9676ms step_avg:32.58ms
step:298/1288 train_time:9713ms step_avg:32.59ms
step:299/1288 train_time:9741ms step_avg:32.58ms
step:300/1288 train_time:9778ms step_avg:32.59ms
step:301/1288 train_time:9806ms step_avg:32.58ms
step:302/1288 train_time:9843ms step_avg:32.59ms
step:303/1288 train_time:9870ms step_avg:32.58ms
step:304/1288 train_time:9907ms step_avg:32.59ms
step:305/1288 train_time:9936ms step_avg:32.58ms
step:306/1288 train_time:9972ms step_avg:32.59ms
step:307/1288 train_time:10000ms step_avg:32.57ms
step:308/1288 train_time:10037ms step_avg:32.59ms
step:309/1288 train_time:10065ms step_avg:32.57ms
step:310/1288 train_time:10102ms step_avg:32.59ms
step:311/1288 train_time:10130ms step_avg:32.57ms
step:312/1288 train_time:10167ms step_avg:32.59ms
step:313/1288 train_time:10194ms step_avg:32.57ms
step:314/1288 train_time:10232ms step_avg:32.58ms
step:315/1288 train_time:10260ms step_avg:32.57ms
step:316/1288 train_time:10297ms step_avg:32.59ms
step:317/1288 train_time:10324ms step_avg:32.57ms
step:318/1288 train_time:10361ms step_avg:32.58ms
step:319/1288 train_time:10389ms step_avg:32.57ms
step:320/1288 train_time:10426ms step_avg:32.58ms
step:321/1288 train_time:10454ms step_avg:32.57ms
step:322/1288 train_time:10491ms step_avg:32.58ms
step:323/1288 train_time:10519ms step_avg:32.57ms
step:324/1288 train_time:10556ms step_avg:32.58ms
step:325/1288 train_time:10584ms step_avg:32.57ms
step:326/1288 train_time:10621ms step_avg:32.58ms
step:327/1288 train_time:10649ms step_avg:32.56ms
step:328/1288 train_time:10686ms step_avg:32.58ms
step:329/1288 train_time:10714ms step_avg:32.57ms
step:330/1288 train_time:10751ms step_avg:32.58ms
step:331/1288 train_time:10779ms step_avg:32.56ms
step:332/1288 train_time:10815ms step_avg:32.58ms
step:333/1288 train_time:10843ms step_avg:32.56ms
step:334/1288 train_time:10880ms step_avg:32.57ms
step:335/1288 train_time:10908ms step_avg:32.56ms
step:336/1288 train_time:10944ms step_avg:32.57ms
step:337/1288 train_time:10972ms step_avg:32.56ms
step:338/1288 train_time:11009ms step_avg:32.57ms
step:339/1288 train_time:11037ms step_avg:32.56ms
step:340/1288 train_time:11073ms step_avg:32.57ms
step:341/1288 train_time:11102ms step_avg:32.56ms
step:342/1288 train_time:11138ms step_avg:32.57ms
step:343/1288 train_time:11167ms step_avg:32.56ms
step:344/1288 train_time:11204ms step_avg:32.57ms
step:345/1288 train_time:11231ms step_avg:32.55ms
step:346/1288 train_time:11268ms step_avg:32.57ms
step:347/1288 train_time:11296ms step_avg:32.55ms
step:348/1288 train_time:11333ms step_avg:32.57ms
step:349/1288 train_time:11361ms step_avg:32.55ms
step:350/1288 train_time:11398ms step_avg:32.57ms
step:351/1288 train_time:11427ms step_avg:32.55ms
step:352/1288 train_time:11463ms step_avg:32.57ms
step:353/1288 train_time:11491ms step_avg:32.55ms
step:354/1288 train_time:11528ms step_avg:32.57ms
step:355/1288 train_time:11556ms step_avg:32.55ms
step:356/1288 train_time:11593ms step_avg:32.56ms
step:357/1288 train_time:11621ms step_avg:32.55ms
step:358/1288 train_time:11658ms step_avg:32.56ms
step:359/1288 train_time:11686ms step_avg:32.55ms
step:360/1288 train_time:11722ms step_avg:32.56ms
step:361/1288 train_time:11750ms step_avg:32.55ms
step:362/1288 train_time:11787ms step_avg:32.56ms
step:363/1288 train_time:11815ms step_avg:32.55ms
step:364/1288 train_time:11852ms step_avg:32.56ms
step:365/1288 train_time:11880ms step_avg:32.55ms
step:366/1288 train_time:11916ms step_avg:32.56ms
step:367/1288 train_time:11944ms step_avg:32.55ms
step:368/1288 train_time:11981ms step_avg:32.56ms
step:369/1288 train_time:12009ms step_avg:32.55ms
step:370/1288 train_time:12046ms step_avg:32.56ms
step:371/1288 train_time:12074ms step_avg:32.54ms
step:372/1288 train_time:12111ms step_avg:32.56ms
step:373/1288 train_time:12139ms step_avg:32.54ms
step:374/1288 train_time:12175ms step_avg:32.55ms
step:375/1288 train_time:12204ms step_avg:32.54ms
step:376/1288 train_time:12241ms step_avg:32.55ms
step:377/1288 train_time:12268ms step_avg:32.54ms
step:378/1288 train_time:12306ms step_avg:32.56ms
step:379/1288 train_time:12333ms step_avg:32.54ms
step:380/1288 train_time:12370ms step_avg:32.55ms
step:381/1288 train_time:12399ms step_avg:32.54ms
step:382/1288 train_time:12436ms step_avg:32.55ms
step:383/1288 train_time:12463ms step_avg:32.54ms
step:384/1288 train_time:12500ms step_avg:32.55ms
step:385/1288 train_time:12528ms step_avg:32.54ms
step:386/1288 train_time:12565ms step_avg:32.55ms
step:387/1288 train_time:12593ms step_avg:32.54ms
step:388/1288 train_time:12630ms step_avg:32.55ms
step:389/1288 train_time:12657ms step_avg:32.54ms
step:390/1288 train_time:12695ms step_avg:32.55ms
step:391/1288 train_time:12722ms step_avg:32.54ms
step:392/1288 train_time:12759ms step_avg:32.55ms
step:393/1288 train_time:12787ms step_avg:32.54ms
step:394/1288 train_time:12824ms step_avg:32.55ms
step:395/1288 train_time:12852ms step_avg:32.54ms
step:396/1288 train_time:12889ms step_avg:32.55ms
step:397/1288 train_time:12916ms step_avg:32.54ms
step:398/1288 train_time:12953ms step_avg:32.55ms
step:399/1288 train_time:12981ms step_avg:32.53ms
step:400/1288 train_time:13018ms step_avg:32.54ms
step:401/1288 train_time:13046ms step_avg:32.53ms
step:402/1288 train_time:13082ms step_avg:32.54ms
step:403/1288 train_time:13111ms step_avg:32.53ms
step:404/1288 train_time:13147ms step_avg:32.54ms
step:405/1288 train_time:13175ms step_avg:32.53ms
step:406/1288 train_time:13212ms step_avg:32.54ms
step:407/1288 train_time:13240ms step_avg:32.53ms
step:408/1288 train_time:13277ms step_avg:32.54ms
step:409/1288 train_time:13305ms step_avg:32.53ms
step:410/1288 train_time:13342ms step_avg:32.54ms
step:411/1288 train_time:13370ms step_avg:32.53ms
step:412/1288 train_time:13407ms step_avg:32.54ms
step:413/1288 train_time:13435ms step_avg:32.53ms
step:414/1288 train_time:13471ms step_avg:32.54ms
step:415/1288 train_time:13500ms step_avg:32.53ms
step:416/1288 train_time:13536ms step_avg:32.54ms
step:417/1288 train_time:13564ms step_avg:32.53ms
step:418/1288 train_time:13601ms step_avg:32.54ms
step:419/1288 train_time:13629ms step_avg:32.53ms
step:420/1288 train_time:13666ms step_avg:32.54ms
step:421/1288 train_time:13694ms step_avg:32.53ms
step:422/1288 train_time:13731ms step_avg:32.54ms
step:423/1288 train_time:13759ms step_avg:32.53ms
step:424/1288 train_time:13796ms step_avg:32.54ms
step:425/1288 train_time:13826ms step_avg:32.53ms
step:426/1288 train_time:13890ms step_avg:32.60ms
step:427/1288 train_time:13943ms step_avg:32.65ms
step:428/1288 train_time:14005ms step_avg:32.72ms
step:429/1288 train_time:14059ms step_avg:32.77ms
step:430/1288 train_time:14121ms step_avg:32.84ms
step:431/1288 train_time:14174ms step_avg:32.89ms
step:432/1288 train_time:14236ms step_avg:32.95ms
step:433/1288 train_time:14291ms step_avg:33.00ms
step:434/1288 train_time:14353ms step_avg:33.07ms
step:435/1288 train_time:14407ms step_avg:33.12ms
step:436/1288 train_time:14469ms step_avg:33.19ms
step:437/1288 train_time:14524ms step_avg:33.23ms
step:438/1288 train_time:14585ms step_avg:33.30ms
step:439/1288 train_time:14639ms step_avg:33.35ms
step:440/1288 train_time:14701ms step_avg:33.41ms
step:441/1288 train_time:14755ms step_avg:33.46ms
step:442/1288 train_time:14817ms step_avg:33.52ms
step:443/1288 train_time:14871ms step_avg:33.57ms
step:444/1288 train_time:14933ms step_avg:33.63ms
step:445/1288 train_time:14988ms step_avg:33.68ms
step:446/1288 train_time:15050ms step_avg:33.75ms
step:447/1288 train_time:15104ms step_avg:33.79ms
step:448/1288 train_time:15165ms step_avg:33.85ms
step:449/1288 train_time:15219ms step_avg:33.90ms
step:450/1288 train_time:15281ms step_avg:33.96ms
step:451/1288 train_time:15334ms step_avg:34.00ms
step:452/1288 train_time:15398ms step_avg:34.07ms
step:453/1288 train_time:15452ms step_avg:34.11ms
step:454/1288 train_time:15515ms step_avg:34.17ms
step:455/1288 train_time:15570ms step_avg:34.22ms
step:456/1288 train_time:15633ms step_avg:34.28ms
step:457/1288 train_time:15687ms step_avg:34.33ms
step:458/1288 train_time:15749ms step_avg:34.39ms
step:459/1288 train_time:15803ms step_avg:34.43ms
step:460/1288 train_time:15864ms step_avg:34.49ms
step:461/1288 train_time:15917ms step_avg:34.53ms
step:462/1288 train_time:15979ms step_avg:34.59ms
step:463/1288 train_time:16033ms step_avg:34.63ms
step:464/1288 train_time:16096ms step_avg:34.69ms
step:465/1288 train_time:16150ms step_avg:34.73ms
step:466/1288 train_time:16213ms step_avg:34.79ms
step:467/1288 train_time:16266ms step_avg:34.83ms
step:468/1288 train_time:16329ms step_avg:34.89ms
step:469/1288 train_time:16383ms step_avg:34.93ms
step:470/1288 train_time:16445ms step_avg:34.99ms
step:471/1288 train_time:16499ms step_avg:35.03ms
step:472/1288 train_time:16561ms step_avg:35.09ms
step:473/1288 train_time:16615ms step_avg:35.13ms
step:474/1288 train_time:16678ms step_avg:35.18ms
step:475/1288 train_time:16732ms step_avg:35.22ms
step:476/1288 train_time:16794ms step_avg:35.28ms
step:477/1288 train_time:16849ms step_avg:35.32ms
step:478/1288 train_time:16912ms step_avg:35.38ms
step:479/1288 train_time:16965ms step_avg:35.42ms
step:480/1288 train_time:17027ms step_avg:35.47ms
step:481/1288 train_time:17080ms step_avg:35.51ms
step:482/1288 train_time:17142ms step_avg:35.56ms
step:483/1288 train_time:17196ms step_avg:35.60ms
step:484/1288 train_time:17258ms step_avg:35.66ms
step:485/1288 train_time:17311ms step_avg:35.69ms
step:486/1288 train_time:17374ms step_avg:35.75ms
step:487/1288 train_time:17429ms step_avg:35.79ms
step:488/1288 train_time:17491ms step_avg:35.84ms
step:489/1288 train_time:17546ms step_avg:35.88ms
step:490/1288 train_time:17608ms step_avg:35.94ms
step:491/1288 train_time:17662ms step_avg:35.97ms
step:492/1288 train_time:17724ms step_avg:36.03ms
step:493/1288 train_time:17778ms step_avg:36.06ms
step:494/1288 train_time:17840ms step_avg:36.11ms
step:495/1288 train_time:17893ms step_avg:36.15ms
step:496/1288 train_time:17956ms step_avg:36.20ms
step:497/1288 train_time:18010ms step_avg:36.24ms
step:498/1288 train_time:18072ms step_avg:36.29ms
step:499/1288 train_time:18126ms step_avg:36.32ms
step:500/1288 train_time:18188ms step_avg:36.38ms
step:500/1288 val_loss:4.0773 train_time:18252ms step_avg:36.50ms
step:501/1288 train_time:18272ms step_avg:36.47ms
step:502/1288 train_time:18306ms step_avg:36.47ms
step:503/1288 train_time:18364ms step_avg:36.51ms
step:504/1288 train_time:18431ms step_avg:36.57ms
step:505/1288 train_time:18486ms step_avg:36.61ms
step:506/1288 train_time:18548ms step_avg:36.66ms
step:507/1288 train_time:18602ms step_avg:36.69ms
step:508/1288 train_time:18664ms step_avg:36.74ms
step:509/1288 train_time:18718ms step_avg:36.77ms
step:510/1288 train_time:18780ms step_avg:36.82ms
step:511/1288 train_time:18833ms step_avg:36.86ms
step:512/1288 train_time:18895ms step_avg:36.90ms
step:513/1288 train_time:18949ms step_avg:36.94ms
step:514/1288 train_time:19010ms step_avg:36.98ms
step:515/1288 train_time:19064ms step_avg:37.02ms
step:516/1288 train_time:19126ms step_avg:37.07ms
step:517/1288 train_time:19179ms step_avg:37.10ms
step:518/1288 train_time:19242ms step_avg:37.15ms
step:519/1288 train_time:19298ms step_avg:37.18ms
step:520/1288 train_time:19361ms step_avg:37.23ms
step:521/1288 train_time:19416ms step_avg:37.27ms
step:522/1288 train_time:19478ms step_avg:37.32ms
step:523/1288 train_time:19532ms step_avg:37.35ms
step:524/1288 train_time:19593ms step_avg:37.39ms
step:525/1288 train_time:19647ms step_avg:37.42ms
step:526/1288 train_time:19710ms step_avg:37.47ms
step:527/1288 train_time:19764ms step_avg:37.50ms
step:528/1288 train_time:19827ms step_avg:37.55ms
step:529/1288 train_time:19881ms step_avg:37.58ms
step:530/1288 train_time:19944ms step_avg:37.63ms
step:531/1288 train_time:19998ms step_avg:37.66ms
step:532/1288 train_time:20059ms step_avg:37.71ms
step:533/1288 train_time:20113ms step_avg:37.73ms
step:534/1288 train_time:20175ms step_avg:37.78ms
step:535/1288 train_time:20229ms step_avg:37.81ms
step:536/1288 train_time:20291ms step_avg:37.86ms
step:537/1288 train_time:20346ms step_avg:37.89ms
step:538/1288 train_time:20409ms step_avg:37.93ms
step:539/1288 train_time:20464ms step_avg:37.97ms
step:540/1288 train_time:20526ms step_avg:38.01ms
step:541/1288 train_time:20580ms step_avg:38.04ms
step:542/1288 train_time:20643ms step_avg:38.09ms
step:543/1288 train_time:20697ms step_avg:38.12ms
step:544/1288 train_time:20760ms step_avg:38.16ms
step:545/1288 train_time:20813ms step_avg:38.19ms
step:546/1288 train_time:20875ms step_avg:38.23ms
step:547/1288 train_time:20929ms step_avg:38.26ms
step:548/1288 train_time:20990ms step_avg:38.30ms
step:549/1288 train_time:21044ms step_avg:38.33ms
step:550/1288 train_time:21107ms step_avg:38.38ms
step:551/1288 train_time:21161ms step_avg:38.41ms
step:552/1288 train_time:21224ms step_avg:38.45ms
step:553/1288 train_time:21278ms step_avg:38.48ms
step:554/1288 train_time:21339ms step_avg:38.52ms
step:555/1288 train_time:21394ms step_avg:38.55ms
step:556/1288 train_time:21455ms step_avg:38.59ms
step:557/1288 train_time:21510ms step_avg:38.62ms
step:558/1288 train_time:21572ms step_avg:38.66ms
step:559/1288 train_time:21625ms step_avg:38.69ms
step:560/1288 train_time:21689ms step_avg:38.73ms
step:561/1288 train_time:21742ms step_avg:38.76ms
step:562/1288 train_time:21805ms step_avg:38.80ms
step:563/1288 train_time:21860ms step_avg:38.83ms
step:564/1288 train_time:21922ms step_avg:38.87ms
step:565/1288 train_time:21975ms step_avg:38.89ms
step:566/1288 train_time:22037ms step_avg:38.93ms
step:567/1288 train_time:22091ms step_avg:38.96ms
step:568/1288 train_time:22153ms step_avg:39.00ms
step:569/1288 train_time:22207ms step_avg:39.03ms
step:570/1288 train_time:22269ms step_avg:39.07ms
step:571/1288 train_time:22323ms step_avg:39.10ms
step:572/1288 train_time:22387ms step_avg:39.14ms
step:573/1288 train_time:22441ms step_avg:39.16ms
step:574/1288 train_time:22503ms step_avg:39.20ms
step:575/1288 train_time:22558ms step_avg:39.23ms
step:576/1288 train_time:22620ms step_avg:39.27ms
step:577/1288 train_time:22674ms step_avg:39.30ms
step:578/1288 train_time:22735ms step_avg:39.33ms
step:579/1288 train_time:22789ms step_avg:39.36ms
step:580/1288 train_time:22851ms step_avg:39.40ms
step:581/1288 train_time:22904ms step_avg:39.42ms
step:582/1288 train_time:22968ms step_avg:39.46ms
step:583/1288 train_time:23021ms step_avg:39.49ms
step:584/1288 train_time:23084ms step_avg:39.53ms
step:585/1288 train_time:23138ms step_avg:39.55ms
step:586/1288 train_time:23201ms step_avg:39.59ms
step:587/1288 train_time:23254ms step_avg:39.61ms
step:588/1288 train_time:23315ms step_avg:39.65ms
step:589/1288 train_time:23369ms step_avg:39.68ms
step:590/1288 train_time:23432ms step_avg:39.71ms
step:591/1288 train_time:23486ms step_avg:39.74ms
step:592/1288 train_time:23549ms step_avg:39.78ms
step:593/1288 train_time:23603ms step_avg:39.80ms
step:594/1288 train_time:23666ms step_avg:39.84ms
step:595/1288 train_time:23721ms step_avg:39.87ms
step:596/1288 train_time:23783ms step_avg:39.91ms
step:597/1288 train_time:23838ms step_avg:39.93ms
step:598/1288 train_time:23900ms step_avg:39.97ms
step:599/1288 train_time:23955ms step_avg:39.99ms
step:600/1288 train_time:24016ms step_avg:40.03ms
step:601/1288 train_time:24070ms step_avg:40.05ms
step:602/1288 train_time:24131ms step_avg:40.09ms
step:603/1288 train_time:24185ms step_avg:40.11ms
step:604/1288 train_time:24247ms step_avg:40.14ms
step:605/1288 train_time:24302ms step_avg:40.17ms
step:606/1288 train_time:24364ms step_avg:40.20ms
step:607/1288 train_time:24419ms step_avg:40.23ms
step:608/1288 train_time:24481ms step_avg:40.26ms
step:609/1288 train_time:24536ms step_avg:40.29ms
step:610/1288 train_time:24596ms step_avg:40.32ms
step:611/1288 train_time:24650ms step_avg:40.34ms
step:612/1288 train_time:24713ms step_avg:40.38ms
step:613/1288 train_time:24767ms step_avg:40.40ms
step:614/1288 train_time:24829ms step_avg:40.44ms
step:615/1288 train_time:24883ms step_avg:40.46ms
step:616/1288 train_time:24946ms step_avg:40.50ms
step:617/1288 train_time:25000ms step_avg:40.52ms
step:618/1288 train_time:25063ms step_avg:40.55ms
step:619/1288 train_time:25116ms step_avg:40.58ms
step:620/1288 train_time:25178ms step_avg:40.61ms
step:621/1288 train_time:25232ms step_avg:40.63ms
step:622/1288 train_time:25293ms step_avg:40.66ms
step:623/1288 train_time:25347ms step_avg:40.69ms
step:624/1288 train_time:25409ms step_avg:40.72ms
step:625/1288 train_time:25465ms step_avg:40.74ms
step:626/1288 train_time:25527ms step_avg:40.78ms
step:627/1288 train_time:25581ms step_avg:40.80ms
step:628/1288 train_time:25644ms step_avg:40.83ms
step:629/1288 train_time:25699ms step_avg:40.86ms
step:630/1288 train_time:25761ms step_avg:40.89ms
step:631/1288 train_time:25815ms step_avg:40.91ms
step:632/1288 train_time:25876ms step_avg:40.94ms
step:633/1288 train_time:25930ms step_avg:40.96ms
step:634/1288 train_time:25991ms step_avg:41.00ms
step:635/1288 train_time:26046ms step_avg:41.02ms
step:636/1288 train_time:26109ms step_avg:41.05ms
step:637/1288 train_time:26163ms step_avg:41.07ms
step:638/1288 train_time:26225ms step_avg:41.10ms
step:639/1288 train_time:26279ms step_avg:41.12ms
step:640/1288 train_time:26341ms step_avg:41.16ms
step:641/1288 train_time:26395ms step_avg:41.18ms
step:642/1288 train_time:26456ms step_avg:41.21ms
step:643/1288 train_time:26511ms step_avg:41.23ms
step:644/1288 train_time:26574ms step_avg:41.26ms
step:645/1288 train_time:26627ms step_avg:41.28ms
step:646/1288 train_time:26690ms step_avg:41.32ms
step:647/1288 train_time:26744ms step_avg:41.34ms
step:648/1288 train_time:26806ms step_avg:41.37ms
step:649/1288 train_time:26860ms step_avg:41.39ms
step:650/1288 train_time:26923ms step_avg:41.42ms
step:651/1288 train_time:26978ms step_avg:41.44ms
step:652/1288 train_time:27039ms step_avg:41.47ms
step:653/1288 train_time:27092ms step_avg:41.49ms
step:654/1288 train_time:27154ms step_avg:41.52ms
step:655/1288 train_time:27208ms step_avg:41.54ms
step:656/1288 train_time:27271ms step_avg:41.57ms
step:657/1288 train_time:27324ms step_avg:41.59ms
step:658/1288 train_time:27387ms step_avg:41.62ms
step:659/1288 train_time:27441ms step_avg:41.64ms
step:660/1288 train_time:27504ms step_avg:41.67ms
step:661/1288 train_time:27559ms step_avg:41.69ms
step:662/1288 train_time:27621ms step_avg:41.72ms
step:663/1288 train_time:27675ms step_avg:41.74ms
step:664/1288 train_time:27736ms step_avg:41.77ms
step:665/1288 train_time:27789ms step_avg:41.79ms
step:666/1288 train_time:27851ms step_avg:41.82ms
step:667/1288 train_time:27906ms step_avg:41.84ms
step:668/1288 train_time:27970ms step_avg:41.87ms
step:669/1288 train_time:28024ms step_avg:41.89ms
step:670/1288 train_time:28086ms step_avg:41.92ms
step:671/1288 train_time:28140ms step_avg:41.94ms
step:672/1288 train_time:28203ms step_avg:41.97ms
step:673/1288 train_time:28257ms step_avg:41.99ms
step:674/1288 train_time:28319ms step_avg:42.02ms
step:675/1288 train_time:28372ms step_avg:42.03ms
step:676/1288 train_time:28434ms step_avg:42.06ms
step:677/1288 train_time:28488ms step_avg:42.08ms
step:678/1288 train_time:28549ms step_avg:42.11ms
step:679/1288 train_time:28604ms step_avg:42.13ms
step:680/1288 train_time:28668ms step_avg:42.16ms
step:681/1288 train_time:28722ms step_avg:42.18ms
step:682/1288 train_time:28786ms step_avg:42.21ms
step:683/1288 train_time:28840ms step_avg:42.23ms
step:684/1288 train_time:28903ms step_avg:42.26ms
step:685/1288 train_time:28957ms step_avg:42.27ms
step:686/1288 train_time:29019ms step_avg:42.30ms
step:687/1288 train_time:29072ms step_avg:42.32ms
step:688/1288 train_time:29134ms step_avg:42.35ms
step:689/1288 train_time:29188ms step_avg:42.36ms
step:690/1288 train_time:29250ms step_avg:42.39ms
step:691/1288 train_time:29304ms step_avg:42.41ms
step:692/1288 train_time:29368ms step_avg:42.44ms
step:693/1288 train_time:29422ms step_avg:42.46ms
step:694/1288 train_time:29484ms step_avg:42.48ms
step:695/1288 train_time:29537ms step_avg:42.50ms
step:696/1288 train_time:29600ms step_avg:42.53ms
step:697/1288 train_time:29654ms step_avg:42.55ms
step:698/1288 train_time:29716ms step_avg:42.57ms
step:699/1288 train_time:29770ms step_avg:42.59ms
step:700/1288 train_time:29832ms step_avg:42.62ms
step:701/1288 train_time:29886ms step_avg:42.63ms
step:702/1288 train_time:29949ms step_avg:42.66ms
step:703/1288 train_time:30002ms step_avg:42.68ms
step:704/1288 train_time:30066ms step_avg:42.71ms
step:705/1288 train_time:30120ms step_avg:42.72ms
step:706/1288 train_time:30183ms step_avg:42.75ms
step:707/1288 train_time:30237ms step_avg:42.77ms
step:708/1288 train_time:30300ms step_avg:42.80ms
step:709/1288 train_time:30353ms step_avg:42.81ms
step:710/1288 train_time:30414ms step_avg:42.84ms
step:711/1288 train_time:30468ms step_avg:42.85ms
step:712/1288 train_time:30531ms step_avg:42.88ms
step:713/1288 train_time:30583ms step_avg:42.89ms
step:714/1288 train_time:30646ms step_avg:42.92ms
step:715/1288 train_time:30700ms step_avg:42.94ms
step:716/1288 train_time:30763ms step_avg:42.97ms
step:717/1288 train_time:30817ms step_avg:42.98ms
step:718/1288 train_time:30879ms step_avg:43.01ms
step:719/1288 train_time:30933ms step_avg:43.02ms
step:720/1288 train_time:30995ms step_avg:43.05ms
step:721/1288 train_time:31049ms step_avg:43.06ms
step:722/1288 train_time:31111ms step_avg:43.09ms
step:723/1288 train_time:31166ms step_avg:43.11ms
step:724/1288 train_time:31228ms step_avg:43.13ms
step:725/1288 train_time:31282ms step_avg:43.15ms
step:726/1288 train_time:31344ms step_avg:43.17ms
step:727/1288 train_time:31399ms step_avg:43.19ms
step:728/1288 train_time:31461ms step_avg:43.22ms
step:729/1288 train_time:31516ms step_avg:43.23ms
step:730/1288 train_time:31578ms step_avg:43.26ms
step:731/1288 train_time:31631ms step_avg:43.27ms
step:732/1288 train_time:31693ms step_avg:43.30ms
step:733/1288 train_time:31748ms step_avg:43.31ms
step:734/1288 train_time:31809ms step_avg:43.34ms
step:735/1288 train_time:31864ms step_avg:43.35ms
step:736/1288 train_time:31926ms step_avg:43.38ms
step:737/1288 train_time:31981ms step_avg:43.39ms
step:738/1288 train_time:32043ms step_avg:43.42ms
step:739/1288 train_time:32097ms step_avg:43.43ms
step:740/1288 train_time:32159ms step_avg:43.46ms
step:741/1288 train_time:32213ms step_avg:43.47ms
step:742/1288 train_time:32274ms step_avg:43.50ms
step:743/1288 train_time:32329ms step_avg:43.51ms
step:744/1288 train_time:32391ms step_avg:43.54ms
step:745/1288 train_time:32445ms step_avg:43.55ms
step:746/1288 train_time:32507ms step_avg:43.58ms
step:747/1288 train_time:32562ms step_avg:43.59ms
step:748/1288 train_time:32625ms step_avg:43.62ms
step:749/1288 train_time:32679ms step_avg:43.63ms
step:750/1288 train_time:32741ms step_avg:43.65ms
step:750/1288 val_loss:3.6631 train_time:32806ms step_avg:43.74ms
step:751/1288 train_time:32826ms step_avg:43.71ms
step:752/1288 train_time:32864ms step_avg:43.70ms
step:753/1288 train_time:32919ms step_avg:43.72ms
step:754/1288 train_time:32984ms step_avg:43.75ms
step:755/1288 train_time:33039ms step_avg:43.76ms
step:756/1288 train_time:33100ms step_avg:43.78ms
step:757/1288 train_time:33154ms step_avg:43.80ms
step:758/1288 train_time:33215ms step_avg:43.82ms
step:759/1288 train_time:33268ms step_avg:43.83ms
step:760/1288 train_time:33331ms step_avg:43.86ms
step:761/1288 train_time:33384ms step_avg:43.87ms
step:762/1288 train_time:33446ms step_avg:43.89ms
step:763/1288 train_time:33500ms step_avg:43.91ms
step:764/1288 train_time:33560ms step_avg:43.93ms
step:765/1288 train_time:33615ms step_avg:43.94ms
step:766/1288 train_time:33677ms step_avg:43.96ms
step:767/1288 train_time:33731ms step_avg:43.98ms
step:768/1288 train_time:33795ms step_avg:44.00ms
step:769/1288 train_time:33850ms step_avg:44.02ms
step:770/1288 train_time:33914ms step_avg:44.04ms
step:771/1288 train_time:33970ms step_avg:44.06ms
step:772/1288 train_time:34032ms step_avg:44.08ms
step:773/1288 train_time:34087ms step_avg:44.10ms
step:774/1288 train_time:34149ms step_avg:44.12ms
step:775/1288 train_time:34203ms step_avg:44.13ms
step:776/1288 train_time:34264ms step_avg:44.15ms
step:777/1288 train_time:34318ms step_avg:44.17ms
step:778/1288 train_time:34379ms step_avg:44.19ms
step:779/1288 train_time:34432ms step_avg:44.20ms
step:780/1288 train_time:34494ms step_avg:44.22ms
step:781/1288 train_time:34548ms step_avg:44.24ms
step:782/1288 train_time:34609ms step_avg:44.26ms
step:783/1288 train_time:34664ms step_avg:44.27ms
step:784/1288 train_time:34726ms step_avg:44.29ms
step:785/1288 train_time:34781ms step_avg:44.31ms
step:786/1288 train_time:34843ms step_avg:44.33ms
step:787/1288 train_time:34899ms step_avg:44.34ms
step:788/1288 train_time:34961ms step_avg:44.37ms
step:789/1288 train_time:35016ms step_avg:44.38ms
step:790/1288 train_time:35078ms step_avg:44.40ms
step:791/1288 train_time:35133ms step_avg:44.42ms
step:792/1288 train_time:35195ms step_avg:44.44ms
step:793/1288 train_time:35249ms step_avg:44.45ms
step:794/1288 train_time:35313ms step_avg:44.48ms
step:795/1288 train_time:35366ms step_avg:44.49ms
step:796/1288 train_time:35429ms step_avg:44.51ms
step:797/1288 train_time:35482ms step_avg:44.52ms
step:798/1288 train_time:35544ms step_avg:44.54ms
step:799/1288 train_time:35597ms step_avg:44.55ms
step:800/1288 train_time:35658ms step_avg:44.57ms
step:801/1288 train_time:35712ms step_avg:44.58ms
step:802/1288 train_time:35775ms step_avg:44.61ms
step:803/1288 train_time:35830ms step_avg:44.62ms
step:804/1288 train_time:35893ms step_avg:44.64ms
step:805/1288 train_time:35948ms step_avg:44.66ms
step:806/1288 train_time:36012ms step_avg:44.68ms
step:807/1288 train_time:36066ms step_avg:44.69ms
step:808/1288 train_time:36129ms step_avg:44.71ms
step:809/1288 train_time:36184ms step_avg:44.73ms
step:810/1288 train_time:36245ms step_avg:44.75ms
step:811/1288 train_time:36298ms step_avg:44.76ms
step:812/1288 train_time:36360ms step_avg:44.78ms
step:813/1288 train_time:36414ms step_avg:44.79ms
step:814/1288 train_time:36476ms step_avg:44.81ms
step:815/1288 train_time:36530ms step_avg:44.82ms
step:816/1288 train_time:36592ms step_avg:44.84ms
step:817/1288 train_time:36646ms step_avg:44.85ms
step:818/1288 train_time:36708ms step_avg:44.87ms
step:819/1288 train_time:36762ms step_avg:44.89ms
step:820/1288 train_time:36824ms step_avg:44.91ms
step:821/1288 train_time:36878ms step_avg:44.92ms
step:822/1288 train_time:36940ms step_avg:44.94ms
step:823/1288 train_time:36995ms step_avg:44.95ms
step:824/1288 train_time:37056ms step_avg:44.97ms
step:825/1288 train_time:37111ms step_avg:44.98ms
step:826/1288 train_time:37174ms step_avg:45.01ms
step:827/1288 train_time:37229ms step_avg:45.02ms
step:828/1288 train_time:37291ms step_avg:45.04ms
step:829/1288 train_time:37345ms step_avg:45.05ms
step:830/1288 train_time:37407ms step_avg:45.07ms
step:831/1288 train_time:37462ms step_avg:45.08ms
step:832/1288 train_time:37523ms step_avg:45.10ms
step:833/1288 train_time:37577ms step_avg:45.11ms
step:834/1288 train_time:37639ms step_avg:45.13ms
step:835/1288 train_time:37692ms step_avg:45.14ms
step:836/1288 train_time:37755ms step_avg:45.16ms
step:837/1288 train_time:37809ms step_avg:45.17ms
step:838/1288 train_time:37873ms step_avg:45.19ms
step:839/1288 train_time:37927ms step_avg:45.20ms
step:840/1288 train_time:37989ms step_avg:45.23ms
step:841/1288 train_time:38043ms step_avg:45.24ms
step:842/1288 train_time:38105ms step_avg:45.26ms
step:843/1288 train_time:38159ms step_avg:45.27ms
step:844/1288 train_time:38221ms step_avg:45.29ms
step:845/1288 train_time:38275ms step_avg:45.30ms
step:846/1288 train_time:38336ms step_avg:45.31ms
step:847/1288 train_time:38391ms step_avg:45.33ms
step:848/1288 train_time:38453ms step_avg:45.35ms
step:849/1288 train_time:38507ms step_avg:45.36ms
step:850/1288 train_time:38572ms step_avg:45.38ms
step:851/1288 train_time:38654ms step_avg:45.42ms
step:852/1288 train_time:38743ms step_avg:45.47ms
step:853/1288 train_time:38824ms step_avg:45.51ms
step:854/1288 train_time:38912ms step_avg:45.56ms
step:855/1288 train_time:38994ms step_avg:45.61ms
step:856/1288 train_time:39081ms step_avg:45.66ms
step:857/1288 train_time:39162ms step_avg:45.70ms
step:858/1288 train_time:39250ms step_avg:45.75ms
step:859/1288 train_time:39330ms step_avg:45.79ms
step:860/1288 train_time:39418ms step_avg:45.83ms
step:861/1288 train_time:39499ms step_avg:45.88ms
step:862/1288 train_time:39585ms step_avg:45.92ms
step:863/1288 train_time:39667ms step_avg:45.96ms
step:864/1288 train_time:39754ms step_avg:46.01ms
step:865/1288 train_time:39835ms step_avg:46.05ms
step:866/1288 train_time:39923ms step_avg:46.10ms
step:867/1288 train_time:40004ms step_avg:46.14ms
step:868/1288 train_time:40091ms step_avg:46.19ms
step:869/1288 train_time:40171ms step_avg:46.23ms
step:870/1288 train_time:40259ms step_avg:46.28ms
step:871/1288 train_time:40340ms step_avg:46.31ms
step:872/1288 train_time:40427ms step_avg:46.36ms
step:873/1288 train_time:40508ms step_avg:46.40ms
step:874/1288 train_time:40595ms step_avg:46.45ms
step:875/1288 train_time:40675ms step_avg:46.49ms
step:876/1288 train_time:40762ms step_avg:46.53ms
step:877/1288 train_time:40843ms step_avg:46.57ms
step:878/1288 train_time:40932ms step_avg:46.62ms
step:879/1288 train_time:41014ms step_avg:46.66ms
step:880/1288 train_time:41101ms step_avg:46.71ms
step:881/1288 train_time:41182ms step_avg:46.74ms
step:882/1288 train_time:41269ms step_avg:46.79ms
step:883/1288 train_time:41351ms step_avg:46.83ms
step:884/1288 train_time:41439ms step_avg:46.88ms
step:885/1288 train_time:41519ms step_avg:46.91ms
step:886/1288 train_time:41606ms step_avg:46.96ms
step:887/1288 train_time:41687ms step_avg:47.00ms
step:888/1288 train_time:41774ms step_avg:47.04ms
step:889/1288 train_time:41854ms step_avg:47.08ms
step:890/1288 train_time:41942ms step_avg:47.13ms
step:891/1288 train_time:42023ms step_avg:47.16ms
step:892/1288 train_time:42111ms step_avg:47.21ms
step:893/1288 train_time:42193ms step_avg:47.25ms
step:894/1288 train_time:42280ms step_avg:47.29ms
step:895/1288 train_time:42360ms step_avg:47.33ms
step:896/1288 train_time:42448ms step_avg:47.38ms
step:897/1288 train_time:42530ms step_avg:47.41ms
step:898/1288 train_time:42617ms step_avg:47.46ms
step:899/1288 train_time:42698ms step_avg:47.49ms
step:900/1288 train_time:42784ms step_avg:47.54ms
step:901/1288 train_time:42865ms step_avg:47.58ms
step:902/1288 train_time:42954ms step_avg:47.62ms
step:903/1288 train_time:43034ms step_avg:47.66ms
step:904/1288 train_time:43122ms step_avg:47.70ms
step:905/1288 train_time:43202ms step_avg:47.74ms
step:906/1288 train_time:43289ms step_avg:47.78ms
step:907/1288 train_time:43370ms step_avg:47.82ms
step:908/1288 train_time:43457ms step_avg:47.86ms
step:909/1288 train_time:43538ms step_avg:47.90ms
step:910/1288 train_time:43625ms step_avg:47.94ms
step:911/1288 train_time:43707ms step_avg:47.98ms
step:912/1288 train_time:43795ms step_avg:48.02ms
step:913/1288 train_time:43875ms step_avg:48.06ms
step:914/1288 train_time:43962ms step_avg:48.10ms
step:915/1288 train_time:44043ms step_avg:48.13ms
step:916/1288 train_time:44132ms step_avg:48.18ms
step:917/1288 train_time:44213ms step_avg:48.21ms
step:918/1288 train_time:44300ms step_avg:48.26ms
step:919/1288 train_time:44380ms step_avg:48.29ms
step:920/1288 train_time:44468ms step_avg:48.34ms
step:921/1288 train_time:44550ms step_avg:48.37ms
step:922/1288 train_time:44639ms step_avg:48.42ms
step:923/1288 train_time:44720ms step_avg:48.45ms
step:924/1288 train_time:44807ms step_avg:48.49ms
step:925/1288 train_time:44888ms step_avg:48.53ms
step:926/1288 train_time:44975ms step_avg:48.57ms
step:927/1288 train_time:45056ms step_avg:48.60ms
step:928/1288 train_time:45144ms step_avg:48.65ms
step:929/1288 train_time:45225ms step_avg:48.68ms
step:930/1288 train_time:45312ms step_avg:48.72ms
step:931/1288 train_time:45393ms step_avg:48.76ms
step:932/1288 train_time:45480ms step_avg:48.80ms
step:933/1288 train_time:45560ms step_avg:48.83ms
step:934/1288 train_time:45648ms step_avg:48.87ms
step:935/1288 train_time:45731ms step_avg:48.91ms
step:936/1288 train_time:45818ms step_avg:48.95ms
step:937/1288 train_time:45899ms step_avg:48.98ms
step:938/1288 train_time:45985ms step_avg:49.02ms
step:939/1288 train_time:46066ms step_avg:49.06ms
step:940/1288 train_time:46154ms step_avg:49.10ms
step:941/1288 train_time:46234ms step_avg:49.13ms
step:942/1288 train_time:46321ms step_avg:49.17ms
step:943/1288 train_time:46402ms step_avg:49.21ms
step:944/1288 train_time:46489ms step_avg:49.25ms
step:945/1288 train_time:46571ms step_avg:49.28ms
step:946/1288 train_time:46659ms step_avg:49.32ms
step:947/1288 train_time:46740ms step_avg:49.36ms
step:948/1288 train_time:46828ms step_avg:49.40ms
step:949/1288 train_time:46910ms step_avg:49.43ms
step:950/1288 train_time:46998ms step_avg:49.47ms
step:951/1288 train_time:47079ms step_avg:49.50ms
step:952/1288 train_time:47165ms step_avg:49.54ms
step:953/1288 train_time:47249ms step_avg:49.58ms
step:954/1288 train_time:47336ms step_avg:49.62ms
step:955/1288 train_time:47416ms step_avg:49.65ms
step:956/1288 train_time:47504ms step_avg:49.69ms
step:957/1288 train_time:47585ms step_avg:49.72ms
step:958/1288 train_time:47671ms step_avg:49.76ms
step:959/1288 train_time:47753ms step_avg:49.79ms
step:960/1288 train_time:47840ms step_avg:49.83ms
step:961/1288 train_time:47921ms step_avg:49.87ms
step:962/1288 train_time:48010ms step_avg:49.91ms
step:963/1288 train_time:48092ms step_avg:49.94ms
step:964/1288 train_time:48180ms step_avg:49.98ms
step:965/1288 train_time:48260ms step_avg:50.01ms
step:966/1288 train_time:48347ms step_avg:50.05ms
step:967/1288 train_time:48429ms step_avg:50.08ms
step:968/1288 train_time:48516ms step_avg:50.12ms
step:969/1288 train_time:48597ms step_avg:50.15ms
step:970/1288 train_time:48685ms step_avg:50.19ms
step:971/1288 train_time:48766ms step_avg:50.22ms
step:972/1288 train_time:48854ms step_avg:50.26ms
step:973/1288 train_time:48935ms step_avg:50.29ms
step:974/1288 train_time:49022ms step_avg:50.33ms
step:975/1288 train_time:49103ms step_avg:50.36ms
step:976/1288 train_time:49192ms step_avg:50.40ms
step:977/1288 train_time:49274ms step_avg:50.43ms
step:978/1288 train_time:49360ms step_avg:50.47ms
step:979/1288 train_time:49441ms step_avg:50.50ms
step:980/1288 train_time:49529ms step_avg:50.54ms
step:981/1288 train_time:49610ms step_avg:50.57ms
step:982/1288 train_time:49698ms step_avg:50.61ms
step:983/1288 train_time:49779ms step_avg:50.64ms
step:984/1288 train_time:49865ms step_avg:50.68ms
step:985/1288 train_time:49948ms step_avg:50.71ms
step:986/1288 train_time:50036ms step_avg:50.75ms
step:987/1288 train_time:50117ms step_avg:50.78ms
step:988/1288 train_time:50205ms step_avg:50.81ms
step:989/1288 train_time:50287ms step_avg:50.85ms
step:990/1288 train_time:50374ms step_avg:50.88ms
step:991/1288 train_time:50454ms step_avg:50.91ms
step:992/1288 train_time:50541ms step_avg:50.95ms
step:993/1288 train_time:50623ms step_avg:50.98ms
step:994/1288 train_time:50710ms step_avg:51.02ms
step:995/1288 train_time:50792ms step_avg:51.05ms
step:996/1288 train_time:50879ms step_avg:51.08ms
step:997/1288 train_time:50960ms step_avg:51.11ms
step:998/1288 train_time:51048ms step_avg:51.15ms
step:999/1288 train_time:51130ms step_avg:51.18ms
step:1000/1288 train_time:51217ms step_avg:51.22ms
step:1000/1288 val_loss:3.4201 train_time:51310ms step_avg:51.31ms
step:1001/1288 train_time:51330ms step_avg:51.28ms
step:1002/1288 train_time:51392ms step_avg:51.29ms
step:1003/1288 train_time:51473ms step_avg:51.32ms
step:1004/1288 train_time:51562ms step_avg:51.36ms
step:1005/1288 train_time:51644ms step_avg:51.39ms
step:1006/1288 train_time:51730ms step_avg:51.42ms
step:1007/1288 train_time:51810ms step_avg:51.45ms
step:1008/1288 train_time:51898ms step_avg:51.49ms
step:1009/1288 train_time:51978ms step_avg:51.51ms
step:1010/1288 train_time:52065ms step_avg:51.55ms
step:1011/1288 train_time:52145ms step_avg:51.58ms
step:1012/1288 train_time:52233ms step_avg:51.61ms
step:1013/1288 train_time:52315ms step_avg:51.64ms
step:1014/1288 train_time:52405ms step_avg:51.68ms
step:1015/1288 train_time:52488ms step_avg:51.71ms
step:1016/1288 train_time:52575ms step_avg:51.75ms
step:1017/1288 train_time:52657ms step_avg:51.78ms
step:1018/1288 train_time:52745ms step_avg:51.81ms
step:1019/1288 train_time:52825ms step_avg:51.84ms
step:1020/1288 train_time:52911ms step_avg:51.87ms
step:1021/1288 train_time:52992ms step_avg:51.90ms
step:1022/1288 train_time:53080ms step_avg:51.94ms
step:1023/1288 train_time:53161ms step_avg:51.97ms
step:1024/1288 train_time:53250ms step_avg:52.00ms
step:1025/1288 train_time:53332ms step_avg:52.03ms
step:1026/1288 train_time:53422ms step_avg:52.07ms
step:1027/1288 train_time:53505ms step_avg:52.10ms
step:1028/1288 train_time:53592ms step_avg:52.13ms
step:1029/1288 train_time:53672ms step_avg:52.16ms
step:1030/1288 train_time:53759ms step_avg:52.19ms
step:1031/1288 train_time:53841ms step_avg:52.22ms
step:1032/1288 train_time:53928ms step_avg:52.26ms
step:1033/1288 train_time:54009ms step_avg:52.28ms
step:1034/1288 train_time:54095ms step_avg:52.32ms
step:1035/1288 train_time:54176ms step_avg:52.34ms
step:1036/1288 train_time:54264ms step_avg:52.38ms
step:1037/1288 train_time:54346ms step_avg:52.41ms
step:1038/1288 train_time:54434ms step_avg:52.44ms
step:1039/1288 train_time:54517ms step_avg:52.47ms
step:1040/1288 train_time:54605ms step_avg:52.51ms
step:1041/1288 train_time:54686ms step_avg:52.53ms
step:1042/1288 train_time:54772ms step_avg:52.56ms
step:1043/1288 train_time:54852ms step_avg:52.59ms
step:1044/1288 train_time:54940ms step_avg:52.62ms
step:1045/1288 train_time:55022ms step_avg:52.65ms
step:1046/1288 train_time:55109ms step_avg:52.69ms
step:1047/1288 train_time:55190ms step_avg:52.71ms
step:1048/1288 train_time:55278ms step_avg:52.75ms
step:1049/1288 train_time:55359ms step_avg:52.77ms
step:1050/1288 train_time:55448ms step_avg:52.81ms
step:1051/1288 train_time:55529ms step_avg:52.83ms
step:1052/1288 train_time:55616ms step_avg:52.87ms
step:1053/1288 train_time:55698ms step_avg:52.89ms
step:1054/1288 train_time:55785ms step_avg:52.93ms
step:1055/1288 train_time:55866ms step_avg:52.95ms
step:1056/1288 train_time:55951ms step_avg:52.98ms
step:1057/1288 train_time:56032ms step_avg:53.01ms
step:1058/1288 train_time:56121ms step_avg:53.04ms
step:1059/1288 train_time:56203ms step_avg:53.07ms
step:1060/1288 train_time:56291ms step_avg:53.10ms
step:1061/1288 train_time:56372ms step_avg:53.13ms
step:1062/1288 train_time:56460ms step_avg:53.16ms
step:1063/1288 train_time:56542ms step_avg:53.19ms
step:1064/1288 train_time:56630ms step_avg:53.22ms
step:1065/1288 train_time:56710ms step_avg:53.25ms
step:1066/1288 train_time:56799ms step_avg:53.28ms
step:1067/1288 train_time:56880ms step_avg:53.31ms
step:1068/1288 train_time:56968ms step_avg:53.34ms
step:1069/1288 train_time:57048ms step_avg:53.37ms
step:1070/1288 train_time:57136ms step_avg:53.40ms
step:1071/1288 train_time:57217ms step_avg:53.42ms
step:1072/1288 train_time:57306ms step_avg:53.46ms
step:1073/1288 train_time:57387ms step_avg:53.48ms
step:1074/1288 train_time:57474ms step_avg:53.51ms
step:1075/1288 train_time:57555ms step_avg:53.54ms
step:1076/1288 train_time:57643ms step_avg:53.57ms
step:1077/1288 train_time:57725ms step_avg:53.60ms
step:1078/1288 train_time:57812ms step_avg:53.63ms
step:1079/1288 train_time:57892ms step_avg:53.65ms
step:1080/1288 train_time:57980ms step_avg:53.69ms
step:1081/1288 train_time:58061ms step_avg:53.71ms
step:1082/1288 train_time:58149ms step_avg:53.74ms
step:1083/1288 train_time:58230ms step_avg:53.77ms
step:1084/1288 train_time:58317ms step_avg:53.80ms
step:1085/1288 train_time:58400ms step_avg:53.82ms
step:1086/1288 train_time:58488ms step_avg:53.86ms
step:1087/1288 train_time:58569ms step_avg:53.88ms
step:1088/1288 train_time:58657ms step_avg:53.91ms
step:1089/1288 train_time:58740ms step_avg:53.94ms
step:1090/1288 train_time:58828ms step_avg:53.97ms
step:1091/1288 train_time:58908ms step_avg:53.99ms
step:1092/1288 train_time:58995ms step_avg:54.02ms
step:1093/1288 train_time:59075ms step_avg:54.05ms
step:1094/1288 train_time:59163ms step_avg:54.08ms
step:1095/1288 train_time:59245ms step_avg:54.10ms
step:1096/1288 train_time:59332ms step_avg:54.14ms
step:1097/1288 train_time:59413ms step_avg:54.16ms
step:1098/1288 train_time:59501ms step_avg:54.19ms
step:1099/1288 train_time:59583ms step_avg:54.22ms
step:1100/1288 train_time:59670ms step_avg:54.25ms
step:1101/1288 train_time:59751ms step_avg:54.27ms
step:1102/1288 train_time:59839ms step_avg:54.30ms
step:1103/1288 train_time:59921ms step_avg:54.33ms
step:1104/1288 train_time:60008ms step_avg:54.36ms
step:1105/1288 train_time:60089ms step_avg:54.38ms
step:1106/1288 train_time:60176ms step_avg:54.41ms
step:1107/1288 train_time:60256ms step_avg:54.43ms
step:1108/1288 train_time:60345ms step_avg:54.46ms
step:1109/1288 train_time:60426ms step_avg:54.49ms
step:1110/1288 train_time:60512ms step_avg:54.52ms
step:1111/1288 train_time:60593ms step_avg:54.54ms
step:1112/1288 train_time:60682ms step_avg:54.57ms
step:1113/1288 train_time:60763ms step_avg:54.59ms
step:1114/1288 train_time:60851ms step_avg:54.62ms
step:1115/1288 train_time:60931ms step_avg:54.65ms
step:1116/1288 train_time:61019ms step_avg:54.68ms
step:1117/1288 train_time:61101ms step_avg:54.70ms
step:1118/1288 train_time:61188ms step_avg:54.73ms
step:1119/1288 train_time:61269ms step_avg:54.75ms
step:1120/1288 train_time:61356ms step_avg:54.78ms
step:1121/1288 train_time:61437ms step_avg:54.81ms
step:1122/1288 train_time:61525ms step_avg:54.84ms
step:1123/1288 train_time:61607ms step_avg:54.86ms
step:1124/1288 train_time:61693ms step_avg:54.89ms
step:1125/1288 train_time:61775ms step_avg:54.91ms
step:1126/1288 train_time:61863ms step_avg:54.94ms
step:1127/1288 train_time:61944ms step_avg:54.96ms
step:1128/1288 train_time:62033ms step_avg:54.99ms
step:1129/1288 train_time:62113ms step_avg:55.02ms
step:1130/1288 train_time:62201ms step_avg:55.05ms
step:1131/1288 train_time:62282ms step_avg:55.07ms
step:1132/1288 train_time:62370ms step_avg:55.10ms
step:1133/1288 train_time:62451ms step_avg:55.12ms
step:1134/1288 train_time:62539ms step_avg:55.15ms
step:1135/1288 train_time:62621ms step_avg:55.17ms
step:1136/1288 train_time:62709ms step_avg:55.20ms
step:1137/1288 train_time:62790ms step_avg:55.22ms
step:1138/1288 train_time:62879ms step_avg:55.25ms
step:1139/1288 train_time:62960ms step_avg:55.28ms
step:1140/1288 train_time:63047ms step_avg:55.30ms
step:1141/1288 train_time:63128ms step_avg:55.33ms
step:1142/1288 train_time:63215ms step_avg:55.35ms
step:1143/1288 train_time:63298ms step_avg:55.38ms
step:1144/1288 train_time:63386ms step_avg:55.41ms
step:1145/1288 train_time:63466ms step_avg:55.43ms
step:1146/1288 train_time:63554ms step_avg:55.46ms
step:1147/1288 train_time:63634ms step_avg:55.48ms
step:1148/1288 train_time:63722ms step_avg:55.51ms
step:1149/1288 train_time:63805ms step_avg:55.53ms
step:1150/1288 train_time:63893ms step_avg:55.56ms
step:1151/1288 train_time:63973ms step_avg:55.58ms
step:1152/1288 train_time:64060ms step_avg:55.61ms
step:1153/1288 train_time:64142ms step_avg:55.63ms
step:1154/1288 train_time:64230ms step_avg:55.66ms
step:1155/1288 train_time:64311ms step_avg:55.68ms
step:1156/1288 train_time:64399ms step_avg:55.71ms
step:1157/1288 train_time:64480ms step_avg:55.73ms
step:1158/1288 train_time:64567ms step_avg:55.76ms
step:1159/1288 train_time:64648ms step_avg:55.78ms
step:1160/1288 train_time:64736ms step_avg:55.81ms
step:1161/1288 train_time:64818ms step_avg:55.83ms
step:1162/1288 train_time:64906ms step_avg:55.86ms
step:1163/1288 train_time:64987ms step_avg:55.88ms
step:1164/1288 train_time:65073ms step_avg:55.90ms
step:1165/1288 train_time:65154ms step_avg:55.93ms
step:1166/1288 train_time:65242ms step_avg:55.95ms
step:1167/1288 train_time:65324ms step_avg:55.98ms
step:1168/1288 train_time:65412ms step_avg:56.00ms
step:1169/1288 train_time:65492ms step_avg:56.02ms
step:1170/1288 train_time:65579ms step_avg:56.05ms
step:1171/1288 train_time:65660ms step_avg:56.07ms
step:1172/1288 train_time:65748ms step_avg:56.10ms
step:1173/1288 train_time:65829ms step_avg:56.12ms
step:1174/1288 train_time:65916ms step_avg:56.15ms
step:1175/1288 train_time:65999ms step_avg:56.17ms
step:1176/1288 train_time:66086ms step_avg:56.20ms
step:1177/1288 train_time:66167ms step_avg:56.22ms
step:1178/1288 train_time:66255ms step_avg:56.24ms
step:1179/1288 train_time:66336ms step_avg:56.26ms
step:1180/1288 train_time:66425ms step_avg:56.29ms
step:1181/1288 train_time:66506ms step_avg:56.31ms
step:1182/1288 train_time:66593ms step_avg:56.34ms
step:1183/1288 train_time:66673ms step_avg:56.36ms
step:1184/1288 train_time:66761ms step_avg:56.39ms
step:1185/1288 train_time:66843ms step_avg:56.41ms
step:1186/1288 train_time:66932ms step_avg:56.44ms
step:1187/1288 train_time:67013ms step_avg:56.46ms
step:1188/1288 train_time:67100ms step_avg:56.48ms
step:1189/1288 train_time:67182ms step_avg:56.50ms
step:1190/1288 train_time:67268ms step_avg:56.53ms
step:1191/1288 train_time:67349ms step_avg:56.55ms
step:1192/1288 train_time:67437ms step_avg:56.57ms
step:1193/1288 train_time:67519ms step_avg:56.60ms
step:1194/1288 train_time:67607ms step_avg:56.62ms
step:1195/1288 train_time:67687ms step_avg:56.64ms
step:1196/1288 train_time:67775ms step_avg:56.67ms
step:1197/1288 train_time:67856ms step_avg:56.69ms
step:1198/1288 train_time:67944ms step_avg:56.71ms
step:1199/1288 train_time:68025ms step_avg:56.73ms
step:1200/1288 train_time:68113ms step_avg:56.76ms
step:1201/1288 train_time:68193ms step_avg:56.78ms
step:1202/1288 train_time:68281ms step_avg:56.81ms
step:1203/1288 train_time:68363ms step_avg:56.83ms
step:1204/1288 train_time:68451ms step_avg:56.85ms
step:1205/1288 train_time:68532ms step_avg:56.87ms
step:1206/1288 train_time:68619ms step_avg:56.90ms
step:1207/1288 train_time:68701ms step_avg:56.92ms
step:1208/1288 train_time:68789ms step_avg:56.94ms
step:1209/1288 train_time:68869ms step_avg:56.96ms
step:1210/1288 train_time:68956ms step_avg:56.99ms
step:1211/1288 train_time:69039ms step_avg:57.01ms
step:1212/1288 train_time:69127ms step_avg:57.04ms
step:1213/1288 train_time:69207ms step_avg:57.05ms
step:1214/1288 train_time:69296ms step_avg:57.08ms
step:1215/1288 train_time:69378ms step_avg:57.10ms
step:1216/1288 train_time:69465ms step_avg:57.13ms
step:1217/1288 train_time:69546ms step_avg:57.15ms
step:1218/1288 train_time:69633ms step_avg:57.17ms
step:1219/1288 train_time:69714ms step_avg:57.19ms
step:1220/1288 train_time:69802ms step_avg:57.22ms
step:1221/1288 train_time:69884ms step_avg:57.23ms
step:1222/1288 train_time:69972ms step_avg:57.26ms
step:1223/1288 train_time:70052ms step_avg:57.28ms
step:1224/1288 train_time:70140ms step_avg:57.30ms
step:1225/1288 train_time:70222ms step_avg:57.32ms
step:1226/1288 train_time:70310ms step_avg:57.35ms
step:1227/1288 train_time:70390ms step_avg:57.37ms
step:1228/1288 train_time:70478ms step_avg:57.39ms
step:1229/1288 train_time:70561ms step_avg:57.41ms
step:1230/1288 train_time:70648ms step_avg:57.44ms
step:1231/1288 train_time:70728ms step_avg:57.46ms
step:1232/1288 train_time:70817ms step_avg:57.48ms
step:1233/1288 train_time:70899ms step_avg:57.50ms
step:1234/1288 train_time:70987ms step_avg:57.53ms
step:1235/1288 train_time:71068ms step_avg:57.54ms
step:1236/1288 train_time:71155ms step_avg:57.57ms
step:1237/1288 train_time:71237ms step_avg:57.59ms
step:1238/1288 train_time:71325ms step_avg:57.61ms
step:1239/1288 train_time:71406ms step_avg:57.63ms
step:1240/1288 train_time:71493ms step_avg:57.66ms
step:1241/1288 train_time:71574ms step_avg:57.67ms
step:1242/1288 train_time:71661ms step_avg:57.70ms
step:1243/1288 train_time:71742ms step_avg:57.72ms
step:1244/1288 train_time:71831ms step_avg:57.74ms
step:1245/1288 train_time:71912ms step_avg:57.76ms
step:1246/1288 train_time:72000ms step_avg:57.78ms
step:1247/1288 train_time:72082ms step_avg:57.80ms
step:1248/1288 train_time:72169ms step_avg:57.83ms
step:1249/1288 train_time:72250ms step_avg:57.85ms
step:1250/1288 train_time:72338ms step_avg:57.87ms
step:1250/1288 val_loss:3.2977 train_time:72433ms step_avg:57.95ms
step:1251/1288 train_time:72452ms step_avg:57.92ms
step:1252/1288 train_time:72517ms step_avg:57.92ms
step:1253/1288 train_time:72601ms step_avg:57.94ms
step:1254/1288 train_time:72689ms step_avg:57.97ms
step:1255/1288 train_time:72769ms step_avg:57.98ms
step:1256/1288 train_time:72856ms step_avg:58.01ms
step:1257/1288 train_time:72936ms step_avg:58.02ms
step:1258/1288 train_time:73022ms step_avg:58.05ms
step:1259/1288 train_time:73103ms step_avg:58.06ms
step:1260/1288 train_time:73190ms step_avg:58.09ms
step:1261/1288 train_time:73270ms step_avg:58.10ms
step:1262/1288 train_time:73357ms step_avg:58.13ms
step:1263/1288 train_time:73440ms step_avg:58.15ms
step:1264/1288 train_time:73529ms step_avg:58.17ms
step:1265/1288 train_time:73615ms step_avg:58.19ms
step:1266/1288 train_time:73703ms step_avg:58.22ms
step:1267/1288 train_time:73784ms step_avg:58.24ms
step:1268/1288 train_time:73871ms step_avg:58.26ms
step:1269/1288 train_time:73950ms step_avg:58.27ms
step:1270/1288 train_time:74036ms step_avg:58.30ms
step:1271/1288 train_time:74117ms step_avg:58.31ms
step:1272/1288 train_time:74204ms step_avg:58.34ms
step:1273/1288 train_time:74284ms step_avg:58.35ms
step:1274/1288 train_time:74374ms step_avg:58.38ms
step:1275/1288 train_time:74461ms step_avg:58.40ms
step:1276/1288 train_time:74549ms step_avg:58.42ms
step:1277/1288 train_time:74633ms step_avg:58.44ms
step:1278/1288 train_time:74722ms step_avg:58.47ms
step:1279/1288 train_time:74803ms step_avg:58.49ms
step:1280/1288 train_time:74891ms step_avg:58.51ms
step:1281/1288 train_time:74976ms step_avg:58.53ms
step:1282/1288 train_time:75059ms step_avg:58.55ms
step:1283/1288 train_time:75139ms step_avg:58.57ms
step:1284/1288 train_time:75226ms step_avg:58.59ms
step:1285/1288 train_time:75308ms step_avg:58.61ms
step:1286/1288 train_time:75398ms step_avg:58.63ms
step:1287/1288 train_time:75481ms step_avg:58.65ms
step:1288/1288 train_time:75569ms step_avg:58.67ms
step:1288/1288 val_loss:3.2778 train_time:75662ms step_avg:58.74ms
peak memory allocated: 32195 MiB reserved: 47430 MiB
Terminal-blended sharded TailEMA scope=readout start=848 every=1 decay=0.9933 blend=0.65
step:0/1288 val_loss:10.8321 train_time:0ms step_avg:0.03ms
step:250/1288 val_loss:4.4329 train_time:8188ms step_avg:32.75ms
step:500/1288 val_loss:4.0773 train_time:18252ms step_avg:36.50ms
step:750/1288 val_loss:3.6631 train_time:32806ms step_avg:43.74ms
step:1000/1288 val_loss:3.4201 train_time:51310ms step_avg:51.31ms
step:1250/1288 val_loss:3.2977 train_time:72433ms step_avg:57.95ms
step:1288/1288 val_loss:3.2778 train_time:75662ms step_avg:58.74ms
PASS 05-candidate
BEGIN 06-candidate scheduled_steps=1273
W0727 22:11:49.552000 63277 torch/distributed/run.py:852] 
W0727 22:11:49.552000 63277 torch/distributed/run.py:852] *****************************************
W0727 22:11:49.552000 63277 torch/distributed/run.py:852] Setting OMP_NUM_THREADS environment variable for each process to be 1 in default, to avoid your system being overloaded, please further tune the variable for optimal performance in your application as needed. 
W0727 22:11:49.552000 63277 torch/distributed/run.py:852] *****************************************
[Gloo] Rank 2 is connected to 7 peer ranks. Expected number of connected peer ranks is : 7
[Gloo] Rank 0 is connected to 7 peer ranks. Expected number of connected peer ranks is : 7
[Gloo] Rank 1 is connected to 7 peer ranks. Expected number of connected peer ranks is : 7
[Gloo] Rank 3 is connected to 7 peer ranks. Expected number of connected peer ranks is : 7
[Gloo] Rank 5 is connected to 7 peer ranks. Expected number of connected peer ranks is : 7
[Gloo] Rank 7 is connected to 7 peer ranks. Expected number of connected peer ranks is : 7
[Gloo] Rank 4 is connected to 7 peer ranks. Expected number of connected peer ranks is : 7
[Gloo] Rank 6 is connected to 7 peer ranks. Expected number of connected peer ranks is : 7
Warning: You are sending unauthenticated requests to the HF Hub. Please set a HF_TOKEN to enable higher rate limits and faster downloads.
Warning: You are sending unauthenticated requests to the HF Hub. Please set a HF_TOKEN to enable higher rate limits and faster downloads.
Warning: You are sending unauthenticated requests to the HF Hub. Please set a HF_TOKEN to enable higher rate limits and faster downloads.
Warning: You are sending unauthenticated requests to the HF Hub. Please set a HF_TOKEN to enable higher rate limits and faster downloads.
Warning: You are sending unauthenticated requests to the HF Hub. Please set a HF_TOKEN to enable higher rate limits and faster downloads.
Fetching 8 files:   0%|          | 0/8 [00:00<?, ?it/s]Fetching 8 files: 100%|██████████| 8/8 [00:00<00:00, 2375.20it/s]
Fetching 8 files:   0%|          | 0/8 [00:00<?, ?it/s]Fetching 8 files: 100%|██████████| 8/8 [00:00<00:00, 2369.33it/s]
Fetching 8 files:   0%|          | 0/8 [00:00<?, ?it/s]Fetching 8 files: 100%|██████████| 8/8 [00:00<00:00, 2804.62it/s]
Fetching 8 files:   0%|          | 0/8 [00:00<?, ?it/s]Fetching 8 files:   0%|          | 0/8 [00:00<?, ?it/s]Fetching 8 files:   0%|          | 0/8 [00:00<?, ?it/s]Fetching 8 files: 100%|██████████| 8/8 [00:00<00:00, 2361.66it/s]
Fetching 8 files: 100%|██████████| 8/8 [00:00<00:00, 2150.93it/s]
Fetching 8 files: 100%|██████████| 8/8 [00:00<00:00, 2150.10it/s]
Fetching 8 files:   0%|          | 0/8 [00:00<?, ?it/s]Fetching 8 files: 100%|██████████| 8/8 [00:00<00:00, 2353.21it/s]
Fetching 8 files:   0%|          | 0/8 [00:00<?, ?it/s]Fetching 8 files: 100%|██████████| 8/8 [00:00<00:00, 2533.37it/s]
logs/e5ed2328-238e-4ee8-8de4-055fc37a54d7.txt
Compiling model and warming up kernels (~7 minutes on first execution)
Sampling steps [0, 1, 422, 423, 424, 425, 847, 848, 849, 850, 1271, 1272, 1273, 1274, 1287] for warmup
Resetting Model
Terminal-blended sharded TailEMA scope=readout start=848 every=1 decay=0.9933 blend=0.65
step:0/1288 val_loss:10.8290 train_time:0ms step_avg:0.03ms
step:1/1288 train_time:82ms step_avg:82.18ms
step:2/1288 train_time:108ms step_avg:54.06ms
step:3/1288 train_time:129ms step_avg:42.89ms
step:4/1288 train_time:154ms step_avg:38.45ms
step:5/1288 train_time:181ms step_avg:36.24ms
step:6/1288 train_time:219ms step_avg:36.48ms
step:7/1288 train_time:246ms step_avg:35.12ms
step:8/1288 train_time:284ms step_avg:35.44ms
step:9/1288 train_time:311ms step_avg:34.55ms
step:10/1288 train_time:348ms step_avg:34.81ms
step:11/1288 train_time:376ms step_avg:34.17ms
step:12/1288 train_time:413ms step_avg:34.39ms
step:13/1288 train_time:440ms step_avg:33.87ms
step:14/1288 train_time:478ms step_avg:34.12ms
step:15/1288 train_time:506ms step_avg:33.72ms
step:16/1288 train_time:543ms step_avg:33.92ms
step:17/1288 train_time:571ms step_avg:33.57ms
step:18/1288 train_time:608ms step_avg:33.78ms
step:19/1288 train_time:636ms step_avg:33.47ms
step:20/1288 train_time:673ms step_avg:33.67ms
step:21/1288 train_time:702ms step_avg:33.41ms
step:22/1288 train_time:739ms step_avg:33.59ms
step:23/1288 train_time:767ms step_avg:33.33ms
step:24/1288 train_time:803ms step_avg:33.48ms
step:25/1288 train_time:832ms step_avg:33.27ms
step:26/1288 train_time:869ms step_avg:33.43ms
step:27/1288 train_time:897ms step_avg:33.24ms
step:28/1288 train_time:934ms step_avg:33.37ms
step:29/1288 train_time:963ms step_avg:33.21ms
step:30/1288 train_time:1001ms step_avg:33.35ms
step:31/1288 train_time:1029ms step_avg:33.20ms
step:32/1288 train_time:1067ms step_avg:33.33ms
step:33/1288 train_time:1095ms step_avg:33.17ms
step:34/1288 train_time:1132ms step_avg:33.28ms
step:35/1288 train_time:1160ms step_avg:33.13ms
step:36/1288 train_time:1196ms step_avg:33.24ms
step:37/1288 train_time:1224ms step_avg:33.09ms
step:38/1288 train_time:1262ms step_avg:33.21ms
step:39/1288 train_time:1290ms step_avg:33.08ms
step:40/1288 train_time:1327ms step_avg:33.17ms
step:41/1288 train_time:1355ms step_avg:33.05ms
step:42/1288 train_time:1392ms step_avg:33.15ms
step:43/1288 train_time:1420ms step_avg:33.03ms
step:44/1288 train_time:1457ms step_avg:33.12ms
step:45/1288 train_time:1485ms step_avg:33.00ms
step:46/1288 train_time:1522ms step_avg:33.10ms
step:47/1288 train_time:1550ms step_avg:32.99ms
step:48/1288 train_time:1588ms step_avg:33.08ms
step:49/1288 train_time:1615ms step_avg:32.96ms
step:50/1288 train_time:1652ms step_avg:33.05ms
step:51/1288 train_time:1680ms step_avg:32.95ms
step:52/1288 train_time:1718ms step_avg:33.03ms
step:53/1288 train_time:1745ms step_avg:32.93ms
step:54/1288 train_time:1782ms step_avg:33.01ms
step:55/1288 train_time:1810ms step_avg:32.92ms
step:56/1288 train_time:1847ms step_avg:32.99ms
step:57/1288 train_time:1875ms step_avg:32.90ms
step:58/1288 train_time:1913ms step_avg:32.98ms
step:59/1288 train_time:1940ms step_avg:32.89ms
step:60/1288 train_time:1978ms step_avg:32.96ms
step:61/1288 train_time:2005ms step_avg:32.88ms
step:62/1288 train_time:2042ms step_avg:32.94ms
step:63/1288 train_time:2071ms step_avg:32.87ms
step:64/1288 train_time:2108ms step_avg:32.94ms
step:65/1288 train_time:2136ms step_avg:32.87ms
step:66/1288 train_time:2173ms step_avg:32.93ms
step:67/1288 train_time:2202ms step_avg:32.87ms
step:68/1288 train_time:2239ms step_avg:32.93ms
step:69/1288 train_time:2267ms step_avg:32.85ms
step:70/1288 train_time:2304ms step_avg:32.91ms
step:71/1288 train_time:2332ms step_avg:32.85ms
step:72/1288 train_time:2369ms step_avg:32.91ms
step:73/1288 train_time:2398ms step_avg:32.85ms
step:74/1288 train_time:2435ms step_avg:32.90ms
step:75/1288 train_time:2462ms step_avg:32.83ms
step:76/1288 train_time:2499ms step_avg:32.89ms
step:77/1288 train_time:2527ms step_avg:32.82ms
step:78/1288 train_time:2564ms step_avg:32.87ms
step:79/1288 train_time:2592ms step_avg:32.82ms
step:80/1288 train_time:2629ms step_avg:32.87ms
step:81/1288 train_time:2657ms step_avg:32.80ms
step:82/1288 train_time:2695ms step_avg:32.87ms
step:83/1288 train_time:2722ms step_avg:32.80ms
step:84/1288 train_time:2759ms step_avg:32.85ms
step:85/1288 train_time:2787ms step_avg:32.79ms
step:86/1288 train_time:2824ms step_avg:32.84ms
step:87/1288 train_time:2852ms step_avg:32.78ms
step:88/1288 train_time:2889ms step_avg:32.83ms
step:89/1288 train_time:2917ms step_avg:32.78ms
step:90/1288 train_time:2954ms step_avg:32.83ms
step:91/1288 train_time:2982ms step_avg:32.77ms
step:92/1288 train_time:3020ms step_avg:32.83ms
step:93/1288 train_time:3047ms step_avg:32.77ms
step:94/1288 train_time:3085ms step_avg:32.82ms
step:95/1288 train_time:3113ms step_avg:32.77ms
step:96/1288 train_time:3150ms step_avg:32.81ms
step:97/1288 train_time:3178ms step_avg:32.76ms
step:98/1288 train_time:3215ms step_avg:32.80ms
step:99/1288 train_time:3243ms step_avg:32.75ms
step:100/1288 train_time:3280ms step_avg:32.80ms
step:101/1288 train_time:3308ms step_avg:32.76ms
step:102/1288 train_time:3345ms step_avg:32.80ms
step:103/1288 train_time:3373ms step_avg:32.75ms
step:104/1288 train_time:3410ms step_avg:32.79ms
step:105/1288 train_time:3438ms step_avg:32.75ms
step:106/1288 train_time:3476ms step_avg:32.79ms
step:107/1288 train_time:3503ms step_avg:32.74ms
step:108/1288 train_time:3540ms step_avg:32.78ms
step:109/1288 train_time:3568ms step_avg:32.74ms
step:110/1288 train_time:3606ms step_avg:32.78ms
step:111/1288 train_time:3633ms step_avg:32.73ms
step:112/1288 train_time:3671ms step_avg:32.77ms
step:113/1288 train_time:3699ms step_avg:32.73ms
step:114/1288 train_time:3735ms step_avg:32.77ms
step:115/1288 train_time:3763ms step_avg:32.73ms
step:116/1288 train_time:3801ms step_avg:32.76ms
step:117/1288 train_time:3828ms step_avg:32.72ms
step:118/1288 train_time:3866ms step_avg:32.76ms
step:119/1288 train_time:3894ms step_avg:32.72ms
step:120/1288 train_time:3931ms step_avg:32.76ms
step:121/1288 train_time:3959ms step_avg:32.72ms
step:122/1288 train_time:3996ms step_avg:32.75ms
step:123/1288 train_time:4023ms step_avg:32.71ms
step:124/1288 train_time:4061ms step_avg:32.75ms
step:125/1288 train_time:4088ms step_avg:32.70ms
step:126/1288 train_time:4125ms step_avg:32.74ms
step:127/1288 train_time:4152ms step_avg:32.70ms
step:128/1288 train_time:4189ms step_avg:32.73ms
step:129/1288 train_time:4218ms step_avg:32.70ms
step:130/1288 train_time:4255ms step_avg:32.73ms
step:131/1288 train_time:4283ms step_avg:32.69ms
step:132/1288 train_time:4320ms step_avg:32.73ms
step:133/1288 train_time:4348ms step_avg:32.69ms
step:134/1288 train_time:4385ms step_avg:32.72ms
step:135/1288 train_time:4414ms step_avg:32.69ms
step:136/1288 train_time:4451ms step_avg:32.73ms
step:137/1288 train_time:4478ms step_avg:32.69ms
step:138/1288 train_time:4516ms step_avg:32.72ms
step:139/1288 train_time:4544ms step_avg:32.69ms
step:140/1288 train_time:4581ms step_avg:32.72ms
step:141/1288 train_time:4609ms step_avg:32.69ms
step:142/1288 train_time:4646ms step_avg:32.72ms
step:143/1288 train_time:4674ms step_avg:32.69ms
step:144/1288 train_time:4711ms step_avg:32.71ms
step:145/1288 train_time:4739ms step_avg:32.68ms
step:146/1288 train_time:4776ms step_avg:32.71ms
step:147/1288 train_time:4804ms step_avg:32.68ms
step:148/1288 train_time:4842ms step_avg:32.71ms
step:149/1288 train_time:4869ms step_avg:32.68ms
step:150/1288 train_time:4907ms step_avg:32.71ms
step:151/1288 train_time:4934ms step_avg:32.68ms
step:152/1288 train_time:4971ms step_avg:32.70ms
step:153/1288 train_time:4999ms step_avg:32.67ms
step:154/1288 train_time:5036ms step_avg:32.70ms
step:155/1288 train_time:5064ms step_avg:32.67ms
step:156/1288 train_time:5101ms step_avg:32.70ms
step:157/1288 train_time:5129ms step_avg:32.67ms
step:158/1288 train_time:5166ms step_avg:32.69ms
step:159/1288 train_time:5193ms step_avg:32.66ms
step:160/1288 train_time:5230ms step_avg:32.69ms
step:161/1288 train_time:5258ms step_avg:32.66ms
step:162/1288 train_time:5295ms step_avg:32.68ms
step:163/1288 train_time:5323ms step_avg:32.66ms
step:164/1288 train_time:5360ms step_avg:32.69ms
step:165/1288 train_time:5388ms step_avg:32.65ms
step:166/1288 train_time:5425ms step_avg:32.68ms
step:167/1288 train_time:5453ms step_avg:32.65ms
step:168/1288 train_time:5490ms step_avg:32.68ms
step:169/1288 train_time:5518ms step_avg:32.65ms
step:170/1288 train_time:5555ms step_avg:32.68ms
step:171/1288 train_time:5583ms step_avg:32.65ms
step:172/1288 train_time:5620ms step_avg:32.67ms
step:173/1288 train_time:5648ms step_avg:32.65ms
step:174/1288 train_time:5685ms step_avg:32.67ms
step:175/1288 train_time:5713ms step_avg:32.64ms
step:176/1288 train_time:5750ms step_avg:32.67ms
step:177/1288 train_time:5778ms step_avg:32.64ms
step:178/1288 train_time:5815ms step_avg:32.67ms
step:179/1288 train_time:5843ms step_avg:32.64ms
step:180/1288 train_time:5880ms step_avg:32.67ms
step:181/1288 train_time:5908ms step_avg:32.64ms
step:182/1288 train_time:5945ms step_avg:32.67ms
step:183/1288 train_time:5973ms step_avg:32.64ms
step:184/1288 train_time:6010ms step_avg:32.66ms
step:185/1288 train_time:6038ms step_avg:32.64ms
step:186/1288 train_time:6075ms step_avg:32.66ms
step:187/1288 train_time:6103ms step_avg:32.64ms
step:188/1288 train_time:6141ms step_avg:32.66ms
step:189/1288 train_time:6168ms step_avg:32.64ms
step:190/1288 train_time:6206ms step_avg:32.66ms
step:191/1288 train_time:6234ms step_avg:32.64ms
step:192/1288 train_time:6271ms step_avg:32.66ms
step:193/1288 train_time:6298ms step_avg:32.63ms
step:194/1288 train_time:6336ms step_avg:32.66ms
step:195/1288 train_time:6364ms step_avg:32.63ms
step:196/1288 train_time:6401ms step_avg:32.66ms
step:197/1288 train_time:6429ms step_avg:32.63ms
step:198/1288 train_time:6466ms step_avg:32.66ms
step:199/1288 train_time:6494ms step_avg:32.63ms
step:200/1288 train_time:6530ms step_avg:32.65ms
step:201/1288 train_time:6558ms step_avg:32.63ms
step:202/1288 train_time:6595ms step_avg:32.65ms
step:203/1288 train_time:6623ms step_avg:32.63ms
step:204/1288 train_time:6660ms step_avg:32.65ms
step:205/1288 train_time:6688ms step_avg:32.62ms
step:206/1288 train_time:6725ms step_avg:32.64ms
step:207/1288 train_time:6752ms step_avg:32.62ms
step:208/1288 train_time:6790ms step_avg:32.64ms
step:209/1288 train_time:6818ms step_avg:32.62ms
step:210/1288 train_time:6855ms step_avg:32.64ms
step:211/1288 train_time:6882ms step_avg:32.62ms
step:212/1288 train_time:6920ms step_avg:32.64ms
step:213/1288 train_time:6947ms step_avg:32.62ms
step:214/1288 train_time:6984ms step_avg:32.64ms
step:215/1288 train_time:7012ms step_avg:32.62ms
step:216/1288 train_time:7050ms step_avg:32.64ms
step:217/1288 train_time:7077ms step_avg:32.62ms
step:218/1288 train_time:7115ms step_avg:32.64ms
step:219/1288 train_time:7142ms step_avg:32.61ms
step:220/1288 train_time:7179ms step_avg:32.63ms
step:221/1288 train_time:7207ms step_avg:32.61ms
step:222/1288 train_time:7244ms step_avg:32.63ms
step:223/1288 train_time:7272ms step_avg:32.61ms
step:224/1288 train_time:7309ms step_avg:32.63ms
step:225/1288 train_time:7337ms step_avg:32.61ms
step:226/1288 train_time:7374ms step_avg:32.63ms
step:227/1288 train_time:7402ms step_avg:32.61ms
step:228/1288 train_time:7439ms step_avg:32.63ms
step:229/1288 train_time:7467ms step_avg:32.61ms
step:230/1288 train_time:7504ms step_avg:32.63ms
step:231/1288 train_time:7532ms step_avg:32.61ms
step:232/1288 train_time:7570ms step_avg:32.63ms
step:233/1288 train_time:7597ms step_avg:32.60ms
step:234/1288 train_time:7635ms step_avg:32.63ms
step:235/1288 train_time:7662ms step_avg:32.61ms
step:236/1288 train_time:7700ms step_avg:32.63ms
step:237/1288 train_time:7727ms step_avg:32.61ms
step:238/1288 train_time:7764ms step_avg:32.62ms
step:239/1288 train_time:7792ms step_avg:32.60ms
step:240/1288 train_time:7829ms step_avg:32.62ms
step:241/1288 train_time:7857ms step_avg:32.60ms
step:242/1288 train_time:7894ms step_avg:32.62ms
step:243/1288 train_time:7922ms step_avg:32.60ms
step:244/1288 train_time:7959ms step_avg:32.62ms
step:245/1288 train_time:7986ms step_avg:32.60ms
step:246/1288 train_time:8023ms step_avg:32.62ms
step:247/1288 train_time:8051ms step_avg:32.60ms
step:248/1288 train_time:8088ms step_avg:32.61ms
step:249/1288 train_time:8116ms step_avg:32.59ms
step:250/1288 train_time:8153ms step_avg:32.61ms
step:250/1288 val_loss:4.4333 train_time:8189ms step_avg:32.76ms
step:251/1288 train_time:8209ms step_avg:32.71ms
step:252/1288 train_time:8232ms step_avg:32.67ms
step:253/1288 train_time:8250ms step_avg:32.61ms
step:254/1288 train_time:8288ms step_avg:32.63ms
step:255/1288 train_time:8317ms step_avg:32.62ms
step:256/1288 train_time:8355ms step_avg:32.64ms
step:257/1288 train_time:8383ms step_avg:32.62ms
step:258/1288 train_time:8421ms step_avg:32.64ms
step:259/1288 train_time:8448ms step_avg:32.62ms
step:260/1288 train_time:8485ms step_avg:32.64ms
step:261/1288 train_time:8513ms step_avg:32.62ms
step:262/1288 train_time:8550ms step_avg:32.63ms
step:263/1288 train_time:8578ms step_avg:32.62ms
step:264/1288 train_time:8615ms step_avg:32.63ms
step:265/1288 train_time:8642ms step_avg:32.61ms
step:266/1288 train_time:8680ms step_avg:32.63ms
step:267/1288 train_time:8707ms step_avg:32.61ms
step:268/1288 train_time:8744ms step_avg:32.63ms
step:269/1288 train_time:8771ms step_avg:32.61ms
step:270/1288 train_time:8808ms step_avg:32.62ms
step:271/1288 train_time:8836ms step_avg:32.61ms
step:272/1288 train_time:8873ms step_avg:32.62ms
step:273/1288 train_time:8900ms step_avg:32.60ms
step:274/1288 train_time:8938ms step_avg:32.62ms
step:275/1288 train_time:8965ms step_avg:32.60ms
step:276/1288 train_time:9002ms step_avg:32.61ms
step:277/1288 train_time:9030ms step_avg:32.60ms
step:278/1288 train_time:9067ms step_avg:32.61ms
step:279/1288 train_time:9094ms step_avg:32.60ms
step:280/1288 train_time:9131ms step_avg:32.61ms
step:281/1288 train_time:9159ms step_avg:32.60ms
step:282/1288 train_time:9196ms step_avg:32.61ms
step:283/1288 train_time:9223ms step_avg:32.59ms
step:284/1288 train_time:9261ms step_avg:32.61ms
step:285/1288 train_time:9289ms step_avg:32.59ms
step:286/1288 train_time:9327ms step_avg:32.61ms
step:287/1288 train_time:9355ms step_avg:32.60ms
step:288/1288 train_time:9392ms step_avg:32.61ms
step:289/1288 train_time:9420ms step_avg:32.60ms
step:290/1288 train_time:9458ms step_avg:32.61ms
step:291/1288 train_time:9485ms step_avg:32.60ms
step:292/1288 train_time:9522ms step_avg:32.61ms
step:293/1288 train_time:9551ms step_avg:32.60ms
step:294/1288 train_time:9588ms step_avg:32.61ms
step:295/1288 train_time:9615ms step_avg:32.59ms
step:296/1288 train_time:9652ms step_avg:32.61ms
step:297/1288 train_time:9680ms step_avg:32.59ms
step:298/1288 train_time:9717ms step_avg:32.61ms
step:299/1288 train_time:9745ms step_avg:32.59ms
step:300/1288 train_time:9782ms step_avg:32.61ms
step:301/1288 train_time:9810ms step_avg:32.59ms
step:302/1288 train_time:9848ms step_avg:32.61ms
step:303/1288 train_time:9875ms step_avg:32.59ms
step:304/1288 train_time:9912ms step_avg:32.60ms
step:305/1288 train_time:9939ms step_avg:32.59ms
step:306/1288 train_time:9977ms step_avg:32.60ms
step:307/1288 train_time:10004ms step_avg:32.59ms
step:308/1288 train_time:10041ms step_avg:32.60ms
step:309/1288 train_time:10068ms step_avg:32.58ms
step:310/1288 train_time:10106ms step_avg:32.60ms
step:311/1288 train_time:10133ms step_avg:32.58ms
step:312/1288 train_time:10170ms step_avg:32.60ms
step:313/1288 train_time:10197ms step_avg:32.58ms
step:314/1288 train_time:10234ms step_avg:32.59ms
step:315/1288 train_time:10262ms step_avg:32.58ms
step:316/1288 train_time:10299ms step_avg:32.59ms
step:317/1288 train_time:10327ms step_avg:32.58ms
step:318/1288 train_time:10364ms step_avg:32.59ms
step:319/1288 train_time:10392ms step_avg:32.58ms
step:320/1288 train_time:10429ms step_avg:32.59ms
step:321/1288 train_time:10457ms step_avg:32.58ms
step:322/1288 train_time:10494ms step_avg:32.59ms
step:323/1288 train_time:10522ms step_avg:32.58ms
step:324/1288 train_time:10559ms step_avg:32.59ms
step:325/1288 train_time:10587ms step_avg:32.58ms
step:326/1288 train_time:10624ms step_avg:32.59ms
step:327/1288 train_time:10652ms step_avg:32.58ms
step:328/1288 train_time:10690ms step_avg:32.59ms
step:329/1288 train_time:10717ms step_avg:32.58ms
step:330/1288 train_time:10754ms step_avg:32.59ms
step:331/1288 train_time:10782ms step_avg:32.57ms
step:332/1288 train_time:10820ms step_avg:32.59ms
step:333/1288 train_time:10847ms step_avg:32.57ms
step:334/1288 train_time:10884ms step_avg:32.59ms
step:335/1288 train_time:10912ms step_avg:32.57ms
step:336/1288 train_time:10949ms step_avg:32.59ms
step:337/1288 train_time:10977ms step_avg:32.57ms
step:338/1288 train_time:11013ms step_avg:32.58ms
step:339/1288 train_time:11041ms step_avg:32.57ms
step:340/1288 train_time:11078ms step_avg:32.58ms
step:341/1288 train_time:11106ms step_avg:32.57ms
step:342/1288 train_time:11143ms step_avg:32.58ms
step:343/1288 train_time:11171ms step_avg:32.57ms
step:344/1288 train_time:11208ms step_avg:32.58ms
step:345/1288 train_time:11235ms step_avg:32.57ms
step:346/1288 train_time:11273ms step_avg:32.58ms
step:347/1288 train_time:11300ms step_avg:32.57ms
step:348/1288 train_time:11338ms step_avg:32.58ms
step:349/1288 train_time:11365ms step_avg:32.57ms
step:350/1288 train_time:11402ms step_avg:32.58ms
step:351/1288 train_time:11430ms step_avg:32.56ms
step:352/1288 train_time:11467ms step_avg:32.58ms
step:353/1288 train_time:11495ms step_avg:32.56ms
step:354/1288 train_time:11532ms step_avg:32.58ms
step:355/1288 train_time:11560ms step_avg:32.56ms
step:356/1288 train_time:11597ms step_avg:32.57ms
step:357/1288 train_time:11624ms step_avg:32.56ms
step:358/1288 train_time:11662ms step_avg:32.57ms
step:359/1288 train_time:11690ms step_avg:32.56ms
step:360/1288 train_time:11726ms step_avg:32.57ms
step:361/1288 train_time:11755ms step_avg:32.56ms
step:362/1288 train_time:11791ms step_avg:32.57ms
step:363/1288 train_time:11819ms step_avg:32.56ms
step:364/1288 train_time:11857ms step_avg:32.57ms
step:365/1288 train_time:11884ms step_avg:32.56ms
step:366/1288 train_time:11921ms step_avg:32.57ms
step:367/1288 train_time:11949ms step_avg:32.56ms
step:368/1288 train_time:11986ms step_avg:32.57ms
step:369/1288 train_time:12014ms step_avg:32.56ms
step:370/1288 train_time:12052ms step_avg:32.57ms
step:371/1288 train_time:12079ms step_avg:32.56ms
step:372/1288 train_time:12116ms step_avg:32.57ms
step:373/1288 train_time:12144ms step_avg:32.56ms
step:374/1288 train_time:12181ms step_avg:32.57ms
step:375/1288 train_time:12209ms step_avg:32.56ms
step:376/1288 train_time:12245ms step_avg:32.57ms
step:377/1288 train_time:12274ms step_avg:32.56ms
step:378/1288 train_time:12311ms step_avg:32.57ms
step:379/1288 train_time:12338ms step_avg:32.55ms
step:380/1288 train_time:12375ms step_avg:32.56ms
step:381/1288 train_time:12402ms step_avg:32.55ms
step:382/1288 train_time:12441ms step_avg:32.57ms
step:383/1288 train_time:12467ms step_avg:32.55ms
step:384/1288 train_time:12504ms step_avg:32.56ms
step:385/1288 train_time:12532ms step_avg:32.55ms
step:386/1288 train_time:12569ms step_avg:32.56ms
step:387/1288 train_time:12597ms step_avg:32.55ms
step:388/1288 train_time:12633ms step_avg:32.56ms
step:389/1288 train_time:12661ms step_avg:32.55ms
step:390/1288 train_time:12699ms step_avg:32.56ms
step:391/1288 train_time:12727ms step_avg:32.55ms
step:392/1288 train_time:12764ms step_avg:32.56ms
step:393/1288 train_time:12791ms step_avg:32.55ms
step:394/1288 train_time:12829ms step_avg:32.56ms
step:395/1288 train_time:12857ms step_avg:32.55ms
step:396/1288 train_time:12894ms step_avg:32.56ms
step:397/1288 train_time:12921ms step_avg:32.55ms
step:398/1288 train_time:12959ms step_avg:32.56ms
step:399/1288 train_time:12986ms step_avg:32.55ms
step:400/1288 train_time:13023ms step_avg:32.56ms
step:401/1288 train_time:13051ms step_avg:32.55ms
step:402/1288 train_time:13088ms step_avg:32.56ms
step:403/1288 train_time:13115ms step_avg:32.54ms
step:404/1288 train_time:13152ms step_avg:32.56ms
step:405/1288 train_time:13181ms step_avg:32.54ms
step:406/1288 train_time:13218ms step_avg:32.56ms
step:407/1288 train_time:13245ms step_avg:32.54ms
step:408/1288 train_time:13282ms step_avg:32.55ms
step:409/1288 train_time:13310ms step_avg:32.54ms
step:410/1288 train_time:13347ms step_avg:32.55ms
step:411/1288 train_time:13375ms step_avg:32.54ms
step:412/1288 train_time:13412ms step_avg:32.55ms
step:413/1288 train_time:13439ms step_avg:32.54ms
step:414/1288 train_time:13476ms step_avg:32.55ms
step:415/1288 train_time:13503ms step_avg:32.54ms
step:416/1288 train_time:13540ms step_avg:32.55ms
step:417/1288 train_time:13568ms step_avg:32.54ms
step:418/1288 train_time:13605ms step_avg:32.55ms
step:419/1288 train_time:13633ms step_avg:32.54ms
step:420/1288 train_time:13670ms step_avg:32.55ms
step:421/1288 train_time:13698ms step_avg:32.54ms
step:422/1288 train_time:13735ms step_avg:32.55ms
step:423/1288 train_time:13762ms step_avg:32.54ms
step:424/1288 train_time:13799ms step_avg:32.55ms
step:425/1288 train_time:13830ms step_avg:32.54ms
step:426/1288 train_time:13893ms step_avg:32.61ms
step:427/1288 train_time:13947ms step_avg:32.66ms
step:428/1288 train_time:14010ms step_avg:32.73ms
step:429/1288 train_time:14064ms step_avg:32.78ms
step:430/1288 train_time:14127ms step_avg:32.85ms
step:431/1288 train_time:14180ms step_avg:32.90ms
step:432/1288 train_time:14243ms step_avg:32.97ms
step:433/1288 train_time:14298ms step_avg:33.02ms
step:434/1288 train_time:14361ms step_avg:33.09ms
step:435/1288 train_time:14415ms step_avg:33.14ms
step:436/1288 train_time:14477ms step_avg:33.20ms
step:437/1288 train_time:14530ms step_avg:33.25ms
step:438/1288 train_time:14592ms step_avg:33.32ms
step:439/1288 train_time:14646ms step_avg:33.36ms
step:440/1288 train_time:14709ms step_avg:33.43ms
step:441/1288 train_time:14764ms step_avg:33.48ms
step:442/1288 train_time:14826ms step_avg:33.54ms
step:443/1288 train_time:14880ms step_avg:33.59ms
step:444/1288 train_time:14942ms step_avg:33.65ms
step:445/1288 train_time:14996ms step_avg:33.70ms
step:446/1288 train_time:15058ms step_avg:33.76ms
step:447/1288 train_time:15112ms step_avg:33.81ms
step:448/1288 train_time:15173ms step_avg:33.87ms
step:449/1288 train_time:15228ms step_avg:33.92ms
step:450/1288 train_time:15290ms step_avg:33.98ms
step:451/1288 train_time:15345ms step_avg:34.02ms
step:452/1288 train_time:15407ms step_avg:34.09ms
step:453/1288 train_time:15462ms step_avg:34.13ms
step:454/1288 train_time:15524ms step_avg:34.19ms
step:455/1288 train_time:15578ms step_avg:34.24ms
step:456/1288 train_time:15640ms step_avg:34.30ms
step:457/1288 train_time:15695ms step_avg:34.34ms
step:458/1288 train_time:15756ms step_avg:34.40ms
step:459/1288 train_time:15811ms step_avg:34.45ms
step:460/1288 train_time:15872ms step_avg:34.51ms
step:461/1288 train_time:15926ms step_avg:34.55ms
step:462/1288 train_time:15989ms step_avg:34.61ms
step:463/1288 train_time:16042ms step_avg:34.65ms
step:464/1288 train_time:16105ms step_avg:34.71ms
step:465/1288 train_time:16160ms step_avg:34.75ms
step:466/1288 train_time:16222ms step_avg:34.81ms
step:467/1288 train_time:16277ms step_avg:34.85ms
step:468/1288 train_time:16339ms step_avg:34.91ms
step:469/1288 train_time:16393ms step_avg:34.95ms
step:470/1288 train_time:16455ms step_avg:35.01ms
step:471/1288 train_time:16509ms step_avg:35.05ms
step:472/1288 train_time:16571ms step_avg:35.11ms
step:473/1288 train_time:16625ms step_avg:35.15ms
step:474/1288 train_time:16687ms step_avg:35.20ms
step:475/1288 train_time:16742ms step_avg:35.25ms
step:476/1288 train_time:16805ms step_avg:35.30ms
step:477/1288 train_time:16859ms step_avg:35.34ms
step:478/1288 train_time:16921ms step_avg:35.40ms
step:479/1288 train_time:16974ms step_avg:35.44ms
step:480/1288 train_time:17036ms step_avg:35.49ms
step:481/1288 train_time:17091ms step_avg:35.53ms
step:482/1288 train_time:17152ms step_avg:35.59ms
step:483/1288 train_time:17206ms step_avg:35.62ms
step:484/1288 train_time:17269ms step_avg:35.68ms
step:485/1288 train_time:17323ms step_avg:35.72ms
step:486/1288 train_time:17386ms step_avg:35.77ms
step:487/1288 train_time:17440ms step_avg:35.81ms
step:488/1288 train_time:17502ms step_avg:35.87ms
step:489/1288 train_time:17557ms step_avg:35.90ms
step:490/1288 train_time:17619ms step_avg:35.96ms
step:491/1288 train_time:17672ms step_avg:35.99ms
step:492/1288 train_time:17735ms step_avg:36.05ms
step:493/1288 train_time:17789ms step_avg:36.08ms
step:494/1288 train_time:17851ms step_avg:36.14ms
step:495/1288 train_time:17905ms step_avg:36.17ms
step:496/1288 train_time:17967ms step_avg:36.22ms
step:497/1288 train_time:18021ms step_avg:36.26ms
step:498/1288 train_time:18084ms step_avg:36.31ms
step:499/1288 train_time:18138ms step_avg:36.35ms
step:500/1288 train_time:18200ms step_avg:36.40ms
step:500/1288 val_loss:4.0655 train_time:18265ms step_avg:36.53ms
step:501/1288 train_time:18285ms step_avg:36.50ms
step:502/1288 train_time:18323ms step_avg:36.50ms
step:503/1288 train_time:18380ms step_avg:36.54ms
step:504/1288 train_time:18445ms step_avg:36.60ms
step:505/1288 train_time:18498ms step_avg:36.63ms
step:506/1288 train_time:18560ms step_avg:36.68ms
step:507/1288 train_time:18613ms step_avg:36.71ms
step:508/1288 train_time:18675ms step_avg:36.76ms
step:509/1288 train_time:18728ms step_avg:36.79ms
step:510/1288 train_time:18789ms step_avg:36.84ms
step:511/1288 train_time:18842ms step_avg:36.87ms
step:512/1288 train_time:18904ms step_avg:36.92ms
step:513/1288 train_time:18957ms step_avg:36.95ms
step:514/1288 train_time:19019ms step_avg:37.00ms
step:515/1288 train_time:19072ms step_avg:37.03ms
step:516/1288 train_time:19135ms step_avg:37.08ms
step:517/1288 train_time:19187ms step_avg:37.11ms
step:518/1288 train_time:19251ms step_avg:37.16ms
step:519/1288 train_time:19307ms step_avg:37.20ms
step:520/1288 train_time:19370ms step_avg:37.25ms
step:521/1288 train_time:19426ms step_avg:37.29ms
step:522/1288 train_time:19490ms step_avg:37.34ms
step:523/1288 train_time:19544ms step_avg:37.37ms
step:524/1288 train_time:19606ms step_avg:37.42ms
step:525/1288 train_time:19659ms step_avg:37.45ms
step:526/1288 train_time:19721ms step_avg:37.49ms
step:527/1288 train_time:19774ms step_avg:37.52ms
step:528/1288 train_time:19836ms step_avg:37.57ms
step:529/1288 train_time:19890ms step_avg:37.60ms
step:530/1288 train_time:19951ms step_avg:37.64ms
step:531/1288 train_time:20005ms step_avg:37.67ms
step:532/1288 train_time:20066ms step_avg:37.72ms
step:533/1288 train_time:20120ms step_avg:37.75ms
step:534/1288 train_time:20182ms step_avg:37.79ms
step:535/1288 train_time:20235ms step_avg:37.82ms
step:536/1288 train_time:20297ms step_avg:37.87ms
step:537/1288 train_time:20352ms step_avg:37.90ms
step:538/1288 train_time:20415ms step_avg:37.95ms
step:539/1288 train_time:20470ms step_avg:37.98ms
step:540/1288 train_time:20532ms step_avg:38.02ms
step:541/1288 train_time:20586ms step_avg:38.05ms
step:542/1288 train_time:20649ms step_avg:38.10ms
step:543/1288 train_time:20704ms step_avg:38.13ms
step:544/1288 train_time:20766ms step_avg:38.17ms
step:545/1288 train_time:20819ms step_avg:38.20ms
step:546/1288 train_time:20881ms step_avg:38.24ms
step:547/1288 train_time:20934ms step_avg:38.27ms
step:548/1288 train_time:20996ms step_avg:38.31ms
step:549/1288 train_time:21049ms step_avg:38.34ms
step:550/1288 train_time:21112ms step_avg:38.39ms
step:551/1288 train_time:21166ms step_avg:38.41ms
step:552/1288 train_time:21229ms step_avg:38.46ms
step:553/1288 train_time:21282ms step_avg:38.49ms
step:554/1288 train_time:21345ms step_avg:38.53ms
step:555/1288 train_time:21398ms step_avg:38.56ms
step:556/1288 train_time:21461ms step_avg:38.60ms
step:557/1288 train_time:21516ms step_avg:38.63ms
step:558/1288 train_time:21578ms step_avg:38.67ms
step:559/1288 train_time:21632ms step_avg:38.70ms
step:560/1288 train_time:21694ms step_avg:38.74ms
step:561/1288 train_time:21748ms step_avg:38.77ms
step:562/1288 train_time:21811ms step_avg:38.81ms
step:563/1288 train_time:21864ms step_avg:38.84ms
step:564/1288 train_time:21926ms step_avg:38.88ms
step:565/1288 train_time:21980ms step_avg:38.90ms
step:566/1288 train_time:22042ms step_avg:38.94ms
step:567/1288 train_time:22095ms step_avg:38.97ms
step:568/1288 train_time:22157ms step_avg:39.01ms
step:569/1288 train_time:22212ms step_avg:39.04ms
step:570/1288 train_time:22275ms step_avg:39.08ms
step:571/1288 train_time:22328ms step_avg:39.10ms
step:572/1288 train_time:22391ms step_avg:39.14ms
step:573/1288 train_time:22445ms step_avg:39.17ms
step:574/1288 train_time:22508ms step_avg:39.21ms
step:575/1288 train_time:22561ms step_avg:39.24ms
step:576/1288 train_time:22624ms step_avg:39.28ms
step:577/1288 train_time:22677ms step_avg:39.30ms
step:578/1288 train_time:22740ms step_avg:39.34ms
step:579/1288 train_time:22793ms step_avg:39.37ms
step:580/1288 train_time:22856ms step_avg:39.41ms
step:581/1288 train_time:22910ms step_avg:39.43ms
step:582/1288 train_time:22972ms step_avg:39.47ms
step:583/1288 train_time:23026ms step_avg:39.50ms
step:584/1288 train_time:23087ms step_avg:39.53ms
step:585/1288 train_time:23141ms step_avg:39.56ms
step:586/1288 train_time:23203ms step_avg:39.60ms
step:587/1288 train_time:23257ms step_avg:39.62ms
step:588/1288 train_time:23319ms step_avg:39.66ms
step:589/1288 train_time:23373ms step_avg:39.68ms
step:590/1288 train_time:23436ms step_avg:39.72ms
step:591/1288 train_time:23489ms step_avg:39.74ms
step:592/1288 train_time:23552ms step_avg:39.78ms
step:593/1288 train_time:23606ms step_avg:39.81ms
step:594/1288 train_time:23670ms step_avg:39.85ms
step:595/1288 train_time:23724ms step_avg:39.87ms
step:596/1288 train_time:23787ms step_avg:39.91ms
step:597/1288 train_time:23840ms step_avg:39.93ms
step:598/1288 train_time:23901ms step_avg:39.97ms
step:599/1288 train_time:23955ms step_avg:39.99ms
step:600/1288 train_time:24018ms step_avg:40.03ms
step:601/1288 train_time:24071ms step_avg:40.05ms
step:602/1288 train_time:24134ms step_avg:40.09ms
step:603/1288 train_time:24188ms step_avg:40.11ms
step:604/1288 train_time:24251ms step_avg:40.15ms
step:605/1288 train_time:24306ms step_avg:40.17ms
step:606/1288 train_time:24368ms step_avg:40.21ms
step:607/1288 train_time:24421ms step_avg:40.23ms
step:608/1288 train_time:24483ms step_avg:40.27ms
step:609/1288 train_time:24537ms step_avg:40.29ms
step:610/1288 train_time:24599ms step_avg:40.33ms
step:611/1288 train_time:24653ms step_avg:40.35ms
step:612/1288 train_time:24716ms step_avg:40.39ms
step:613/1288 train_time:24771ms step_avg:40.41ms
step:614/1288 train_time:24833ms step_avg:40.44ms
step:615/1288 train_time:24887ms step_avg:40.47ms
step:616/1288 train_time:24950ms step_avg:40.50ms
step:617/1288 train_time:25003ms step_avg:40.52ms
step:618/1288 train_time:25065ms step_avg:40.56ms
step:619/1288 train_time:25119ms step_avg:40.58ms
step:620/1288 train_time:25181ms step_avg:40.61ms
step:621/1288 train_time:25235ms step_avg:40.64ms
step:622/1288 train_time:25298ms step_avg:40.67ms
step:623/1288 train_time:25352ms step_avg:40.69ms
step:624/1288 train_time:25414ms step_avg:40.73ms
step:625/1288 train_time:25468ms step_avg:40.75ms
step:626/1288 train_time:25531ms step_avg:40.78ms
step:627/1288 train_time:25584ms step_avg:40.80ms
step:628/1288 train_time:25646ms step_avg:40.84ms
step:629/1288 train_time:25700ms step_avg:40.86ms
step:630/1288 train_time:25762ms step_avg:40.89ms
step:631/1288 train_time:25817ms step_avg:40.91ms
step:632/1288 train_time:25878ms step_avg:40.95ms
step:633/1288 train_time:25932ms step_avg:40.97ms
step:634/1288 train_time:25994ms step_avg:41.00ms
step:635/1288 train_time:26048ms step_avg:41.02ms
step:636/1288 train_time:26111ms step_avg:41.06ms
step:637/1288 train_time:26166ms step_avg:41.08ms
step:638/1288 train_time:26228ms step_avg:41.11ms
step:639/1288 train_time:26283ms step_avg:41.13ms
step:640/1288 train_time:26345ms step_avg:41.16ms
step:641/1288 train_time:26398ms step_avg:41.18ms
step:642/1288 train_time:26460ms step_avg:41.21ms
step:643/1288 train_time:26514ms step_avg:41.24ms
step:644/1288 train_time:26576ms step_avg:41.27ms
step:645/1288 train_time:26630ms step_avg:41.29ms
step:646/1288 train_time:26692ms step_avg:41.32ms
step:647/1288 train_time:26748ms step_avg:41.34ms
step:648/1288 train_time:26811ms step_avg:41.37ms
step:649/1288 train_time:26864ms step_avg:41.39ms
step:650/1288 train_time:26926ms step_avg:41.42ms
step:651/1288 train_time:26979ms step_avg:41.44ms
step:652/1288 train_time:27041ms step_avg:41.47ms
step:653/1288 train_time:27096ms step_avg:41.49ms
step:654/1288 train_time:27158ms step_avg:41.53ms
step:655/1288 train_time:27212ms step_avg:41.54ms
step:656/1288 train_time:27274ms step_avg:41.58ms
step:657/1288 train_time:27328ms step_avg:41.60ms
step:658/1288 train_time:27391ms step_avg:41.63ms
step:659/1288 train_time:27445ms step_avg:41.65ms
step:660/1288 train_time:27507ms step_avg:41.68ms
step:661/1288 train_time:27562ms step_avg:41.70ms
step:662/1288 train_time:27624ms step_avg:41.73ms
step:663/1288 train_time:27677ms step_avg:41.74ms
step:664/1288 train_time:27739ms step_avg:41.78ms
step:665/1288 train_time:27793ms step_avg:41.79ms
step:666/1288 train_time:27855ms step_avg:41.82ms
step:667/1288 train_time:27909ms step_avg:41.84ms
step:668/1288 train_time:27971ms step_avg:41.87ms
step:669/1288 train_time:28026ms step_avg:41.89ms
step:670/1288 train_time:28088ms step_avg:41.92ms
step:671/1288 train_time:28142ms step_avg:41.94ms
step:672/1288 train_time:28204ms step_avg:41.97ms
step:673/1288 train_time:28257ms step_avg:41.99ms
step:674/1288 train_time:28320ms step_avg:42.02ms
step:675/1288 train_time:28374ms step_avg:42.04ms
step:676/1288 train_time:28437ms step_avg:42.07ms
step:677/1288 train_time:28490ms step_avg:42.08ms
step:678/1288 train_time:28553ms step_avg:42.11ms
step:679/1288 train_time:28608ms step_avg:42.13ms
step:680/1288 train_time:28670ms step_avg:42.16ms
step:681/1288 train_time:28724ms step_avg:42.18ms
step:682/1288 train_time:28786ms step_avg:42.21ms
step:683/1288 train_time:28840ms step_avg:42.23ms
step:684/1288 train_time:28901ms step_avg:42.25ms
step:685/1288 train_time:28955ms step_avg:42.27ms
step:686/1288 train_time:29017ms step_avg:42.30ms
step:687/1288 train_time:29070ms step_avg:42.32ms
step:688/1288 train_time:29133ms step_avg:42.34ms
step:689/1288 train_time:29187ms step_avg:42.36ms
step:690/1288 train_time:29249ms step_avg:42.39ms
step:691/1288 train_time:29304ms step_avg:42.41ms
step:692/1288 train_time:29366ms step_avg:42.44ms
step:693/1288 train_time:29420ms step_avg:42.45ms
step:694/1288 train_time:29482ms step_avg:42.48ms
step:695/1288 train_time:29536ms step_avg:42.50ms
step:696/1288 train_time:29598ms step_avg:42.53ms
step:697/1288 train_time:29652ms step_avg:42.54ms
step:698/1288 train_time:29715ms step_avg:42.57ms
step:699/1288 train_time:29769ms step_avg:42.59ms
step:700/1288 train_time:29832ms step_avg:42.62ms
step:701/1288 train_time:29885ms step_avg:42.63ms
step:702/1288 train_time:29948ms step_avg:42.66ms
step:703/1288 train_time:30001ms step_avg:42.68ms
step:704/1288 train_time:30064ms step_avg:42.70ms
step:705/1288 train_time:30118ms step_avg:42.72ms
step:706/1288 train_time:30179ms step_avg:42.75ms
step:707/1288 train_time:30233ms step_avg:42.76ms
step:708/1288 train_time:30295ms step_avg:42.79ms
step:709/1288 train_time:30349ms step_avg:42.81ms
step:710/1288 train_time:30412ms step_avg:42.83ms
step:711/1288 train_time:30466ms step_avg:42.85ms
step:712/1288 train_time:30529ms step_avg:42.88ms
step:713/1288 train_time:30583ms step_avg:42.89ms
step:714/1288 train_time:30645ms step_avg:42.92ms
step:715/1288 train_time:30699ms step_avg:42.94ms
step:716/1288 train_time:30761ms step_avg:42.96ms
step:717/1288 train_time:30815ms step_avg:42.98ms
step:718/1288 train_time:30877ms step_avg:43.00ms
step:719/1288 train_time:30930ms step_avg:43.02ms
step:720/1288 train_time:30993ms step_avg:43.05ms
step:721/1288 train_time:31047ms step_avg:43.06ms
step:722/1288 train_time:31112ms step_avg:43.09ms
step:723/1288 train_time:31167ms step_avg:43.11ms
step:724/1288 train_time:31229ms step_avg:43.13ms
step:725/1288 train_time:31283ms step_avg:43.15ms
step:726/1288 train_time:31344ms step_avg:43.17ms
step:727/1288 train_time:31398ms step_avg:43.19ms
step:728/1288 train_time:31461ms step_avg:43.22ms
step:729/1288 train_time:31515ms step_avg:43.23ms
step:730/1288 train_time:31577ms step_avg:43.26ms
step:731/1288 train_time:31630ms step_avg:43.27ms
step:732/1288 train_time:31693ms step_avg:43.30ms
step:733/1288 train_time:31747ms step_avg:43.31ms
step:734/1288 train_time:31810ms step_avg:43.34ms
step:735/1288 train_time:31865ms step_avg:43.35ms
step:736/1288 train_time:31927ms step_avg:43.38ms
step:737/1288 train_time:31980ms step_avg:43.39ms
step:738/1288 train_time:32042ms step_avg:43.42ms
step:739/1288 train_time:32096ms step_avg:43.43ms
step:740/1288 train_time:32158ms step_avg:43.46ms
step:741/1288 train_time:32212ms step_avg:43.47ms
step:742/1288 train_time:32275ms step_avg:43.50ms
step:743/1288 train_time:32328ms step_avg:43.51ms
step:744/1288 train_time:32394ms step_avg:43.54ms
step:745/1288 train_time:32446ms step_avg:43.55ms
step:746/1288 train_time:32508ms step_avg:43.58ms
step:747/1288 train_time:32562ms step_avg:43.59ms
step:748/1288 train_time:32624ms step_avg:43.61ms
step:749/1288 train_time:32677ms step_avg:43.63ms
step:750/1288 train_time:32739ms step_avg:43.65ms
step:750/1288 val_loss:3.6614 train_time:32803ms step_avg:43.74ms
step:751/1288 train_time:32824ms step_avg:43.71ms
step:752/1288 train_time:32859ms step_avg:43.70ms
step:753/1288 train_time:32915ms step_avg:43.71ms
step:754/1288 train_time:32979ms step_avg:43.74ms
step:755/1288 train_time:33034ms step_avg:43.75ms
step:756/1288 train_time:33096ms step_avg:43.78ms
step:757/1288 train_time:33149ms step_avg:43.79ms
step:758/1288 train_time:33211ms step_avg:43.81ms
step:759/1288 train_time:33264ms step_avg:43.83ms
step:760/1288 train_time:33327ms step_avg:43.85ms
step:761/1288 train_time:33379ms step_avg:43.86ms
step:762/1288 train_time:33441ms step_avg:43.89ms
step:763/1288 train_time:33494ms step_avg:43.90ms
step:764/1288 train_time:33556ms step_avg:43.92ms
step:765/1288 train_time:33610ms step_avg:43.93ms
step:766/1288 train_time:33671ms step_avg:43.96ms
step:767/1288 train_time:33725ms step_avg:43.97ms
step:768/1288 train_time:33788ms step_avg:43.99ms
step:769/1288 train_time:33843ms step_avg:44.01ms
step:770/1288 train_time:33906ms step_avg:44.03ms
step:771/1288 train_time:33961ms step_avg:44.05ms
step:772/1288 train_time:34025ms step_avg:44.07ms
step:773/1288 train_time:34078ms step_avg:44.09ms
step:774/1288 train_time:34141ms step_avg:44.11ms
step:775/1288 train_time:34195ms step_avg:44.12ms
step:776/1288 train_time:34258ms step_avg:44.15ms
step:777/1288 train_time:34312ms step_avg:44.16ms
step:778/1288 train_time:34375ms step_avg:44.18ms
step:779/1288 train_time:34428ms step_avg:44.20ms
step:780/1288 train_time:34490ms step_avg:44.22ms
step:781/1288 train_time:34543ms step_avg:44.23ms
step:782/1288 train_time:34604ms step_avg:44.25ms
step:783/1288 train_time:34657ms step_avg:44.26ms
step:784/1288 train_time:34720ms step_avg:44.29ms
step:785/1288 train_time:34774ms step_avg:44.30ms
step:786/1288 train_time:34838ms step_avg:44.32ms
step:787/1288 train_time:34893ms step_avg:44.34ms
step:788/1288 train_time:34957ms step_avg:44.36ms
step:789/1288 train_time:35012ms step_avg:44.37ms
step:790/1288 train_time:35075ms step_avg:44.40ms
step:791/1288 train_time:35128ms step_avg:44.41ms
step:792/1288 train_time:35190ms step_avg:44.43ms
step:793/1288 train_time:35243ms step_avg:44.44ms
step:794/1288 train_time:35307ms step_avg:44.47ms
step:795/1288 train_time:35359ms step_avg:44.48ms
step:796/1288 train_time:35422ms step_avg:44.50ms
step:797/1288 train_time:35475ms step_avg:44.51ms
step:798/1288 train_time:35538ms step_avg:44.53ms
step:799/1288 train_time:35592ms step_avg:44.55ms
step:800/1288 train_time:35654ms step_avg:44.57ms
step:801/1288 train_time:35706ms step_avg:44.58ms
step:802/1288 train_time:35769ms step_avg:44.60ms
step:803/1288 train_time:35822ms step_avg:44.61ms
step:804/1288 train_time:35885ms step_avg:44.63ms
step:805/1288 train_time:35939ms step_avg:44.64ms
step:806/1288 train_time:36002ms step_avg:44.67ms
step:807/1288 train_time:36057ms step_avg:44.68ms
step:808/1288 train_time:36121ms step_avg:44.70ms
step:809/1288 train_time:36176ms step_avg:44.72ms
step:810/1288 train_time:36238ms step_avg:44.74ms
step:811/1288 train_time:36292ms step_avg:44.75ms
step:812/1288 train_time:36354ms step_avg:44.77ms
step:813/1288 train_time:36407ms step_avg:44.78ms
step:814/1288 train_time:36469ms step_avg:44.80ms
step:815/1288 train_time:36523ms step_avg:44.81ms
step:816/1288 train_time:36584ms step_avg:44.83ms
step:817/1288 train_time:36638ms step_avg:44.84ms
step:818/1288 train_time:36701ms step_avg:44.87ms
step:819/1288 train_time:36755ms step_avg:44.88ms
step:820/1288 train_time:36818ms step_avg:44.90ms
step:821/1288 train_time:36872ms step_avg:44.91ms
step:822/1288 train_time:36935ms step_avg:44.93ms
step:823/1288 train_time:36989ms step_avg:44.94ms
step:824/1288 train_time:37051ms step_avg:44.97ms
step:825/1288 train_time:37105ms step_avg:44.98ms
step:826/1288 train_time:37167ms step_avg:45.00ms
step:827/1288 train_time:37222ms step_avg:45.01ms
step:828/1288 train_time:37284ms step_avg:45.03ms
step:829/1288 train_time:37336ms step_avg:45.04ms
step:830/1288 train_time:37399ms step_avg:45.06ms
step:831/1288 train_time:37454ms step_avg:45.07ms
step:832/1288 train_time:37516ms step_avg:45.09ms
step:833/1288 train_time:37570ms step_avg:45.10ms
step:834/1288 train_time:37631ms step_avg:45.12ms
step:835/1288 train_time:37685ms step_avg:45.13ms
step:836/1288 train_time:37747ms step_avg:45.15ms
step:837/1288 train_time:37801ms step_avg:45.16ms
step:838/1288 train_time:37864ms step_avg:45.18ms
step:839/1288 train_time:37918ms step_avg:45.19ms
step:840/1288 train_time:37980ms step_avg:45.21ms
step:841/1288 train_time:38034ms step_avg:45.22ms
step:842/1288 train_time:38097ms step_avg:45.25ms
step:843/1288 train_time:38152ms step_avg:45.26ms
step:844/1288 train_time:38215ms step_avg:45.28ms
step:845/1288 train_time:38269ms step_avg:45.29ms
step:846/1288 train_time:38331ms step_avg:45.31ms
step:847/1288 train_time:38385ms step_avg:45.32ms
step:848/1288 train_time:38447ms step_avg:45.34ms
step:849/1288 train_time:38500ms step_avg:45.35ms
step:850/1288 train_time:38564ms step_avg:45.37ms
step:851/1288 train_time:38645ms step_avg:45.41ms
step:852/1288 train_time:38734ms step_avg:45.46ms
step:853/1288 train_time:38815ms step_avg:45.50ms
step:854/1288 train_time:38903ms step_avg:45.55ms
step:855/1288 train_time:38984ms step_avg:45.60ms
step:856/1288 train_time:39072ms step_avg:45.65ms
step:857/1288 train_time:39153ms step_avg:45.69ms
step:858/1288 train_time:39242ms step_avg:45.74ms
step:859/1288 train_time:39323ms step_avg:45.78ms
step:860/1288 train_time:39409ms step_avg:45.82ms
step:861/1288 train_time:39490ms step_avg:45.87ms
step:862/1288 train_time:39577ms step_avg:45.91ms
step:863/1288 train_time:39659ms step_avg:45.96ms
step:864/1288 train_time:39747ms step_avg:46.00ms
step:865/1288 train_time:39828ms step_avg:46.04ms
step:866/1288 train_time:39915ms step_avg:46.09ms
step:867/1288 train_time:39996ms step_avg:46.13ms
step:868/1288 train_time:40084ms step_avg:46.18ms
step:869/1288 train_time:40165ms step_avg:46.22ms
step:870/1288 train_time:40253ms step_avg:46.27ms
step:871/1288 train_time:40335ms step_avg:46.31ms
step:872/1288 train_time:40423ms step_avg:46.36ms
step:873/1288 train_time:40502ms step_avg:46.39ms
step:874/1288 train_time:40590ms step_avg:46.44ms
step:875/1288 train_time:40670ms step_avg:46.48ms
step:876/1288 train_time:40757ms step_avg:46.53ms
step:877/1288 train_time:40838ms step_avg:46.57ms
step:878/1288 train_time:40926ms step_avg:46.61ms
step:879/1288 train_time:41007ms step_avg:46.65ms
step:880/1288 train_time:41096ms step_avg:46.70ms
step:881/1288 train_time:41178ms step_avg:46.74ms
step:882/1288 train_time:41265ms step_avg:46.79ms
step:883/1288 train_time:41346ms step_avg:46.82ms
step:884/1288 train_time:41433ms step_avg:46.87ms
step:885/1288 train_time:41514ms step_avg:46.91ms
step:886/1288 train_time:41601ms step_avg:46.95ms
step:887/1288 train_time:41682ms step_avg:46.99ms
step:888/1288 train_time:41768ms step_avg:47.04ms
step:889/1288 train_time:41849ms step_avg:47.07ms
step:890/1288 train_time:41937ms step_avg:47.12ms
step:891/1288 train_time:42017ms step_avg:47.16ms
step:892/1288 train_time:42105ms step_avg:47.20ms
step:893/1288 train_time:42187ms step_avg:47.24ms
step:894/1288 train_time:42275ms step_avg:47.29ms
step:895/1288 train_time:42358ms step_avg:47.33ms
step:896/1288 train_time:42446ms step_avg:47.37ms
step:897/1288 train_time:42527ms step_avg:47.41ms
step:898/1288 train_time:42614ms step_avg:47.45ms
step:899/1288 train_time:42696ms step_avg:47.49ms
step:900/1288 train_time:42782ms step_avg:47.54ms
step:901/1288 train_time:42863ms step_avg:47.57ms
step:902/1288 train_time:42950ms step_avg:47.62ms
step:903/1288 train_time:43030ms step_avg:47.65ms
step:904/1288 train_time:43118ms step_avg:47.70ms
step:905/1288 train_time:43199ms step_avg:47.73ms
step:906/1288 train_time:43288ms step_avg:47.78ms
step:907/1288 train_time:43369ms step_avg:47.82ms
step:908/1288 train_time:43456ms step_avg:47.86ms
step:909/1288 train_time:43538ms step_avg:47.90ms
step:910/1288 train_time:43625ms step_avg:47.94ms
step:911/1288 train_time:43707ms step_avg:47.98ms
step:912/1288 train_time:43793ms step_avg:48.02ms
step:913/1288 train_time:43875ms step_avg:48.06ms
step:914/1288 train_time:43962ms step_avg:48.10ms
step:915/1288 train_time:44042ms step_avg:48.13ms
step:916/1288 train_time:44129ms step_avg:48.18ms
step:917/1288 train_time:44209ms step_avg:48.21ms
step:918/1288 train_time:44298ms step_avg:48.25ms
step:919/1288 train_time:44379ms step_avg:48.29ms
step:920/1288 train_time:44467ms step_avg:48.33ms
step:921/1288 train_time:44548ms step_avg:48.37ms
step:922/1288 train_time:44636ms step_avg:48.41ms
step:923/1288 train_time:44718ms step_avg:48.45ms
step:924/1288 train_time:44806ms step_avg:48.49ms
step:925/1288 train_time:44887ms step_avg:48.53ms
step:926/1288 train_time:44974ms step_avg:48.57ms
step:927/1288 train_time:45054ms step_avg:48.60ms
step:928/1288 train_time:45142ms step_avg:48.64ms
step:929/1288 train_time:45222ms step_avg:48.68ms
step:930/1288 train_time:45309ms step_avg:48.72ms
step:931/1288 train_time:45389ms step_avg:48.75ms
step:932/1288 train_time:45477ms step_avg:48.80ms
step:933/1288 train_time:45558ms step_avg:48.83ms
step:934/1288 train_time:45646ms step_avg:48.87ms
step:935/1288 train_time:45727ms step_avg:48.91ms
step:936/1288 train_time:45815ms step_avg:48.95ms
step:937/1288 train_time:45898ms step_avg:48.98ms
step:938/1288 train_time:45986ms step_avg:49.03ms
step:939/1288 train_time:46066ms step_avg:49.06ms
step:940/1288 train_time:46154ms step_avg:49.10ms
step:941/1288 train_time:46234ms step_avg:49.13ms
step:942/1288 train_time:46322ms step_avg:49.17ms
step:943/1288 train_time:46402ms step_avg:49.21ms
step:944/1288 train_time:46490ms step_avg:49.25ms
step:945/1288 train_time:46571ms step_avg:49.28ms
step:946/1288 train_time:46658ms step_avg:49.32ms
step:947/1288 train_time:46738ms step_avg:49.35ms
step:948/1288 train_time:46826ms step_avg:49.39ms
step:949/1288 train_time:46907ms step_avg:49.43ms
step:950/1288 train_time:46996ms step_avg:49.47ms
step:951/1288 train_time:47078ms step_avg:49.50ms
step:952/1288 train_time:47166ms step_avg:49.54ms
step:953/1288 train_time:47246ms step_avg:49.58ms
step:954/1288 train_time:47333ms step_avg:49.62ms
step:955/1288 train_time:47415ms step_avg:49.65ms
step:956/1288 train_time:47503ms step_avg:49.69ms
step:957/1288 train_time:47584ms step_avg:49.72ms
step:958/1288 train_time:47671ms step_avg:49.76ms
step:959/1288 train_time:47753ms step_avg:49.79ms
step:960/1288 train_time:47840ms step_avg:49.83ms
step:961/1288 train_time:47921ms step_avg:49.87ms
step:962/1288 train_time:48008ms step_avg:49.90ms
step:963/1288 train_time:48089ms step_avg:49.94ms
step:964/1288 train_time:48176ms step_avg:49.98ms
step:965/1288 train_time:48258ms step_avg:50.01ms
step:966/1288 train_time:48345ms step_avg:50.05ms
step:967/1288 train_time:48426ms step_avg:50.08ms
step:968/1288 train_time:48512ms step_avg:50.12ms
step:969/1288 train_time:48595ms step_avg:50.15ms
step:970/1288 train_time:48683ms step_avg:50.19ms
step:971/1288 train_time:48763ms step_avg:50.22ms
step:972/1288 train_time:48850ms step_avg:50.26ms
step:973/1288 train_time:48931ms step_avg:50.29ms
step:974/1288 train_time:49018ms step_avg:50.33ms
step:975/1288 train_time:49099ms step_avg:50.36ms
step:976/1288 train_time:49187ms step_avg:50.40ms
step:977/1288 train_time:49268ms step_avg:50.43ms
step:978/1288 train_time:49355ms step_avg:50.47ms
step:979/1288 train_time:49436ms step_avg:50.50ms
step:980/1288 train_time:49523ms step_avg:50.53ms
step:981/1288 train_time:49604ms step_avg:50.56ms
step:982/1288 train_time:49693ms step_avg:50.60ms
step:983/1288 train_time:49775ms step_avg:50.64ms
step:984/1288 train_time:49862ms step_avg:50.67ms
step:985/1288 train_time:49942ms step_avg:50.70ms
step:986/1288 train_time:50031ms step_avg:50.74ms
step:987/1288 train_time:50110ms step_avg:50.77ms
step:988/1288 train_time:50198ms step_avg:50.81ms
step:989/1288 train_time:50279ms step_avg:50.84ms
step:990/1288 train_time:50368ms step_avg:50.88ms
step:991/1288 train_time:50449ms step_avg:50.91ms
step:992/1288 train_time:50536ms step_avg:50.94ms
step:993/1288 train_time:50618ms step_avg:50.98ms
step:994/1288 train_time:50705ms step_avg:51.01ms
step:995/1288 train_time:50787ms step_avg:51.04ms
step:996/1288 train_time:50874ms step_avg:51.08ms
step:997/1288 train_time:50955ms step_avg:51.11ms
step:998/1288 train_time:51043ms step_avg:51.15ms
step:999/1288 train_time:51124ms step_avg:51.17ms
step:1000/1288 train_time:51211ms step_avg:51.21ms
step:1000/1288 val_loss:3.4204 train_time:51304ms step_avg:51.30ms
step:1001/1288 train_time:51325ms step_avg:51.27ms
step:1002/1288 train_time:51386ms step_avg:51.28ms
step:1003/1288 train_time:51471ms step_avg:51.32ms
step:1004/1288 train_time:51559ms step_avg:51.35ms
step:1005/1288 train_time:51639ms step_avg:51.38ms
step:1006/1288 train_time:51725ms step_avg:51.42ms
step:1007/1288 train_time:51806ms step_avg:51.45ms
step:1008/1288 train_time:51893ms step_avg:51.48ms
step:1009/1288 train_time:51972ms step_avg:51.51ms
step:1010/1288 train_time:52058ms step_avg:51.54ms
step:1011/1288 train_time:52138ms step_avg:51.57ms
step:1012/1288 train_time:52226ms step_avg:51.61ms
step:1013/1288 train_time:52309ms step_avg:51.64ms
step:1014/1288 train_time:52400ms step_avg:51.68ms
step:1015/1288 train_time:52482ms step_avg:51.71ms
step:1016/1288 train_time:52570ms step_avg:51.74ms
step:1017/1288 train_time:52652ms step_avg:51.77ms
step:1018/1288 train_time:52738ms step_avg:51.81ms
step:1019/1288 train_time:52818ms step_avg:51.83ms
step:1020/1288 train_time:52905ms step_avg:51.87ms
step:1021/1288 train_time:52987ms step_avg:51.90ms
step:1022/1288 train_time:53075ms step_avg:51.93ms
step:1023/1288 train_time:53155ms step_avg:51.96ms
step:1024/1288 train_time:53243ms step_avg:51.99ms
step:1025/1288 train_time:53324ms step_avg:52.02ms
step:1026/1288 train_time:53414ms step_avg:52.06ms
step:1027/1288 train_time:53496ms step_avg:52.09ms
step:1028/1288 train_time:53584ms step_avg:52.12ms
step:1029/1288 train_time:53664ms step_avg:52.15ms
step:1030/1288 train_time:53752ms step_avg:52.19ms
step:1031/1288 train_time:53833ms step_avg:52.21ms
step:1032/1288 train_time:53920ms step_avg:52.25ms
step:1033/1288 train_time:54000ms step_avg:52.27ms
step:1034/1288 train_time:54086ms step_avg:52.31ms
step:1035/1288 train_time:54169ms step_avg:52.34ms
step:1036/1288 train_time:54258ms step_avg:52.37ms
step:1037/1288 train_time:54339ms step_avg:52.40ms
step:1038/1288 train_time:54428ms step_avg:52.44ms
step:1039/1288 train_time:54511ms step_avg:52.46ms
step:1040/1288 train_time:54598ms step_avg:52.50ms
step:1041/1288 train_time:54679ms step_avg:52.53ms
step:1042/1288 train_time:54767ms step_avg:52.56ms
step:1043/1288 train_time:54848ms step_avg:52.59ms
step:1044/1288 train_time:54935ms step_avg:52.62ms
step:1045/1288 train_time:55014ms step_avg:52.65ms
step:1046/1288 train_time:55101ms step_avg:52.68ms
step:1047/1288 train_time:55182ms step_avg:52.71ms
step:1048/1288 train_time:55270ms step_avg:52.74ms
step:1049/1288 train_time:55352ms step_avg:52.77ms
step:1050/1288 train_time:55440ms step_avg:52.80ms
step:1051/1288 train_time:55521ms step_avg:52.83ms
step:1052/1288 train_time:55608ms step_avg:52.86ms
step:1053/1288 train_time:55691ms step_avg:52.89ms
step:1054/1288 train_time:55779ms step_avg:52.92ms
step:1055/1288 train_time:55860ms step_avg:52.95ms
step:1056/1288 train_time:55945ms step_avg:52.98ms
step:1057/1288 train_time:56027ms step_avg:53.01ms
step:1058/1288 train_time:56114ms step_avg:53.04ms
step:1059/1288 train_time:56194ms step_avg:53.06ms
step:1060/1288 train_time:56283ms step_avg:53.10ms
step:1061/1288 train_time:56363ms step_avg:53.12ms
step:1062/1288 train_time:56452ms step_avg:53.16ms
step:1063/1288 train_time:56533ms step_avg:53.18ms
step:1064/1288 train_time:56621ms step_avg:53.22ms
step:1065/1288 train_time:56703ms step_avg:53.24ms
step:1066/1288 train_time:56791ms step_avg:53.27ms
step:1067/1288 train_time:56872ms step_avg:53.30ms
step:1068/1288 train_time:56959ms step_avg:53.33ms
step:1069/1288 train_time:57040ms step_avg:53.36ms
step:1070/1288 train_time:57127ms step_avg:53.39ms
step:1071/1288 train_time:57207ms step_avg:53.41ms
step:1072/1288 train_time:57296ms step_avg:53.45ms
step:1073/1288 train_time:57376ms step_avg:53.47ms
step:1074/1288 train_time:57464ms step_avg:53.50ms
step:1075/1288 train_time:57544ms step_avg:53.53ms
step:1076/1288 train_time:57632ms step_avg:53.56ms
step:1077/1288 train_time:57714ms step_avg:53.59ms
step:1078/1288 train_time:57802ms step_avg:53.62ms
step:1079/1288 train_time:57882ms step_avg:53.64ms
step:1080/1288 train_time:57971ms step_avg:53.68ms
step:1081/1288 train_time:58052ms step_avg:53.70ms
step:1082/1288 train_time:58140ms step_avg:53.73ms
step:1083/1288 train_time:58220ms step_avg:53.76ms
step:1084/1288 train_time:58308ms step_avg:53.79ms
step:1085/1288 train_time:58391ms step_avg:53.82ms
step:1086/1288 train_time:58478ms step_avg:53.85ms
step:1087/1288 train_time:58560ms step_avg:53.87ms
step:1088/1288 train_time:58647ms step_avg:53.90ms
step:1089/1288 train_time:58730ms step_avg:53.93ms
step:1090/1288 train_time:58817ms step_avg:53.96ms
step:1091/1288 train_time:58897ms step_avg:53.98ms
step:1092/1288 train_time:58985ms step_avg:54.02ms
step:1093/1288 train_time:59066ms step_avg:54.04ms
step:1094/1288 train_time:59154ms step_avg:54.07ms
step:1095/1288 train_time:59235ms step_avg:54.10ms
step:1096/1288 train_time:59321ms step_avg:54.13ms
step:1097/1288 train_time:59401ms step_avg:54.15ms
step:1098/1288 train_time:59490ms step_avg:54.18ms
step:1099/1288 train_time:59572ms step_avg:54.21ms
step:1100/1288 train_time:59660ms step_avg:54.24ms
step:1101/1288 train_time:59741ms step_avg:54.26ms
step:1102/1288 train_time:59828ms step_avg:54.29ms
step:1103/1288 train_time:59910ms step_avg:54.32ms
step:1104/1288 train_time:59998ms step_avg:54.35ms
step:1105/1288 train_time:60079ms step_avg:54.37ms
step:1106/1288 train_time:60166ms step_avg:54.40ms
step:1107/1288 train_time:60248ms step_avg:54.42ms
step:1108/1288 train_time:60337ms step_avg:54.46ms
step:1109/1288 train_time:60418ms step_avg:54.48ms
step:1110/1288 train_time:60504ms step_avg:54.51ms
step:1111/1288 train_time:60584ms step_avg:54.53ms
step:1112/1288 train_time:60672ms step_avg:54.56ms
step:1113/1288 train_time:60754ms step_avg:54.59ms
step:1114/1288 train_time:60841ms step_avg:54.61ms
step:1115/1288 train_time:60922ms step_avg:54.64ms
step:1116/1288 train_time:61009ms step_avg:54.67ms
step:1117/1288 train_time:61092ms step_avg:54.69ms
step:1118/1288 train_time:61179ms step_avg:54.72ms
step:1119/1288 train_time:61261ms step_avg:54.75ms
step:1120/1288 train_time:61349ms step_avg:54.78ms
step:1121/1288 train_time:61430ms step_avg:54.80ms
step:1122/1288 train_time:61517ms step_avg:54.83ms
step:1123/1288 train_time:61598ms step_avg:54.85ms
step:1124/1288 train_time:61686ms step_avg:54.88ms
step:1125/1288 train_time:61768ms step_avg:54.91ms
step:1126/1288 train_time:61856ms step_avg:54.93ms
step:1127/1288 train_time:61936ms step_avg:54.96ms
step:1128/1288 train_time:62025ms step_avg:54.99ms
step:1129/1288 train_time:62106ms step_avg:55.01ms
step:1130/1288 train_time:62194ms step_avg:55.04ms
step:1131/1288 train_time:62276ms step_avg:55.06ms
step:1132/1288 train_time:62362ms step_avg:55.09ms
step:1133/1288 train_time:62443ms step_avg:55.11ms
step:1134/1288 train_time:62530ms step_avg:55.14ms
step:1135/1288 train_time:62611ms step_avg:55.16ms
step:1136/1288 train_time:62699ms step_avg:55.19ms
step:1137/1288 train_time:62781ms step_avg:55.22ms
step:1138/1288 train_time:62868ms step_avg:55.24ms
step:1139/1288 train_time:62950ms step_avg:55.27ms
step:1140/1288 train_time:63038ms step_avg:55.30ms
step:1141/1288 train_time:63119ms step_avg:55.32ms
step:1142/1288 train_time:63206ms step_avg:55.35ms
step:1143/1288 train_time:63290ms step_avg:55.37ms
step:1144/1288 train_time:63378ms step_avg:55.40ms
step:1145/1288 train_time:63458ms step_avg:55.42ms
step:1146/1288 train_time:63546ms step_avg:55.45ms
step:1147/1288 train_time:63627ms step_avg:55.47ms
step:1148/1288 train_time:63715ms step_avg:55.50ms
step:1149/1288 train_time:63796ms step_avg:55.52ms
step:1150/1288 train_time:63882ms step_avg:55.55ms
step:1151/1288 train_time:63963ms step_avg:55.57ms
step:1152/1288 train_time:64054ms step_avg:55.60ms
step:1153/1288 train_time:64135ms step_avg:55.62ms
step:1154/1288 train_time:64223ms step_avg:55.65ms
step:1155/1288 train_time:64303ms step_avg:55.67ms
step:1156/1288 train_time:64392ms step_avg:55.70ms
step:1157/1288 train_time:64473ms step_avg:55.72ms
step:1158/1288 train_time:64560ms step_avg:55.75ms
step:1159/1288 train_time:64640ms step_avg:55.77ms
step:1160/1288 train_time:64729ms step_avg:55.80ms
step:1161/1288 train_time:64810ms step_avg:55.82ms
step:1162/1288 train_time:64898ms step_avg:55.85ms
step:1163/1288 train_time:64978ms step_avg:55.87ms
step:1164/1288 train_time:65066ms step_avg:55.90ms
step:1165/1288 train_time:65149ms step_avg:55.92ms
step:1166/1288 train_time:65237ms step_avg:55.95ms
step:1167/1288 train_time:65318ms step_avg:55.97ms
step:1168/1288 train_time:65405ms step_avg:56.00ms
step:1169/1288 train_time:65487ms step_avg:56.02ms
step:1170/1288 train_time:65576ms step_avg:56.05ms
step:1171/1288 train_time:65656ms step_avg:56.07ms
step:1172/1288 train_time:65744ms step_avg:56.10ms
step:1173/1288 train_time:65825ms step_avg:56.12ms
step:1174/1288 train_time:65911ms step_avg:56.14ms
step:1175/1288 train_time:65993ms step_avg:56.16ms
step:1176/1288 train_time:66081ms step_avg:56.19ms
step:1177/1288 train_time:66163ms step_avg:56.21ms
step:1178/1288 train_time:66251ms step_avg:56.24ms
step:1179/1288 train_time:66333ms step_avg:56.26ms
step:1180/1288 train_time:66420ms step_avg:56.29ms
step:1181/1288 train_time:66501ms step_avg:56.31ms
step:1182/1288 train_time:66589ms step_avg:56.34ms
step:1183/1288 train_time:66670ms step_avg:56.36ms
step:1184/1288 train_time:66757ms step_avg:56.38ms
step:1185/1288 train_time:66837ms step_avg:56.40ms
step:1186/1288 train_time:66925ms step_avg:56.43ms
step:1187/1288 train_time:67007ms step_avg:56.45ms
step:1188/1288 train_time:67094ms step_avg:56.48ms
step:1189/1288 train_time:67175ms step_avg:56.50ms
step:1190/1288 train_time:67262ms step_avg:56.52ms
step:1191/1288 train_time:67343ms step_avg:56.54ms
step:1192/1288 train_time:67431ms step_avg:56.57ms
step:1193/1288 train_time:67513ms step_avg:56.59ms
step:1194/1288 train_time:67600ms step_avg:56.62ms
step:1195/1288 train_time:67681ms step_avg:56.64ms
step:1196/1288 train_time:67769ms step_avg:56.66ms
step:1197/1288 train_time:67850ms step_avg:56.68ms
step:1198/1288 train_time:67938ms step_avg:56.71ms
step:1199/1288 train_time:68018ms step_avg:56.73ms
step:1200/1288 train_time:68107ms step_avg:56.76ms
step:1201/1288 train_time:68189ms step_avg:56.78ms
step:1202/1288 train_time:68277ms step_avg:56.80ms
step:1203/1288 train_time:68357ms step_avg:56.82ms
step:1204/1288 train_time:68445ms step_avg:56.85ms
step:1205/1288 train_time:68527ms step_avg:56.87ms
step:1206/1288 train_time:68615ms step_avg:56.89ms
step:1207/1288 train_time:68695ms step_avg:56.91ms
step:1208/1288 train_time:68783ms step_avg:56.94ms
step:1209/1288 train_time:68864ms step_avg:56.96ms
step:1210/1288 train_time:68952ms step_avg:56.99ms
step:1211/1288 train_time:69034ms step_avg:57.01ms
step:1212/1288 train_time:69121ms step_avg:57.03ms
step:1213/1288 train_time:69202ms step_avg:57.05ms
step:1214/1288 train_time:69290ms step_avg:57.08ms
step:1215/1288 train_time:69371ms step_avg:57.10ms
step:1216/1288 train_time:69459ms step_avg:57.12ms
step:1217/1288 train_time:69540ms step_avg:57.14ms
step:1218/1288 train_time:69627ms step_avg:57.17ms
step:1219/1288 train_time:69709ms step_avg:57.19ms
step:1220/1288 train_time:69797ms step_avg:57.21ms
step:1221/1288 train_time:69877ms step_avg:57.23ms
step:1222/1288 train_time:69965ms step_avg:57.25ms
step:1223/1288 train_time:70047ms step_avg:57.27ms
step:1224/1288 train_time:70135ms step_avg:57.30ms
step:1225/1288 train_time:70216ms step_avg:57.32ms
step:1226/1288 train_time:70303ms step_avg:57.34ms
step:1227/1288 train_time:70383ms step_avg:57.36ms
step:1228/1288 train_time:70472ms step_avg:57.39ms
step:1229/1288 train_time:70554ms step_avg:57.41ms
step:1230/1288 train_time:70641ms step_avg:57.43ms
step:1231/1288 train_time:70721ms step_avg:57.45ms
step:1232/1288 train_time:70809ms step_avg:57.47ms
step:1233/1288 train_time:70891ms step_avg:57.49ms
step:1234/1288 train_time:70980ms step_avg:57.52ms
step:1235/1288 train_time:71060ms step_avg:57.54ms
step:1236/1288 train_time:71148ms step_avg:57.56ms
step:1237/1288 train_time:71231ms step_avg:57.58ms
step:1238/1288 train_time:71319ms step_avg:57.61ms
step:1239/1288 train_time:71400ms step_avg:57.63ms
step:1240/1288 train_time:71488ms step_avg:57.65ms
step:1241/1288 train_time:71571ms step_avg:57.67ms
step:1242/1288 train_time:71657ms step_avg:57.69ms
step:1243/1288 train_time:71738ms step_avg:57.71ms
step:1244/1288 train_time:71827ms step_avg:57.74ms
step:1245/1288 train_time:71908ms step_avg:57.76ms
step:1246/1288 train_time:71995ms step_avg:57.78ms
step:1247/1288 train_time:72077ms step_avg:57.80ms
step:1248/1288 train_time:72163ms step_avg:57.82ms
step:1249/1288 train_time:72245ms step_avg:57.84ms
step:1250/1288 train_time:72333ms step_avg:57.87ms
step:1250/1288 val_loss:3.2986 train_time:72425ms step_avg:57.94ms
step:1251/1288 train_time:72446ms step_avg:57.91ms
step:1252/1288 train_time:72507ms step_avg:57.91ms
step:1253/1288 train_time:72592ms step_avg:57.93ms
step:1254/1288 train_time:72679ms step_avg:57.96ms
step:1255/1288 train_time:72760ms step_avg:57.98ms
step:1256/1288 train_time:72847ms step_avg:58.00ms
step:1257/1288 train_time:72928ms step_avg:58.02ms
step:1258/1288 train_time:73014ms step_avg:58.04ms
step:1259/1288 train_time:73094ms step_avg:58.06ms
step:1260/1288 train_time:73182ms step_avg:58.08ms
step:1261/1288 train_time:73263ms step_avg:58.10ms
step:1262/1288 train_time:73350ms step_avg:58.12ms
step:1263/1288 train_time:73434ms step_avg:58.14ms
step:1264/1288 train_time:73524ms step_avg:58.17ms
step:1265/1288 train_time:73606ms step_avg:58.19ms
step:1266/1288 train_time:73694ms step_avg:58.21ms
step:1267/1288 train_time:73777ms step_avg:58.23ms
step:1268/1288 train_time:73864ms step_avg:58.25ms
step:1269/1288 train_time:73944ms step_avg:58.27ms
step:1270/1288 train_time:74031ms step_avg:58.29ms
step:1271/1288 train_time:74111ms step_avg:58.31ms
step:1272/1288 train_time:74198ms step_avg:58.33ms
step:1273/1288 train_time:74280ms step_avg:58.35ms
step:1274/1288 train_time:74371ms step_avg:58.38ms
step:1275/1288 train_time:74456ms step_avg:58.40ms
step:1276/1288 train_time:74545ms step_avg:58.42ms
step:1277/1288 train_time:74627ms step_avg:58.44ms
step:1278/1288 train_time:74714ms step_avg:58.46ms
step:1279/1288 train_time:74796ms step_avg:58.48ms
step:1280/1288 train_time:74885ms step_avg:58.50ms
step:1281/1288 train_time:74966ms step_avg:58.52ms
step:1282/1288 train_time:75053ms step_avg:58.54ms
step:1283/1288 train_time:75133ms step_avg:58.56ms
step:1284/1288 train_time:75221ms step_avg:58.58ms
step:1285/1288 train_time:75303ms step_avg:58.60ms
step:1286/1288 train_time:75391ms step_avg:58.62ms
step:1287/1288 train_time:75473ms step_avg:58.64ms
step:1288/1288 train_time:75562ms step_avg:58.67ms
step:1288/1288 val_loss:3.2788 train_time:75655ms step_avg:58.74ms
peak memory allocated: 32299 MiB reserved: 47470 MiB
Terminal-blended sharded TailEMA scope=readout start=848 every=1 decay=0.9933 blend=0.65
step:0/1288 val_loss:10.8290 train_time:0ms step_avg:0.03ms
step:250/1288 val_loss:4.4333 train_time:8189ms step_avg:32.76ms
step:500/1288 val_loss:4.0655 train_time:18265ms step_avg:36.53ms
step:750/1288 val_loss:3.6614 train_time:32803ms step_avg:43.74ms
step:1000/1288 val_loss:3.4204 train_time:51304ms step_avg:51.30ms
step:1250/1288 val_loss:3.2986 train_time:72425ms step_avg:57.94ms
step:1288/1288 val_loss:3.2788 train_time:75655ms step_avg:58.74ms
PASS 06-candidate
BEGIN 07-candidate scheduled_steps=1273
W0727 22:15:04.157000 66845 torch/distributed/run.py:852] 
W0727 22:15:04.157000 66845 torch/distributed/run.py:852] *****************************************
W0727 22:15:04.157000 66845 torch/distributed/run.py:852] Setting OMP_NUM_THREADS environment variable for each process to be 1 in default, to avoid your system being overloaded, please further tune the variable for optimal performance in your application as needed. 
W0727 22:15:04.157000 66845 torch/distributed/run.py:852] *****************************************
[Gloo] Rank 0 is connected to 7 peer ranks. Expected number of connected peer ranks is : 7
[Gloo] Rank 1 is connected to 7 peer ranks. Expected number of connected peer ranks is : 7
[Gloo] Rank 5 is connected to 7 peer ranks. Expected number of connected peer ranks is : 7
[Gloo] Rank 2 is connected to 7 peer ranks. Expected number of connected peer ranks is : 7
[Gloo] Rank 3 is connected to 7 peer ranks. Expected number of connected peer ranks is : 7
[Gloo] Rank 4 is connected to 7 peer ranks. Expected number of connected peer ranks is : 7
[Gloo] Rank 7 is connected to 7 peer ranks. Expected number of connected peer ranks is : 7
[Gloo] Rank 6 is connected to 7 peer ranks. Expected number of connected peer ranks is : 7
Warning: You are sending unauthenticated requests to the HF Hub. Please set a HF_TOKEN to enable higher rate limits and faster downloads.
Warning: You are sending unauthenticated requests to the HF Hub. Please set a HF_TOKEN to enable higher rate limits and faster downloads.
Warning: You are sending unauthenticated requests to the HF Hub. Please set a HF_TOKEN to enable higher rate limits and faster downloads.
Warning: You are sending unauthenticated requests to the HF Hub. Please set a HF_TOKEN to enable higher rate limits and faster downloads.
Warning: You are sending unauthenticated requests to the HF Hub. Please set a HF_TOKEN to enable higher rate limits and faster downloads.
Fetching 8 files:   0%|          | 0/8 [00:00<?, ?it/s]Fetching 8 files: 100%|██████████| 8/8 [00:00<00:00, 2297.78it/s]
Fetching 8 files:   0%|          | 0/8 [00:00<?, ?it/s]Fetching 8 files: 100%|██████████| 8/8 [00:00<00:00, 2391.11it/s]
Fetching 8 files:   0%|          | 0/8 [00:00<?, ?it/s]logs/075e2f84-6818-40c4-b61e-76076f97d9c9.txt
Fetching 8 files: 100%|██████████| 8/8 [00:00<00:00, 2695.78it/s]
Fetching 8 files:   0%|          | 0/8 [00:00<?, ?it/s]Fetching 8 files: 100%|██████████| 8/8 [00:00<00:00, 2411.39it/s]
Fetching 8 files:   0%|          | 0/8 [00:00<?, ?it/s]Fetching 8 files: 100%|██████████| 8/8 [00:00<00:00, 1991.83it/s]
Fetching 8 files:   0%|          | 0/8 [00:00<?, ?it/s]Fetching 8 files: 100%|██████████| 8/8 [00:00<00:00, 2583.69it/s]
Fetching 8 files:   0%|          | 0/8 [00:00<?, ?it/s]Fetching 8 files: 100%|██████████| 8/8 [00:00<00:00, 2239.95it/s]
Fetching 8 files:   0%|          | 0/8 [00:00<?, ?it/s]Fetching 8 files: 100%|██████████| 8/8 [00:00<00:00, 2296.68it/s]
Compiling model and warming up kernels (~7 minutes on first execution)
Sampling steps [0, 1, 422, 423, 424, 425, 847, 848, 849, 850, 1271, 1272, 1273, 1274, 1287] for warmup
Resetting Model
Terminal-blended sharded TailEMA scope=readout start=848 every=1 decay=0.9933 blend=0.65
step:0/1288 val_loss:10.8334 train_time:0ms step_avg:0.03ms
step:1/1288 train_time:84ms step_avg:84.33ms
step:2/1288 train_time:109ms step_avg:54.47ms
step:3/1288 train_time:128ms step_avg:42.79ms
step:4/1288 train_time:157ms step_avg:39.31ms
step:5/1288 train_time:185ms step_avg:37.01ms
step:6/1288 train_time:223ms step_avg:37.09ms
step:7/1288 train_time:250ms step_avg:35.67ms
step:8/1288 train_time:286ms step_avg:35.79ms
step:9/1288 train_time:314ms step_avg:34.88ms
step:10/1288 train_time:351ms step_avg:35.14ms
step:11/1288 train_time:379ms step_avg:34.47ms
step:12/1288 train_time:416ms step_avg:34.68ms
step:13/1288 train_time:444ms step_avg:34.14ms
step:14/1288 train_time:481ms step_avg:34.36ms
step:15/1288 train_time:509ms step_avg:33.92ms
step:16/1288 train_time:546ms step_avg:34.11ms
step:17/1288 train_time:574ms step_avg:33.78ms
step:18/1288 train_time:611ms step_avg:33.93ms
step:19/1288 train_time:639ms step_avg:33.63ms
step:20/1288 train_time:677ms step_avg:33.84ms
step:21/1288 train_time:704ms step_avg:33.53ms
step:22/1288 train_time:741ms step_avg:33.70ms
step:23/1288 train_time:769ms step_avg:33.44ms
step:24/1288 train_time:806ms step_avg:33.60ms
step:25/1288 train_time:834ms step_avg:33.36ms
step:26/1288 train_time:871ms step_avg:33.50ms
step:27/1288 train_time:899ms step_avg:33.31ms
step:28/1288 train_time:936ms step_avg:33.43ms
step:29/1288 train_time:965ms step_avg:33.26ms
step:30/1288 train_time:1002ms step_avg:33.39ms
step:31/1288 train_time:1030ms step_avg:33.23ms
step:32/1288 train_time:1068ms step_avg:33.36ms
step:33/1288 train_time:1096ms step_avg:33.20ms
step:34/1288 train_time:1133ms step_avg:33.32ms
step:35/1288 train_time:1161ms step_avg:33.17ms
step:36/1288 train_time:1198ms step_avg:33.27ms
step:37/1288 train_time:1226ms step_avg:33.14ms
step:38/1288 train_time:1264ms step_avg:33.25ms
step:39/1288 train_time:1292ms step_avg:33.13ms
step:40/1288 train_time:1329ms step_avg:33.23ms
step:41/1288 train_time:1357ms step_avg:33.10ms
step:42/1288 train_time:1394ms step_avg:33.19ms
step:43/1288 train_time:1422ms step_avg:33.07ms
step:44/1288 train_time:1459ms step_avg:33.16ms
step:45/1288 train_time:1487ms step_avg:33.05ms
step:46/1288 train_time:1524ms step_avg:33.13ms
step:47/1288 train_time:1552ms step_avg:33.02ms
step:48/1288 train_time:1590ms step_avg:33.12ms
step:49/1288 train_time:1617ms step_avg:33.01ms
step:50/1288 train_time:1655ms step_avg:33.09ms
step:51/1288 train_time:1683ms step_avg:32.99ms
step:52/1288 train_time:1719ms step_avg:33.06ms
step:53/1288 train_time:1747ms step_avg:32.97ms
step:54/1288 train_time:1785ms step_avg:33.05ms
step:55/1288 train_time:1812ms step_avg:32.95ms
step:56/1288 train_time:1850ms step_avg:33.03ms
step:57/1288 train_time:1878ms step_avg:32.94ms
step:58/1288 train_time:1914ms step_avg:33.00ms
step:59/1288 train_time:1943ms step_avg:32.93ms
step:60/1288 train_time:1980ms step_avg:33.00ms
step:61/1288 train_time:2008ms step_avg:32.92ms
step:62/1288 train_time:2045ms step_avg:32.98ms
step:63/1288 train_time:2073ms step_avg:32.90ms
step:64/1288 train_time:2110ms step_avg:32.97ms
step:65/1288 train_time:2138ms step_avg:32.89ms
step:66/1288 train_time:2175ms step_avg:32.95ms
step:67/1288 train_time:2203ms step_avg:32.89ms
step:68/1288 train_time:2240ms step_avg:32.95ms
step:69/1288 train_time:2269ms step_avg:32.88ms
step:70/1288 train_time:2305ms step_avg:32.93ms
step:71/1288 train_time:2333ms step_avg:32.86ms
step:72/1288 train_time:2371ms step_avg:32.93ms
step:73/1288 train_time:2399ms step_avg:32.86ms
step:74/1288 train_time:2436ms step_avg:32.91ms
step:75/1288 train_time:2464ms step_avg:32.85ms
step:76/1288 train_time:2501ms step_avg:32.91ms
step:77/1288 train_time:2529ms step_avg:32.85ms
step:78/1288 train_time:2566ms step_avg:32.90ms
step:79/1288 train_time:2594ms step_avg:32.84ms
step:80/1288 train_time:2631ms step_avg:32.89ms
step:81/1288 train_time:2659ms step_avg:32.83ms
step:82/1288 train_time:2696ms step_avg:32.88ms
step:83/1288 train_time:2725ms step_avg:32.83ms
step:84/1288 train_time:2762ms step_avg:32.88ms
step:85/1288 train_time:2790ms step_avg:32.82ms
step:86/1288 train_time:2827ms step_avg:32.87ms
step:87/1288 train_time:2854ms step_avg:32.81ms
step:88/1288 train_time:2892ms step_avg:32.86ms
step:89/1288 train_time:2920ms step_avg:32.81ms
step:90/1288 train_time:2957ms step_avg:32.86ms
step:91/1288 train_time:2986ms step_avg:32.81ms
step:92/1288 train_time:3022ms step_avg:32.85ms
step:93/1288 train_time:3050ms step_avg:32.80ms
step:94/1288 train_time:3087ms step_avg:32.84ms
step:95/1288 train_time:3115ms step_avg:32.79ms
step:96/1288 train_time:3152ms step_avg:32.83ms
step:97/1288 train_time:3181ms step_avg:32.79ms
step:98/1288 train_time:3217ms step_avg:32.83ms
step:99/1288 train_time:3245ms step_avg:32.78ms
step:100/1288 train_time:3282ms step_avg:32.82ms
step:101/1288 train_time:3311ms step_avg:32.78ms
step:102/1288 train_time:3349ms step_avg:32.83ms
step:103/1288 train_time:3376ms step_avg:32.78ms
step:104/1288 train_time:3413ms step_avg:32.81ms
step:105/1288 train_time:3441ms step_avg:32.77ms
step:106/1288 train_time:3478ms step_avg:32.81ms
step:107/1288 train_time:3507ms step_avg:32.77ms
step:108/1288 train_time:3543ms step_avg:32.81ms
step:109/1288 train_time:3572ms step_avg:32.77ms
step:110/1288 train_time:3609ms step_avg:32.81ms
step:111/1288 train_time:3637ms step_avg:32.76ms
step:112/1288 train_time:3674ms step_avg:32.80ms
step:113/1288 train_time:3702ms step_avg:32.76ms
step:114/1288 train_time:3739ms step_avg:32.80ms
step:115/1288 train_time:3767ms step_avg:32.76ms
step:116/1288 train_time:3804ms step_avg:32.80ms
step:117/1288 train_time:3832ms step_avg:32.76ms
step:118/1288 train_time:3870ms step_avg:32.79ms
step:119/1288 train_time:3898ms step_avg:32.75ms
step:120/1288 train_time:3935ms step_avg:32.79ms
step:121/1288 train_time:3962ms step_avg:32.75ms
step:122/1288 train_time:3999ms step_avg:32.78ms
step:123/1288 train_time:4028ms step_avg:32.75ms
step:124/1288 train_time:4065ms step_avg:32.78ms
step:125/1288 train_time:4093ms step_avg:32.74ms
step:126/1288 train_time:4129ms step_avg:32.77ms
step:127/1288 train_time:4158ms step_avg:32.74ms
step:128/1288 train_time:4195ms step_avg:32.77ms
step:129/1288 train_time:4223ms step_avg:32.74ms
step:130/1288 train_time:4260ms step_avg:32.77ms
step:131/1288 train_time:4288ms step_avg:32.73ms
step:132/1288 train_time:4325ms step_avg:32.76ms
step:133/1288 train_time:4353ms step_avg:32.73ms
step:134/1288 train_time:4391ms step_avg:32.77ms
step:135/1288 train_time:4418ms step_avg:32.73ms
step:136/1288 train_time:4455ms step_avg:32.76ms
step:137/1288 train_time:4483ms step_avg:32.73ms
step:138/1288 train_time:4520ms step_avg:32.76ms
step:139/1288 train_time:4549ms step_avg:32.72ms
step:140/1288 train_time:4585ms step_avg:32.75ms
step:141/1288 train_time:4614ms step_avg:32.72ms
step:142/1288 train_time:4651ms step_avg:32.75ms
step:143/1288 train_time:4680ms step_avg:32.73ms
step:144/1288 train_time:4716ms step_avg:32.75ms
step:145/1288 train_time:4744ms step_avg:32.72ms
step:146/1288 train_time:4782ms step_avg:32.75ms
step:147/1288 train_time:4810ms step_avg:32.72ms
step:148/1288 train_time:4847ms step_avg:32.75ms
step:149/1288 train_time:4875ms step_avg:32.72ms
step:150/1288 train_time:4912ms step_avg:32.74ms
step:151/1288 train_time:4940ms step_avg:32.72ms
step:152/1288 train_time:4977ms step_avg:32.74ms
step:153/1288 train_time:5005ms step_avg:32.72ms
step:154/1288 train_time:5043ms step_avg:32.75ms
step:155/1288 train_time:5070ms step_avg:32.71ms
step:156/1288 train_time:5108ms step_avg:32.74ms
step:157/1288 train_time:5135ms step_avg:32.71ms
step:158/1288 train_time:5172ms step_avg:32.74ms
step:159/1288 train_time:5201ms step_avg:32.71ms
step:160/1288 train_time:5238ms step_avg:32.74ms
step:161/1288 train_time:5266ms step_avg:32.71ms
step:162/1288 train_time:5302ms step_avg:32.73ms
step:163/1288 train_time:5330ms step_avg:32.70ms
step:164/1288 train_time:5368ms step_avg:32.73ms
step:165/1288 train_time:5395ms step_avg:32.70ms
step:166/1288 train_time:5433ms step_avg:32.73ms
step:167/1288 train_time:5461ms step_avg:32.70ms
step:168/1288 train_time:5498ms step_avg:32.72ms
step:169/1288 train_time:5525ms step_avg:32.69ms
step:170/1288 train_time:5563ms step_avg:32.72ms
step:171/1288 train_time:5591ms step_avg:32.70ms
step:172/1288 train_time:5628ms step_avg:32.72ms
step:173/1288 train_time:5656ms step_avg:32.69ms
step:174/1288 train_time:5693ms step_avg:32.72ms
step:175/1288 train_time:5721ms step_avg:32.69ms
step:176/1288 train_time:5758ms step_avg:32.72ms
step:177/1288 train_time:5786ms step_avg:32.69ms
step:178/1288 train_time:5823ms step_avg:32.71ms
step:179/1288 train_time:5851ms step_avg:32.69ms
step:180/1288 train_time:5888ms step_avg:32.71ms
step:181/1288 train_time:5915ms step_avg:32.68ms
step:182/1288 train_time:5952ms step_avg:32.71ms
step:183/1288 train_time:5981ms step_avg:32.68ms
step:184/1288 train_time:6018ms step_avg:32.70ms
step:185/1288 train_time:6046ms step_avg:32.68ms
step:186/1288 train_time:6082ms step_avg:32.70ms
step:187/1288 train_time:6110ms step_avg:32.68ms
step:188/1288 train_time:6147ms step_avg:32.70ms
step:189/1288 train_time:6175ms step_avg:32.67ms
step:190/1288 train_time:6212ms step_avg:32.70ms
step:191/1288 train_time:6240ms step_avg:32.67ms
step:192/1288 train_time:6277ms step_avg:32.69ms
step:193/1288 train_time:6305ms step_avg:32.67ms
step:194/1288 train_time:6342ms step_avg:32.69ms
step:195/1288 train_time:6370ms step_avg:32.67ms
step:196/1288 train_time:6408ms step_avg:32.69ms
step:197/1288 train_time:6435ms step_avg:32.67ms
step:198/1288 train_time:6472ms step_avg:32.69ms
step:199/1288 train_time:6500ms step_avg:32.67ms
step:200/1288 train_time:6537ms step_avg:32.69ms
step:201/1288 train_time:6565ms step_avg:32.66ms
step:202/1288 train_time:6602ms step_avg:32.68ms
step:203/1288 train_time:6630ms step_avg:32.66ms
step:204/1288 train_time:6667ms step_avg:32.68ms
step:205/1288 train_time:6696ms step_avg:32.66ms
step:206/1288 train_time:6732ms step_avg:32.68ms
step:207/1288 train_time:6760ms step_avg:32.66ms
step:208/1288 train_time:6797ms step_avg:32.68ms
step:209/1288 train_time:6826ms step_avg:32.66ms
step:210/1288 train_time:6862ms step_avg:32.68ms
step:211/1288 train_time:6891ms step_avg:32.66ms
step:212/1288 train_time:6928ms step_avg:32.68ms
step:213/1288 train_time:6955ms step_avg:32.65ms
step:214/1288 train_time:6993ms step_avg:32.68ms
step:215/1288 train_time:7021ms step_avg:32.65ms
step:216/1288 train_time:7058ms step_avg:32.67ms
step:217/1288 train_time:7086ms step_avg:32.65ms
step:218/1288 train_time:7123ms step_avg:32.67ms
step:219/1288 train_time:7150ms step_avg:32.65ms
step:220/1288 train_time:7187ms step_avg:32.67ms
step:221/1288 train_time:7215ms step_avg:32.65ms
step:222/1288 train_time:7253ms step_avg:32.67ms
step:223/1288 train_time:7281ms step_avg:32.65ms
step:224/1288 train_time:7317ms step_avg:32.67ms
step:225/1288 train_time:7346ms step_avg:32.65ms
step:226/1288 train_time:7382ms step_avg:32.66ms
step:227/1288 train_time:7410ms step_avg:32.65ms
step:228/1288 train_time:7448ms step_avg:32.67ms
step:229/1288 train_time:7475ms step_avg:32.64ms
step:230/1288 train_time:7512ms step_avg:32.66ms
step:231/1288 train_time:7540ms step_avg:32.64ms
step:232/1288 train_time:7577ms step_avg:32.66ms
step:233/1288 train_time:7605ms step_avg:32.64ms
step:234/1288 train_time:7642ms step_avg:32.66ms
step:235/1288 train_time:7670ms step_avg:32.64ms
step:236/1288 train_time:7707ms step_avg:32.66ms
step:237/1288 train_time:7735ms step_avg:32.64ms
step:238/1288 train_time:7772ms step_avg:32.65ms
step:239/1288 train_time:7800ms step_avg:32.64ms
step:240/1288 train_time:7836ms step_avg:32.65ms
step:241/1288 train_time:7865ms step_avg:32.63ms
step:242/1288 train_time:7902ms step_avg:32.65ms
step:243/1288 train_time:7929ms step_avg:32.63ms
step:244/1288 train_time:7966ms step_avg:32.65ms
step:245/1288 train_time:7994ms step_avg:32.63ms
step:246/1288 train_time:8031ms step_avg:32.64ms
step:247/1288 train_time:8059ms step_avg:32.63ms
step:248/1288 train_time:8096ms step_avg:32.64ms
step:249/1288 train_time:8124ms step_avg:32.63ms
step:250/1288 train_time:8161ms step_avg:32.64ms
step:250/1288 val_loss:4.4366 train_time:8198ms step_avg:32.79ms
step:251/1288 train_time:8217ms step_avg:32.74ms
step:252/1288 train_time:8238ms step_avg:32.69ms
step:253/1288 train_time:8256ms step_avg:32.63ms
step:254/1288 train_time:8295ms step_avg:32.66ms
step:255/1288 train_time:8325ms step_avg:32.65ms
step:256/1288 train_time:8363ms step_avg:32.67ms
step:257/1288 train_time:8391ms step_avg:32.65ms
step:258/1288 train_time:8429ms step_avg:32.67ms
step:259/1288 train_time:8457ms step_avg:32.65ms
step:260/1288 train_time:8494ms step_avg:32.67ms
step:261/1288 train_time:8522ms step_avg:32.65ms
step:262/1288 train_time:8558ms step_avg:32.67ms
step:263/1288 train_time:8586ms step_avg:32.65ms
step:264/1288 train_time:8623ms step_avg:32.66ms
step:265/1288 train_time:8651ms step_avg:32.64ms
step:266/1288 train_time:8687ms step_avg:32.66ms
step:267/1288 train_time:8715ms step_avg:32.64ms
step:268/1288 train_time:8752ms step_avg:32.66ms
step:269/1288 train_time:8780ms step_avg:32.64ms
step:270/1288 train_time:8817ms step_avg:32.65ms
step:271/1288 train_time:8845ms step_avg:32.64ms
step:272/1288 train_time:8881ms step_avg:32.65ms
step:273/1288 train_time:8909ms step_avg:32.63ms
step:274/1288 train_time:8946ms step_avg:32.65ms
step:275/1288 train_time:8974ms step_avg:32.63ms
step:276/1288 train_time:9011ms step_avg:32.65ms
step:277/1288 train_time:9039ms step_avg:32.63ms
step:278/1288 train_time:9075ms step_avg:32.65ms
step:279/1288 train_time:9104ms step_avg:32.63ms
step:280/1288 train_time:9140ms step_avg:32.64ms
step:281/1288 train_time:9168ms step_avg:32.63ms
step:282/1288 train_time:9205ms step_avg:32.64ms
step:283/1288 train_time:9233ms step_avg:32.63ms
step:284/1288 train_time:9270ms step_avg:32.64ms
step:285/1288 train_time:9297ms step_avg:32.62ms
step:286/1288 train_time:9335ms step_avg:32.64ms
step:287/1288 train_time:9363ms step_avg:32.62ms
step:288/1288 train_time:9400ms step_avg:32.64ms
step:289/1288 train_time:9428ms step_avg:32.62ms
step:290/1288 train_time:9465ms step_avg:32.64ms
step:291/1288 train_time:9493ms step_avg:32.62ms
step:292/1288 train_time:9530ms step_avg:32.64ms
step:293/1288 train_time:9559ms step_avg:32.62ms
step:294/1288 train_time:9596ms step_avg:32.64ms
step:295/1288 train_time:9623ms step_avg:32.62ms
step:296/1288 train_time:9660ms step_avg:32.63ms
step:297/1288 train_time:9688ms step_avg:32.62ms
step:298/1288 train_time:9724ms step_avg:32.63ms
step:299/1288 train_time:9753ms step_avg:32.62ms
step:300/1288 train_time:9789ms step_avg:32.63ms
step:301/1288 train_time:9817ms step_avg:32.61ms
step:302/1288 train_time:9854ms step_avg:32.63ms
step:303/1288 train_time:9882ms step_avg:32.61ms
step:304/1288 train_time:9918ms step_avg:32.63ms
step:305/1288 train_time:9947ms step_avg:32.61ms
step:306/1288 train_time:9983ms step_avg:32.62ms
step:307/1288 train_time:10011ms step_avg:32.61ms
step:308/1288 train_time:10048ms step_avg:32.62ms
step:309/1288 train_time:10076ms step_avg:32.61ms
step:310/1288 train_time:10113ms step_avg:32.62ms
step:311/1288 train_time:10141ms step_avg:32.61ms
step:312/1288 train_time:10178ms step_avg:32.62ms
step:313/1288 train_time:10206ms step_avg:32.61ms
step:314/1288 train_time:10242ms step_avg:32.62ms
step:315/1288 train_time:10270ms step_avg:32.60ms
step:316/1288 train_time:10306ms step_avg:32.62ms
step:317/1288 train_time:10335ms step_avg:32.60ms
step:318/1288 train_time:10372ms step_avg:32.62ms
step:319/1288 train_time:10400ms step_avg:32.60ms
step:320/1288 train_time:10437ms step_avg:32.62ms
step:321/1288 train_time:10465ms step_avg:32.60ms
step:322/1288 train_time:10501ms step_avg:32.61ms
step:323/1288 train_time:10529ms step_avg:32.60ms
step:324/1288 train_time:10566ms step_avg:32.61ms
step:325/1288 train_time:10594ms step_avg:32.60ms
step:326/1288 train_time:10631ms step_avg:32.61ms
step:327/1288 train_time:10659ms step_avg:32.60ms
step:328/1288 train_time:10696ms step_avg:32.61ms
step:329/1288 train_time:10724ms step_avg:32.59ms
step:330/1288 train_time:10761ms step_avg:32.61ms
step:331/1288 train_time:10789ms step_avg:32.59ms
step:332/1288 train_time:10825ms step_avg:32.61ms
step:333/1288 train_time:10853ms step_avg:32.59ms
step:334/1288 train_time:10890ms step_avg:32.60ms
step:335/1288 train_time:10918ms step_avg:32.59ms
step:336/1288 train_time:10954ms step_avg:32.60ms
step:337/1288 train_time:10982ms step_avg:32.59ms
step:338/1288 train_time:11019ms step_avg:32.60ms
step:339/1288 train_time:11047ms step_avg:32.59ms
step:340/1288 train_time:11084ms step_avg:32.60ms
step:341/1288 train_time:11112ms step_avg:32.59ms
step:342/1288 train_time:11149ms step_avg:32.60ms
step:343/1288 train_time:11177ms step_avg:32.58ms
step:344/1288 train_time:11213ms step_avg:32.60ms
step:345/1288 train_time:11241ms step_avg:32.58ms
step:346/1288 train_time:11278ms step_avg:32.60ms
step:347/1288 train_time:11306ms step_avg:32.58ms
step:348/1288 train_time:11343ms step_avg:32.59ms
step:349/1288 train_time:11371ms step_avg:32.58ms
step:350/1288 train_time:11407ms step_avg:32.59ms
step:351/1288 train_time:11435ms step_avg:32.58ms
step:352/1288 train_time:11472ms step_avg:32.59ms
step:353/1288 train_time:11500ms step_avg:32.58ms
step:354/1288 train_time:11537ms step_avg:32.59ms
step:355/1288 train_time:11564ms step_avg:32.58ms
step:356/1288 train_time:11601ms step_avg:32.59ms
step:357/1288 train_time:11629ms step_avg:32.58ms
step:358/1288 train_time:11666ms step_avg:32.59ms
step:359/1288 train_time:11694ms step_avg:32.57ms
step:360/1288 train_time:11731ms step_avg:32.59ms
step:361/1288 train_time:11759ms step_avg:32.57ms
step:362/1288 train_time:11795ms step_avg:32.58ms
step:363/1288 train_time:11823ms step_avg:32.57ms
step:364/1288 train_time:11861ms step_avg:32.58ms
step:365/1288 train_time:11888ms step_avg:32.57ms
step:366/1288 train_time:11925ms step_avg:32.58ms
step:367/1288 train_time:11953ms step_avg:32.57ms
step:368/1288 train_time:11990ms step_avg:32.58ms
step:369/1288 train_time:12018ms step_avg:32.57ms
step:370/1288 train_time:12055ms step_avg:32.58ms
step:371/1288 train_time:12083ms step_avg:32.57ms
step:372/1288 train_time:12120ms step_avg:32.58ms
step:373/1288 train_time:12148ms step_avg:32.57ms
step:374/1288 train_time:12184ms step_avg:32.58ms
step:375/1288 train_time:12213ms step_avg:32.57ms
step:376/1288 train_time:12249ms step_avg:32.58ms
step:377/1288 train_time:12277ms step_avg:32.57ms
step:378/1288 train_time:12314ms step_avg:32.58ms
step:379/1288 train_time:12342ms step_avg:32.56ms
step:380/1288 train_time:12378ms step_avg:32.57ms
step:381/1288 train_time:12407ms step_avg:32.56ms
step:382/1288 train_time:12444ms step_avg:32.58ms
step:383/1288 train_time:12472ms step_avg:32.56ms
step:384/1288 train_time:12508ms step_avg:32.57ms
step:385/1288 train_time:12536ms step_avg:32.56ms
step:386/1288 train_time:12573ms step_avg:32.57ms
step:387/1288 train_time:12601ms step_avg:32.56ms
step:388/1288 train_time:12637ms step_avg:32.57ms
step:389/1288 train_time:12666ms step_avg:32.56ms
step:390/1288 train_time:12702ms step_avg:32.57ms
step:391/1288 train_time:12730ms step_avg:32.56ms
step:392/1288 train_time:12767ms step_avg:32.57ms
step:393/1288 train_time:12795ms step_avg:32.56ms
step:394/1288 train_time:12832ms step_avg:32.57ms
step:395/1288 train_time:12860ms step_avg:32.56ms
step:396/1288 train_time:12896ms step_avg:32.57ms
step:397/1288 train_time:12924ms step_avg:32.55ms
step:398/1288 train_time:12961ms step_avg:32.57ms
step:399/1288 train_time:12989ms step_avg:32.55ms
step:400/1288 train_time:13026ms step_avg:32.57ms
step:401/1288 train_time:13054ms step_avg:32.55ms
step:402/1288 train_time:13091ms step_avg:32.57ms
step:403/1288 train_time:13119ms step_avg:32.55ms
step:404/1288 train_time:13156ms step_avg:32.56ms
step:405/1288 train_time:13184ms step_avg:32.55ms
step:406/1288 train_time:13221ms step_avg:32.56ms
step:407/1288 train_time:13249ms step_avg:32.55ms
step:408/1288 train_time:13285ms step_avg:32.56ms
step:409/1288 train_time:13314ms step_avg:32.55ms
step:410/1288 train_time:13351ms step_avg:32.56ms
step:411/1288 train_time:13378ms step_avg:32.55ms
step:412/1288 train_time:13415ms step_avg:32.56ms
step:413/1288 train_time:13443ms step_avg:32.55ms
step:414/1288 train_time:13480ms step_avg:32.56ms
step:415/1288 train_time:13508ms step_avg:32.55ms
step:416/1288 train_time:13545ms step_avg:32.56ms
step:417/1288 train_time:13572ms step_avg:32.55ms
step:418/1288 train_time:13609ms step_avg:32.56ms
step:419/1288 train_time:13637ms step_avg:32.55ms
step:420/1288 train_time:13674ms step_avg:32.56ms
step:421/1288 train_time:13701ms step_avg:32.55ms
step:422/1288 train_time:13738ms step_avg:32.56ms
step:423/1288 train_time:13766ms step_avg:32.54ms
step:424/1288 train_time:13803ms step_avg:32.55ms
step:425/1288 train_time:13833ms step_avg:32.55ms
step:426/1288 train_time:13896ms step_avg:32.62ms
step:427/1288 train_time:13950ms step_avg:32.67ms
step:428/1288 train_time:14011ms step_avg:32.74ms
step:429/1288 train_time:14065ms step_avg:32.79ms
step:430/1288 train_time:14127ms step_avg:32.85ms
step:431/1288 train_time:14181ms step_avg:32.90ms
step:432/1288 train_time:14243ms step_avg:32.97ms
step:433/1288 train_time:14297ms step_avg:33.02ms
step:434/1288 train_time:14359ms step_avg:33.09ms
step:435/1288 train_time:14414ms step_avg:33.14ms
step:436/1288 train_time:14477ms step_avg:33.20ms
step:437/1288 train_time:14531ms step_avg:33.25ms
step:438/1288 train_time:14593ms step_avg:33.32ms
step:439/1288 train_time:14646ms step_avg:33.36ms
step:440/1288 train_time:14708ms step_avg:33.43ms
step:441/1288 train_time:14762ms step_avg:33.47ms
step:442/1288 train_time:14824ms step_avg:33.54ms
step:443/1288 train_time:14878ms step_avg:33.59ms
step:444/1288 train_time:14941ms step_avg:33.65ms
step:445/1288 train_time:14994ms step_avg:33.69ms
step:446/1288 train_time:15057ms step_avg:33.76ms
step:447/1288 train_time:15111ms step_avg:33.80ms
step:448/1288 train_time:15173ms step_avg:33.87ms
step:449/1288 train_time:15227ms step_avg:33.91ms
step:450/1288 train_time:15288ms step_avg:33.97ms
step:451/1288 train_time:15343ms step_avg:34.02ms
step:452/1288 train_time:15405ms step_avg:34.08ms
step:453/1288 train_time:15458ms step_avg:34.12ms
step:454/1288 train_time:15522ms step_avg:34.19ms
step:455/1288 train_time:15576ms step_avg:34.23ms
step:456/1288 train_time:15639ms step_avg:34.30ms
step:457/1288 train_time:15694ms step_avg:34.34ms
step:458/1288 train_time:15756ms step_avg:34.40ms
step:459/1288 train_time:15810ms step_avg:34.44ms
step:460/1288 train_time:15871ms step_avg:34.50ms
step:461/1288 train_time:15924ms step_avg:34.54ms
step:462/1288 train_time:15986ms step_avg:34.60ms
step:463/1288 train_time:16040ms step_avg:34.64ms
step:464/1288 train_time:16103ms step_avg:34.70ms
step:465/1288 train_time:16157ms step_avg:34.75ms
step:466/1288 train_time:16219ms step_avg:34.80ms
step:467/1288 train_time:16274ms step_avg:34.85ms
step:468/1288 train_time:16336ms step_avg:34.91ms
step:469/1288 train_time:16390ms step_avg:34.95ms
step:470/1288 train_time:16451ms step_avg:35.00ms
step:471/1288 train_time:16505ms step_avg:35.04ms
step:472/1288 train_time:16567ms step_avg:35.10ms
step:473/1288 train_time:16621ms step_avg:35.14ms
step:474/1288 train_time:16684ms step_avg:35.20ms
step:475/1288 train_time:16738ms step_avg:35.24ms
step:476/1288 train_time:16801ms step_avg:35.30ms
step:477/1288 train_time:16855ms step_avg:35.34ms
step:478/1288 train_time:16918ms step_avg:35.39ms
step:479/1288 train_time:16972ms step_avg:35.43ms
step:480/1288 train_time:17033ms step_avg:35.49ms
step:481/1288 train_time:17086ms step_avg:35.52ms
step:482/1288 train_time:17147ms step_avg:35.58ms
step:483/1288 train_time:17201ms step_avg:35.61ms
step:484/1288 train_time:17264ms step_avg:35.67ms
step:485/1288 train_time:17317ms step_avg:35.71ms
step:486/1288 train_time:17379ms step_avg:35.76ms
step:487/1288 train_time:17433ms step_avg:35.80ms
step:488/1288 train_time:17496ms step_avg:35.85ms
step:489/1288 train_time:17550ms step_avg:35.89ms
step:490/1288 train_time:17612ms step_avg:35.94ms
step:491/1288 train_time:17665ms step_avg:35.98ms
step:492/1288 train_time:17727ms step_avg:36.03ms
step:493/1288 train_time:17780ms step_avg:36.07ms
step:494/1288 train_time:17843ms step_avg:36.12ms
step:495/1288 train_time:17897ms step_avg:36.16ms
step:496/1288 train_time:17960ms step_avg:36.21ms
step:497/1288 train_time:18013ms step_avg:36.24ms
step:498/1288 train_time:18076ms step_avg:36.30ms
step:499/1288 train_time:18130ms step_avg:36.33ms
step:500/1288 train_time:18191ms step_avg:36.38ms
step:500/1288 val_loss:4.0786 train_time:18255ms step_avg:36.51ms
step:501/1288 train_time:18275ms step_avg:36.48ms
step:502/1288 train_time:18312ms step_avg:36.48ms
step:503/1288 train_time:18368ms step_avg:36.52ms
step:504/1288 train_time:18430ms step_avg:36.57ms
step:505/1288 train_time:18484ms step_avg:36.60ms
step:506/1288 train_time:18547ms step_avg:36.65ms
step:507/1288 train_time:18602ms step_avg:36.69ms
step:508/1288 train_time:18665ms step_avg:36.74ms
step:509/1288 train_time:18718ms step_avg:36.77ms
step:510/1288 train_time:18779ms step_avg:36.82ms
step:511/1288 train_time:18833ms step_avg:36.86ms
step:512/1288 train_time:18894ms step_avg:36.90ms
step:513/1288 train_time:18948ms step_avg:36.93ms
step:514/1288 train_time:19011ms step_avg:36.99ms
step:515/1288 train_time:19063ms step_avg:37.02ms
step:516/1288 train_time:19125ms step_avg:37.06ms
step:517/1288 train_time:19179ms step_avg:37.10ms
step:518/1288 train_time:19242ms step_avg:37.15ms
step:519/1288 train_time:19298ms step_avg:37.18ms
step:520/1288 train_time:19361ms step_avg:37.23ms
step:521/1288 train_time:19415ms step_avg:37.27ms
step:522/1288 train_time:19478ms step_avg:37.31ms
step:523/1288 train_time:19531ms step_avg:37.34ms
step:524/1288 train_time:19594ms step_avg:37.39ms
step:525/1288 train_time:19648ms step_avg:37.43ms
step:526/1288 train_time:19710ms step_avg:37.47ms
step:527/1288 train_time:19764ms step_avg:37.50ms
step:528/1288 train_time:19826ms step_avg:37.55ms
step:529/1288 train_time:19880ms step_avg:37.58ms
step:530/1288 train_time:19942ms step_avg:37.63ms
step:531/1288 train_time:19995ms step_avg:37.66ms
step:532/1288 train_time:20057ms step_avg:37.70ms
step:533/1288 train_time:20110ms step_avg:37.73ms
step:534/1288 train_time:20172ms step_avg:37.78ms
step:535/1288 train_time:20227ms step_avg:37.81ms
step:536/1288 train_time:20289ms step_avg:37.85ms
step:537/1288 train_time:20344ms step_avg:37.88ms
step:538/1288 train_time:20408ms step_avg:37.93ms
step:539/1288 train_time:20462ms step_avg:37.96ms
step:540/1288 train_time:20525ms step_avg:38.01ms
step:541/1288 train_time:20578ms step_avg:38.04ms
step:542/1288 train_time:20642ms step_avg:38.08ms
step:543/1288 train_time:20696ms step_avg:38.11ms
step:544/1288 train_time:20758ms step_avg:38.16ms
step:545/1288 train_time:20811ms step_avg:38.19ms
step:546/1288 train_time:20873ms step_avg:38.23ms
step:547/1288 train_time:20926ms step_avg:38.26ms
step:548/1288 train_time:20988ms step_avg:38.30ms
step:549/1288 train_time:21041ms step_avg:38.33ms
step:550/1288 train_time:21105ms step_avg:38.37ms
step:551/1288 train_time:21159ms step_avg:38.40ms
step:552/1288 train_time:21221ms step_avg:38.44ms
step:553/1288 train_time:21276ms step_avg:38.47ms
step:554/1288 train_time:21338ms step_avg:38.52ms
step:555/1288 train_time:21392ms step_avg:38.54ms
step:556/1288 train_time:21454ms step_avg:38.59ms
step:557/1288 train_time:21509ms step_avg:38.61ms
step:558/1288 train_time:21570ms step_avg:38.66ms
step:559/1288 train_time:21624ms step_avg:38.68ms
step:560/1288 train_time:21686ms step_avg:38.73ms
step:561/1288 train_time:21741ms step_avg:38.75ms
step:562/1288 train_time:21804ms step_avg:38.80ms
step:563/1288 train_time:21857ms step_avg:38.82ms
step:564/1288 train_time:21919ms step_avg:38.86ms
step:565/1288 train_time:21972ms step_avg:38.89ms
step:566/1288 train_time:22033ms step_avg:38.93ms
step:567/1288 train_time:22087ms step_avg:38.95ms
step:568/1288 train_time:22149ms step_avg:39.00ms
step:569/1288 train_time:22203ms step_avg:39.02ms
step:570/1288 train_time:22266ms step_avg:39.06ms
step:571/1288 train_time:22320ms step_avg:39.09ms
step:572/1288 train_time:22383ms step_avg:39.13ms
step:573/1288 train_time:22438ms step_avg:39.16ms
step:574/1288 train_time:22501ms step_avg:39.20ms
step:575/1288 train_time:22556ms step_avg:39.23ms
step:576/1288 train_time:22617ms step_avg:39.27ms
step:577/1288 train_time:22671ms step_avg:39.29ms
step:578/1288 train_time:22732ms step_avg:39.33ms
step:579/1288 train_time:22787ms step_avg:39.36ms
step:580/1288 train_time:22850ms step_avg:39.40ms
step:581/1288 train_time:22904ms step_avg:39.42ms
step:582/1288 train_time:22967ms step_avg:39.46ms
step:583/1288 train_time:23020ms step_avg:39.49ms
step:584/1288 train_time:23082ms step_avg:39.52ms
step:585/1288 train_time:23136ms step_avg:39.55ms
step:586/1288 train_time:23198ms step_avg:39.59ms
step:587/1288 train_time:23252ms step_avg:39.61ms
step:588/1288 train_time:23313ms step_avg:39.65ms
step:589/1288 train_time:23367ms step_avg:39.67ms
step:590/1288 train_time:23430ms step_avg:39.71ms
step:591/1288 train_time:23484ms step_avg:39.74ms
step:592/1288 train_time:23547ms step_avg:39.78ms
step:593/1288 train_time:23601ms step_avg:39.80ms
step:594/1288 train_time:23665ms step_avg:39.84ms
step:595/1288 train_time:23718ms step_avg:39.86ms
step:596/1288 train_time:23780ms step_avg:39.90ms
step:597/1288 train_time:23834ms step_avg:39.92ms
step:598/1288 train_time:23895ms step_avg:39.96ms
step:599/1288 train_time:23949ms step_avg:39.98ms
step:600/1288 train_time:24011ms step_avg:40.02ms
step:601/1288 train_time:24064ms step_avg:40.04ms
step:602/1288 train_time:24127ms step_avg:40.08ms
step:603/1288 train_time:24181ms step_avg:40.10ms
step:604/1288 train_time:24244ms step_avg:40.14ms
step:605/1288 train_time:24298ms step_avg:40.16ms
step:606/1288 train_time:24360ms step_avg:40.20ms
step:607/1288 train_time:24414ms step_avg:40.22ms
step:608/1288 train_time:24475ms step_avg:40.26ms
step:609/1288 train_time:24529ms step_avg:40.28ms
step:610/1288 train_time:24591ms step_avg:40.31ms
step:611/1288 train_time:24646ms step_avg:40.34ms
step:612/1288 train_time:24708ms step_avg:40.37ms
step:613/1288 train_time:24763ms step_avg:40.40ms
step:614/1288 train_time:24825ms step_avg:40.43ms
step:615/1288 train_time:24879ms step_avg:40.45ms
step:616/1288 train_time:24942ms step_avg:40.49ms
step:617/1288 train_time:24997ms step_avg:40.51ms
step:618/1288 train_time:25058ms step_avg:40.55ms
step:619/1288 train_time:25112ms step_avg:40.57ms
step:620/1288 train_time:25173ms step_avg:40.60ms
step:621/1288 train_time:25228ms step_avg:40.62ms
step:622/1288 train_time:25290ms step_avg:40.66ms
step:623/1288 train_time:25343ms step_avg:40.68ms
step:624/1288 train_time:25407ms step_avg:40.72ms
step:625/1288 train_time:25460ms step_avg:40.74ms
step:626/1288 train_time:25523ms step_avg:40.77ms
step:627/1288 train_time:25578ms step_avg:40.79ms
step:628/1288 train_time:25640ms step_avg:40.83ms
step:629/1288 train_time:25695ms step_avg:40.85ms
step:630/1288 train_time:25757ms step_avg:40.88ms
step:631/1288 train_time:25810ms step_avg:40.90ms
step:632/1288 train_time:25872ms step_avg:40.94ms
step:633/1288 train_time:25925ms step_avg:40.96ms
step:634/1288 train_time:25987ms step_avg:40.99ms
step:635/1288 train_time:26041ms step_avg:41.01ms
step:636/1288 train_time:26104ms step_avg:41.04ms
step:637/1288 train_time:26159ms step_avg:41.07ms
step:638/1288 train_time:26222ms step_avg:41.10ms
step:639/1288 train_time:26277ms step_avg:41.12ms
step:640/1288 train_time:26339ms step_avg:41.15ms
step:641/1288 train_time:26392ms step_avg:41.17ms
step:642/1288 train_time:26453ms step_avg:41.20ms
step:643/1288 train_time:26508ms step_avg:41.23ms
step:644/1288 train_time:26570ms step_avg:41.26ms
step:645/1288 train_time:26624ms step_avg:41.28ms
step:646/1288 train_time:26687ms step_avg:41.31ms
step:647/1288 train_time:26741ms step_avg:41.33ms
step:648/1288 train_time:26804ms step_avg:41.36ms
step:649/1288 train_time:26859ms step_avg:41.38ms
step:650/1288 train_time:26921ms step_avg:41.42ms
step:651/1288 train_time:26974ms step_avg:41.43ms
step:652/1288 train_time:27035ms step_avg:41.46ms
step:653/1288 train_time:27089ms step_avg:41.48ms
step:654/1288 train_time:27151ms step_avg:41.52ms
step:655/1288 train_time:27206ms step_avg:41.54ms
step:656/1288 train_time:27268ms step_avg:41.57ms
step:657/1288 train_time:27322ms step_avg:41.59ms
step:658/1288 train_time:27385ms step_avg:41.62ms
step:659/1288 train_time:27439ms step_avg:41.64ms
step:660/1288 train_time:27501ms step_avg:41.67ms
step:661/1288 train_time:27555ms step_avg:41.69ms
step:662/1288 train_time:27617ms step_avg:41.72ms
step:663/1288 train_time:27672ms step_avg:41.74ms
step:664/1288 train_time:27733ms step_avg:41.77ms
step:665/1288 train_time:27786ms step_avg:41.78ms
step:666/1288 train_time:27849ms step_avg:41.82ms
step:667/1288 train_time:27903ms step_avg:41.83ms
step:668/1288 train_time:27965ms step_avg:41.86ms
step:669/1288 train_time:28020ms step_avg:41.88ms
step:670/1288 train_time:28081ms step_avg:41.91ms
step:671/1288 train_time:28136ms step_avg:41.93ms
step:672/1288 train_time:28198ms step_avg:41.96ms
step:673/1288 train_time:28252ms step_avg:41.98ms
step:674/1288 train_time:28313ms step_avg:42.01ms
step:675/1288 train_time:28366ms step_avg:42.02ms
step:676/1288 train_time:28428ms step_avg:42.05ms
step:677/1288 train_time:28483ms step_avg:42.07ms
step:678/1288 train_time:28546ms step_avg:42.10ms
step:679/1288 train_time:28601ms step_avg:42.12ms
step:680/1288 train_time:28664ms step_avg:42.15ms
step:681/1288 train_time:28718ms step_avg:42.17ms
step:682/1288 train_time:28780ms step_avg:42.20ms
step:683/1288 train_time:28833ms step_avg:42.22ms
step:684/1288 train_time:28895ms step_avg:42.24ms
step:685/1288 train_time:28949ms step_avg:42.26ms
step:686/1288 train_time:29011ms step_avg:42.29ms
step:687/1288 train_time:29064ms step_avg:42.31ms
step:688/1288 train_time:29127ms step_avg:42.34ms
step:689/1288 train_time:29182ms step_avg:42.35ms
step:690/1288 train_time:29245ms step_avg:42.38ms
step:691/1288 train_time:29300ms step_avg:42.40ms
step:692/1288 train_time:29362ms step_avg:42.43ms
step:693/1288 train_time:29416ms step_avg:42.45ms
step:694/1288 train_time:29478ms step_avg:42.47ms
step:695/1288 train_time:29531ms step_avg:42.49ms
step:696/1288 train_time:29594ms step_avg:42.52ms
step:697/1288 train_time:29648ms step_avg:42.54ms
step:698/1288 train_time:29711ms step_avg:42.57ms
step:699/1288 train_time:29764ms step_avg:42.58ms
step:700/1288 train_time:29826ms step_avg:42.61ms
step:701/1288 train_time:29881ms step_avg:42.63ms
step:702/1288 train_time:29944ms step_avg:42.65ms
step:703/1288 train_time:29998ms step_avg:42.67ms
step:704/1288 train_time:30060ms step_avg:42.70ms
step:705/1288 train_time:30114ms step_avg:42.71ms
step:706/1288 train_time:30176ms step_avg:42.74ms
step:707/1288 train_time:30230ms step_avg:42.76ms
step:708/1288 train_time:30292ms step_avg:42.78ms
step:709/1288 train_time:30345ms step_avg:42.80ms
step:710/1288 train_time:30408ms step_avg:42.83ms
step:711/1288 train_time:30463ms step_avg:42.85ms
step:712/1288 train_time:30525ms step_avg:42.87ms
step:713/1288 train_time:30580ms step_avg:42.89ms
step:714/1288 train_time:30642ms step_avg:42.92ms
step:715/1288 train_time:30696ms step_avg:42.93ms
step:716/1288 train_time:30758ms step_avg:42.96ms
step:717/1288 train_time:30812ms step_avg:42.97ms
step:718/1288 train_time:30874ms step_avg:43.00ms
step:719/1288 train_time:30927ms step_avg:43.01ms
step:720/1288 train_time:30990ms step_avg:43.04ms
step:721/1288 train_time:31044ms step_avg:43.06ms
step:722/1288 train_time:31107ms step_avg:43.08ms
step:723/1288 train_time:31161ms step_avg:43.10ms
step:724/1288 train_time:31223ms step_avg:43.13ms
step:725/1288 train_time:31278ms step_avg:43.14ms
step:726/1288 train_time:31340ms step_avg:43.17ms
step:727/1288 train_time:31394ms step_avg:43.18ms
step:728/1288 train_time:31455ms step_avg:43.21ms
step:729/1288 train_time:31509ms step_avg:43.22ms
step:730/1288 train_time:31571ms step_avg:43.25ms
step:731/1288 train_time:31625ms step_avg:43.26ms
step:732/1288 train_time:31687ms step_avg:43.29ms
step:733/1288 train_time:31741ms step_avg:43.30ms
step:734/1288 train_time:31804ms step_avg:43.33ms
step:735/1288 train_time:31859ms step_avg:43.35ms
step:736/1288 train_time:31921ms step_avg:43.37ms
step:737/1288 train_time:31975ms step_avg:43.39ms
step:738/1288 train_time:32037ms step_avg:43.41ms
step:739/1288 train_time:32091ms step_avg:43.42ms
step:740/1288 train_time:32152ms step_avg:43.45ms
step:741/1288 train_time:32207ms step_avg:43.46ms
step:742/1288 train_time:32269ms step_avg:43.49ms
step:743/1288 train_time:32323ms step_avg:43.50ms
step:744/1288 train_time:32386ms step_avg:43.53ms
step:745/1288 train_time:32441ms step_avg:43.55ms
step:746/1288 train_time:32504ms step_avg:43.57ms
step:747/1288 train_time:32558ms step_avg:43.58ms
step:748/1288 train_time:32619ms step_avg:43.61ms
step:749/1288 train_time:32673ms step_avg:43.62ms
step:750/1288 train_time:32735ms step_avg:43.65ms
step:750/1288 val_loss:3.6657 train_time:32799ms step_avg:43.73ms
step:751/1288 train_time:32819ms step_avg:43.70ms
step:752/1288 train_time:32855ms step_avg:43.69ms
step:753/1288 train_time:32912ms step_avg:43.71ms
step:754/1288 train_time:32975ms step_avg:43.73ms
step:755/1288 train_time:33030ms step_avg:43.75ms
step:756/1288 train_time:33093ms step_avg:43.77ms
step:757/1288 train_time:33147ms step_avg:43.79ms
step:758/1288 train_time:33210ms step_avg:43.81ms
step:759/1288 train_time:33264ms step_avg:43.83ms
step:760/1288 train_time:33327ms step_avg:43.85ms
step:761/1288 train_time:33380ms step_avg:43.86ms
step:762/1288 train_time:33441ms step_avg:43.89ms
step:763/1288 train_time:33494ms step_avg:43.90ms
step:764/1288 train_time:33556ms step_avg:43.92ms
step:765/1288 train_time:33609ms step_avg:43.93ms
step:766/1288 train_time:33671ms step_avg:43.96ms
step:767/1288 train_time:33726ms step_avg:43.97ms
step:768/1288 train_time:33789ms step_avg:44.00ms
step:769/1288 train_time:33845ms step_avg:44.01ms
step:770/1288 train_time:33910ms step_avg:44.04ms
step:771/1288 train_time:33965ms step_avg:44.05ms
step:772/1288 train_time:34027ms step_avg:44.08ms
step:773/1288 train_time:34082ms step_avg:44.09ms
step:774/1288 train_time:34144ms step_avg:44.11ms
step:775/1288 train_time:34198ms step_avg:44.13ms
step:776/1288 train_time:34259ms step_avg:44.15ms
step:777/1288 train_time:34314ms step_avg:44.16ms
step:778/1288 train_time:34375ms step_avg:44.18ms
step:779/1288 train_time:34429ms step_avg:44.20ms
step:780/1288 train_time:34491ms step_avg:44.22ms
step:781/1288 train_time:34545ms step_avg:44.23ms
step:782/1288 train_time:34606ms step_avg:44.25ms
step:783/1288 train_time:34660ms step_avg:44.27ms
step:784/1288 train_time:34722ms step_avg:44.29ms
step:785/1288 train_time:34777ms step_avg:44.30ms
step:786/1288 train_time:34838ms step_avg:44.32ms
step:787/1288 train_time:34894ms step_avg:44.34ms
step:788/1288 train_time:34956ms step_avg:44.36ms
step:789/1288 train_time:35010ms step_avg:44.37ms
step:790/1288 train_time:35073ms step_avg:44.40ms
step:791/1288 train_time:35127ms step_avg:44.41ms
step:792/1288 train_time:35190ms step_avg:44.43ms
step:793/1288 train_time:35245ms step_avg:44.45ms
step:794/1288 train_time:35309ms step_avg:44.47ms
step:795/1288 train_time:35361ms step_avg:44.48ms
step:796/1288 train_time:35423ms step_avg:44.50ms
step:797/1288 train_time:35476ms step_avg:44.51ms
step:798/1288 train_time:35538ms step_avg:44.53ms
step:799/1288 train_time:35592ms step_avg:44.55ms
step:800/1288 train_time:35653ms step_avg:44.57ms
step:801/1288 train_time:35707ms step_avg:44.58ms
step:802/1288 train_time:35770ms step_avg:44.60ms
step:803/1288 train_time:35824ms step_avg:44.61ms
step:804/1288 train_time:35887ms step_avg:44.64ms
step:805/1288 train_time:35942ms step_avg:44.65ms
step:806/1288 train_time:36004ms step_avg:44.67ms
step:807/1288 train_time:36058ms step_avg:44.68ms
step:808/1288 train_time:36120ms step_avg:44.70ms
step:809/1288 train_time:36174ms step_avg:44.71ms
step:810/1288 train_time:36237ms step_avg:44.74ms
step:811/1288 train_time:36290ms step_avg:44.75ms
step:812/1288 train_time:36352ms step_avg:44.77ms
step:813/1288 train_time:36407ms step_avg:44.78ms
step:814/1288 train_time:36469ms step_avg:44.80ms
step:815/1288 train_time:36523ms step_avg:44.81ms
step:816/1288 train_time:36584ms step_avg:44.83ms
step:817/1288 train_time:36638ms step_avg:44.85ms
step:818/1288 train_time:36700ms step_avg:44.87ms
step:819/1288 train_time:36753ms step_avg:44.88ms
step:820/1288 train_time:36816ms step_avg:44.90ms
step:821/1288 train_time:36870ms step_avg:44.91ms
step:822/1288 train_time:36934ms step_avg:44.93ms
step:823/1288 train_time:36988ms step_avg:44.94ms
step:824/1288 train_time:37050ms step_avg:44.96ms
step:825/1288 train_time:37104ms step_avg:44.98ms
step:826/1288 train_time:37167ms step_avg:45.00ms
step:827/1288 train_time:37221ms step_avg:45.01ms
step:828/1288 train_time:37282ms step_avg:45.03ms
step:829/1288 train_time:37337ms step_avg:45.04ms
step:830/1288 train_time:37399ms step_avg:45.06ms
step:831/1288 train_time:37453ms step_avg:45.07ms
step:832/1288 train_time:37515ms step_avg:45.09ms
step:833/1288 train_time:37569ms step_avg:45.10ms
step:834/1288 train_time:37631ms step_avg:45.12ms
step:835/1288 train_time:37685ms step_avg:45.13ms
step:836/1288 train_time:37748ms step_avg:45.15ms
step:837/1288 train_time:37803ms step_avg:45.16ms
step:838/1288 train_time:37864ms step_avg:45.18ms
step:839/1288 train_time:37918ms step_avg:45.19ms
step:840/1288 train_time:37980ms step_avg:45.21ms
step:841/1288 train_time:38034ms step_avg:45.22ms
step:842/1288 train_time:38096ms step_avg:45.24ms
step:843/1288 train_time:38150ms step_avg:45.26ms
step:844/1288 train_time:38213ms step_avg:45.28ms
step:845/1288 train_time:38267ms step_avg:45.29ms
step:846/1288 train_time:38330ms step_avg:45.31ms
step:847/1288 train_time:38384ms step_avg:45.32ms
step:848/1288 train_time:38447ms step_avg:45.34ms
step:849/1288 train_time:38500ms step_avg:45.35ms
step:850/1288 train_time:38563ms step_avg:45.37ms
step:851/1288 train_time:38646ms step_avg:45.41ms
step:852/1288 train_time:38734ms step_avg:45.46ms
step:853/1288 train_time:38815ms step_avg:45.50ms
step:854/1288 train_time:38902ms step_avg:45.55ms
step:855/1288 train_time:38983ms step_avg:45.59ms
step:856/1288 train_time:39071ms step_avg:45.64ms
step:857/1288 train_time:39153ms step_avg:45.69ms
step:858/1288 train_time:39239ms step_avg:45.73ms
step:859/1288 train_time:39320ms step_avg:45.77ms
step:860/1288 train_time:39407ms step_avg:45.82ms
step:861/1288 train_time:39490ms step_avg:45.87ms
step:862/1288 train_time:39577ms step_avg:45.91ms
step:863/1288 train_time:39659ms step_avg:45.95ms
step:864/1288 train_time:39746ms step_avg:46.00ms
step:865/1288 train_time:39827ms step_avg:46.04ms
step:866/1288 train_time:39915ms step_avg:46.09ms
step:867/1288 train_time:39995ms step_avg:46.13ms
step:868/1288 train_time:40083ms step_avg:46.18ms
step:869/1288 train_time:40164ms step_avg:46.22ms
step:870/1288 train_time:40252ms step_avg:46.27ms
step:871/1288 train_time:40332ms step_avg:46.31ms
step:872/1288 train_time:40420ms step_avg:46.35ms
step:873/1288 train_time:40501ms step_avg:46.39ms
step:874/1288 train_time:40588ms step_avg:46.44ms
step:875/1288 train_time:40670ms step_avg:46.48ms
step:876/1288 train_time:40757ms step_avg:46.53ms
step:877/1288 train_time:40838ms step_avg:46.57ms
step:878/1288 train_time:40925ms step_avg:46.61ms
step:879/1288 train_time:41006ms step_avg:46.65ms
step:880/1288 train_time:41093ms step_avg:46.70ms
step:881/1288 train_time:41174ms step_avg:46.74ms
step:882/1288 train_time:41261ms step_avg:46.78ms
step:883/1288 train_time:41342ms step_avg:46.82ms
step:884/1288 train_time:41429ms step_avg:46.87ms
step:885/1288 train_time:41511ms step_avg:46.91ms
step:886/1288 train_time:41599ms step_avg:46.95ms
step:887/1288 train_time:41680ms step_avg:46.99ms
step:888/1288 train_time:41766ms step_avg:47.03ms
step:889/1288 train_time:41849ms step_avg:47.07ms
step:890/1288 train_time:41937ms step_avg:47.12ms
step:891/1288 train_time:42017ms step_avg:47.16ms
step:892/1288 train_time:42104ms step_avg:47.20ms
step:893/1288 train_time:42187ms step_avg:47.24ms
step:894/1288 train_time:42274ms step_avg:47.29ms
step:895/1288 train_time:42354ms step_avg:47.32ms
step:896/1288 train_time:42442ms step_avg:47.37ms
step:897/1288 train_time:42523ms step_avg:47.41ms
step:898/1288 train_time:42610ms step_avg:47.45ms
step:899/1288 train_time:42691ms step_avg:47.49ms
step:900/1288 train_time:42779ms step_avg:47.53ms
step:901/1288 train_time:42860ms step_avg:47.57ms
step:902/1288 train_time:42948ms step_avg:47.61ms
step:903/1288 train_time:43029ms step_avg:47.65ms
step:904/1288 train_time:43116ms step_avg:47.69ms
step:905/1288 train_time:43196ms step_avg:47.73ms
step:906/1288 train_time:43285ms step_avg:47.78ms
step:907/1288 train_time:43367ms step_avg:47.81ms
step:908/1288 train_time:43454ms step_avg:47.86ms
step:909/1288 train_time:43534ms step_avg:47.89ms
step:910/1288 train_time:43620ms step_avg:47.93ms
step:911/1288 train_time:43702ms step_avg:47.97ms
step:912/1288 train_time:43790ms step_avg:48.02ms
step:913/1288 train_time:43872ms step_avg:48.05ms
step:914/1288 train_time:43960ms step_avg:48.10ms
step:915/1288 train_time:44040ms step_avg:48.13ms
step:916/1288 train_time:44128ms step_avg:48.17ms
step:917/1288 train_time:44208ms step_avg:48.21ms
step:918/1288 train_time:44297ms step_avg:48.25ms
step:919/1288 train_time:44377ms step_avg:48.29ms
step:920/1288 train_time:44467ms step_avg:48.33ms
step:921/1288 train_time:44549ms step_avg:48.37ms
step:922/1288 train_time:44637ms step_avg:48.41ms
step:923/1288 train_time:44717ms step_avg:48.45ms
step:924/1288 train_time:44804ms step_avg:48.49ms
step:925/1288 train_time:44886ms step_avg:48.53ms
step:926/1288 train_time:44974ms step_avg:48.57ms
step:927/1288 train_time:45055ms step_avg:48.60ms
step:928/1288 train_time:45142ms step_avg:48.64ms
step:929/1288 train_time:45222ms step_avg:48.68ms
step:930/1288 train_time:45310ms step_avg:48.72ms
step:931/1288 train_time:45391ms step_avg:48.76ms
step:932/1288 train_time:45481ms step_avg:48.80ms
step:933/1288 train_time:45561ms step_avg:48.83ms
step:934/1288 train_time:45648ms step_avg:48.87ms
step:935/1288 train_time:45730ms step_avg:48.91ms
step:936/1288 train_time:45818ms step_avg:48.95ms
step:937/1288 train_time:45899ms step_avg:48.99ms
step:938/1288 train_time:45987ms step_avg:49.03ms
step:939/1288 train_time:46069ms step_avg:49.06ms
step:940/1288 train_time:46156ms step_avg:49.10ms
step:941/1288 train_time:46236ms step_avg:49.14ms
step:942/1288 train_time:46324ms step_avg:49.18ms
step:943/1288 train_time:46406ms step_avg:49.21ms
step:944/1288 train_time:46494ms step_avg:49.25ms
step:945/1288 train_time:46575ms step_avg:49.29ms
step:946/1288 train_time:46661ms step_avg:49.32ms
step:947/1288 train_time:46742ms step_avg:49.36ms
step:948/1288 train_time:46830ms step_avg:49.40ms
step:949/1288 train_time:46912ms step_avg:49.43ms
step:950/1288 train_time:47000ms step_avg:49.47ms
step:951/1288 train_time:47081ms step_avg:49.51ms
step:952/1288 train_time:47168ms step_avg:49.55ms
step:953/1288 train_time:47250ms step_avg:49.58ms
step:954/1288 train_time:47337ms step_avg:49.62ms
step:955/1288 train_time:47418ms step_avg:49.65ms
step:956/1288 train_time:47505ms step_avg:49.69ms
step:957/1288 train_time:47588ms step_avg:49.73ms
step:958/1288 train_time:47675ms step_avg:49.77ms
step:959/1288 train_time:47756ms step_avg:49.80ms
step:960/1288 train_time:47844ms step_avg:49.84ms
step:961/1288 train_time:47924ms step_avg:49.87ms
step:962/1288 train_time:48012ms step_avg:49.91ms
step:963/1288 train_time:48093ms step_avg:49.94ms
step:964/1288 train_time:48182ms step_avg:49.98ms
step:965/1288 train_time:48263ms step_avg:50.01ms
step:966/1288 train_time:48350ms step_avg:50.05ms
step:967/1288 train_time:48431ms step_avg:50.08ms
step:968/1288 train_time:48518ms step_avg:50.12ms
step:969/1288 train_time:48600ms step_avg:50.15ms
step:970/1288 train_time:48688ms step_avg:50.19ms
step:971/1288 train_time:48770ms step_avg:50.23ms
step:972/1288 train_time:48857ms step_avg:50.26ms
step:973/1288 train_time:48938ms step_avg:50.30ms
step:974/1288 train_time:49026ms step_avg:50.33ms
step:975/1288 train_time:49107ms step_avg:50.37ms
step:976/1288 train_time:49195ms step_avg:50.40ms
step:977/1288 train_time:49276ms step_avg:50.44ms
step:978/1288 train_time:49363ms step_avg:50.47ms
step:979/1288 train_time:49444ms step_avg:50.50ms
step:980/1288 train_time:49532ms step_avg:50.54ms
step:981/1288 train_time:49613ms step_avg:50.57ms
step:982/1288 train_time:49699ms step_avg:50.61ms
step:983/1288 train_time:49781ms step_avg:50.64ms
step:984/1288 train_time:49868ms step_avg:50.68ms
step:985/1288 train_time:49951ms step_avg:50.71ms
step:986/1288 train_time:50039ms step_avg:50.75ms
step:987/1288 train_time:50120ms step_avg:50.78ms
step:988/1288 train_time:50207ms step_avg:50.82ms
step:989/1288 train_time:50289ms step_avg:50.85ms
step:990/1288 train_time:50377ms step_avg:50.89ms
step:991/1288 train_time:50458ms step_avg:50.92ms
step:992/1288 train_time:50545ms step_avg:50.95ms
step:993/1288 train_time:50627ms step_avg:50.98ms
step:994/1288 train_time:50714ms step_avg:51.02ms
step:995/1288 train_time:50794ms step_avg:51.05ms
step:996/1288 train_time:50883ms step_avg:51.09ms
step:997/1288 train_time:50964ms step_avg:51.12ms
step:998/1288 train_time:51052ms step_avg:51.15ms
step:999/1288 train_time:51133ms step_avg:51.18ms
step:1000/1288 train_time:51221ms step_avg:51.22ms
step:1000/1288 val_loss:3.4214 train_time:51313ms step_avg:51.31ms
step:1001/1288 train_time:51334ms step_avg:51.28ms
step:1002/1288 train_time:51395ms step_avg:51.29ms
step:1003/1288 train_time:51482ms step_avg:51.33ms
step:1004/1288 train_time:51569ms step_avg:51.36ms
step:1005/1288 train_time:51651ms step_avg:51.39ms
step:1006/1288 train_time:51738ms step_avg:51.43ms
step:1007/1288 train_time:51819ms step_avg:51.46ms
step:1008/1288 train_time:51905ms step_avg:51.49ms
step:1009/1288 train_time:51985ms step_avg:51.52ms
step:1010/1288 train_time:52072ms step_avg:51.56ms
step:1011/1288 train_time:52151ms step_avg:51.58ms
step:1012/1288 train_time:52239ms step_avg:51.62ms
step:1013/1288 train_time:52321ms step_avg:51.65ms
step:1014/1288 train_time:52412ms step_avg:51.69ms
step:1015/1288 train_time:52495ms step_avg:51.72ms
step:1016/1288 train_time:52583ms step_avg:51.75ms
step:1017/1288 train_time:52665ms step_avg:51.78ms
step:1018/1288 train_time:52752ms step_avg:51.82ms
step:1019/1288 train_time:52833ms step_avg:51.85ms
step:1020/1288 train_time:52919ms step_avg:51.88ms
step:1021/1288 train_time:52999ms step_avg:51.91ms
step:1022/1288 train_time:53086ms step_avg:51.94ms
step:1023/1288 train_time:53168ms step_avg:51.97ms
step:1024/1288 train_time:53256ms step_avg:52.01ms
step:1025/1288 train_time:53338ms step_avg:52.04ms
step:1026/1288 train_time:53427ms step_avg:52.07ms
step:1027/1288 train_time:53510ms step_avg:52.10ms
step:1028/1288 train_time:53598ms step_avg:52.14ms
step:1029/1288 train_time:53679ms step_avg:52.17ms
step:1030/1288 train_time:53766ms step_avg:52.20ms
step:1031/1288 train_time:53848ms step_avg:52.23ms
step:1032/1288 train_time:53935ms step_avg:52.26ms
step:1033/1288 train_time:54015ms step_avg:52.29ms
step:1034/1288 train_time:54101ms step_avg:52.32ms
step:1035/1288 train_time:54182ms step_avg:52.35ms
step:1036/1288 train_time:54270ms step_avg:52.38ms
step:1037/1288 train_time:54352ms step_avg:52.41ms
step:1038/1288 train_time:54440ms step_avg:52.45ms
step:1039/1288 train_time:54521ms step_avg:52.47ms
step:1040/1288 train_time:54609ms step_avg:52.51ms
step:1041/1288 train_time:54691ms step_avg:52.54ms
step:1042/1288 train_time:54779ms step_avg:52.57ms
step:1043/1288 train_time:54859ms step_avg:52.60ms
step:1044/1288 train_time:54946ms step_avg:52.63ms
step:1045/1288 train_time:55029ms step_avg:52.66ms
step:1046/1288 train_time:55116ms step_avg:52.69ms
step:1047/1288 train_time:55196ms step_avg:52.72ms
step:1048/1288 train_time:55284ms step_avg:52.75ms
step:1049/1288 train_time:55366ms step_avg:52.78ms
step:1050/1288 train_time:55454ms step_avg:52.81ms
step:1051/1288 train_time:55535ms step_avg:52.84ms
step:1052/1288 train_time:55622ms step_avg:52.87ms
step:1053/1288 train_time:55703ms step_avg:52.90ms
step:1054/1288 train_time:55792ms step_avg:52.93ms
step:1055/1288 train_time:55873ms step_avg:52.96ms
step:1056/1288 train_time:55959ms step_avg:52.99ms
step:1057/1288 train_time:56040ms step_avg:53.02ms
step:1058/1288 train_time:56128ms step_avg:53.05ms
step:1059/1288 train_time:56209ms step_avg:53.08ms
step:1060/1288 train_time:56297ms step_avg:53.11ms
step:1061/1288 train_time:56378ms step_avg:53.14ms
step:1062/1288 train_time:56465ms step_avg:53.17ms
step:1063/1288 train_time:56549ms step_avg:53.20ms
step:1064/1288 train_time:56637ms step_avg:53.23ms
step:1065/1288 train_time:56718ms step_avg:53.26ms
step:1066/1288 train_time:56805ms step_avg:53.29ms
step:1067/1288 train_time:56887ms step_avg:53.31ms
step:1068/1288 train_time:56974ms step_avg:53.35ms
step:1069/1288 train_time:57055ms step_avg:53.37ms
step:1070/1288 train_time:57142ms step_avg:53.40ms
step:1071/1288 train_time:57222ms step_avg:53.43ms
step:1072/1288 train_time:57309ms step_avg:53.46ms
step:1073/1288 train_time:57389ms step_avg:53.48ms
step:1074/1288 train_time:57478ms step_avg:53.52ms
step:1075/1288 train_time:57559ms step_avg:53.54ms
step:1076/1288 train_time:57647ms step_avg:53.58ms
step:1077/1288 train_time:57729ms step_avg:53.60ms
step:1078/1288 train_time:57816ms step_avg:53.63ms
step:1079/1288 train_time:57897ms step_avg:53.66ms
step:1080/1288 train_time:57985ms step_avg:53.69ms
step:1081/1288 train_time:58067ms step_avg:53.72ms
step:1082/1288 train_time:58154ms step_avg:53.75ms
step:1083/1288 train_time:58235ms step_avg:53.77ms
step:1084/1288 train_time:58322ms step_avg:53.80ms
step:1085/1288 train_time:58403ms step_avg:53.83ms
step:1086/1288 train_time:58491ms step_avg:53.86ms
step:1087/1288 train_time:58573ms step_avg:53.89ms
step:1088/1288 train_time:58660ms step_avg:53.92ms
step:1089/1288 train_time:58741ms step_avg:53.94ms
step:1090/1288 train_time:58829ms step_avg:53.97ms
step:1091/1288 train_time:58911ms step_avg:54.00ms
step:1092/1288 train_time:58998ms step_avg:54.03ms
step:1093/1288 train_time:59078ms step_avg:54.05ms
step:1094/1288 train_time:59166ms step_avg:54.08ms
step:1095/1288 train_time:59248ms step_avg:54.11ms
step:1096/1288 train_time:59337ms step_avg:54.14ms
step:1097/1288 train_time:59416ms step_avg:54.16ms
step:1098/1288 train_time:59504ms step_avg:54.19ms
step:1099/1288 train_time:59587ms step_avg:54.22ms
step:1100/1288 train_time:59675ms step_avg:54.25ms
step:1101/1288 train_time:59756ms step_avg:54.27ms
step:1102/1288 train_time:59843ms step_avg:54.30ms
step:1103/1288 train_time:59923ms step_avg:54.33ms
step:1104/1288 train_time:60011ms step_avg:54.36ms
step:1105/1288 train_time:60093ms step_avg:54.38ms
step:1106/1288 train_time:60180ms step_avg:54.41ms
step:1107/1288 train_time:60261ms step_avg:54.44ms
step:1108/1288 train_time:60349ms step_avg:54.47ms
step:1109/1288 train_time:60430ms step_avg:54.49ms
step:1110/1288 train_time:60518ms step_avg:54.52ms
step:1111/1288 train_time:60599ms step_avg:54.54ms
step:1112/1288 train_time:60687ms step_avg:54.57ms
step:1113/1288 train_time:60769ms step_avg:54.60ms
step:1114/1288 train_time:60857ms step_avg:54.63ms
step:1115/1288 train_time:60937ms step_avg:54.65ms
step:1116/1288 train_time:61024ms step_avg:54.68ms
step:1117/1288 train_time:61105ms step_avg:54.70ms
step:1118/1288 train_time:61193ms step_avg:54.73ms
step:1119/1288 train_time:61275ms step_avg:54.76ms
step:1120/1288 train_time:61362ms step_avg:54.79ms
step:1121/1288 train_time:61442ms step_avg:54.81ms
step:1122/1288 train_time:61530ms step_avg:54.84ms
step:1123/1288 train_time:61612ms step_avg:54.86ms
step:1124/1288 train_time:61699ms step_avg:54.89ms
step:1125/1288 train_time:61780ms step_avg:54.92ms
step:1126/1288 train_time:61868ms step_avg:54.94ms
step:1127/1288 train_time:61949ms step_avg:54.97ms
step:1128/1288 train_time:62037ms step_avg:55.00ms
step:1129/1288 train_time:62118ms step_avg:55.02ms
step:1130/1288 train_time:62205ms step_avg:55.05ms
step:1131/1288 train_time:62287ms step_avg:55.07ms
step:1132/1288 train_time:62376ms step_avg:55.10ms
step:1133/1288 train_time:62457ms step_avg:55.13ms
step:1134/1288 train_time:62545ms step_avg:55.15ms
step:1135/1288 train_time:62629ms step_avg:55.18ms
step:1136/1288 train_time:62716ms step_avg:55.21ms
step:1137/1288 train_time:62797ms step_avg:55.23ms
step:1138/1288 train_time:62886ms step_avg:55.26ms
step:1139/1288 train_time:62968ms step_avg:55.28ms
step:1140/1288 train_time:63056ms step_avg:55.31ms
step:1141/1288 train_time:63137ms step_avg:55.34ms
step:1142/1288 train_time:63224ms step_avg:55.36ms
step:1143/1288 train_time:63307ms step_avg:55.39ms
step:1144/1288 train_time:63394ms step_avg:55.41ms
step:1145/1288 train_time:63475ms step_avg:55.44ms
step:1146/1288 train_time:63563ms step_avg:55.46ms
step:1147/1288 train_time:63643ms step_avg:55.49ms
step:1148/1288 train_time:63731ms step_avg:55.51ms
step:1149/1288 train_time:63812ms step_avg:55.54ms
step:1150/1288 train_time:63899ms step_avg:55.56ms
step:1151/1288 train_time:63980ms step_avg:55.59ms
step:1152/1288 train_time:64068ms step_avg:55.61ms
step:1153/1288 train_time:64149ms step_avg:55.64ms
step:1154/1288 train_time:64238ms step_avg:55.67ms
step:1155/1288 train_time:64318ms step_avg:55.69ms
step:1156/1288 train_time:64404ms step_avg:55.71ms
step:1157/1288 train_time:64488ms step_avg:55.74ms
step:1158/1288 train_time:64576ms step_avg:55.76ms
step:1159/1288 train_time:64657ms step_avg:55.79ms
step:1160/1288 train_time:64745ms step_avg:55.81ms
step:1161/1288 train_time:64826ms step_avg:55.84ms
step:1162/1288 train_time:64914ms step_avg:55.86ms
step:1163/1288 train_time:64994ms step_avg:55.88ms
step:1164/1288 train_time:65082ms step_avg:55.91ms
step:1165/1288 train_time:65163ms step_avg:55.93ms
step:1166/1288 train_time:65251ms step_avg:55.96ms
step:1167/1288 train_time:65332ms step_avg:55.98ms
step:1168/1288 train_time:65420ms step_avg:56.01ms
step:1169/1288 train_time:65500ms step_avg:56.03ms
step:1170/1288 train_time:65589ms step_avg:56.06ms
step:1171/1288 train_time:65670ms step_avg:56.08ms
step:1172/1288 train_time:65758ms step_avg:56.11ms
step:1173/1288 train_time:65839ms step_avg:56.13ms
step:1174/1288 train_time:65926ms step_avg:56.16ms
step:1175/1288 train_time:66008ms step_avg:56.18ms
step:1176/1288 train_time:66095ms step_avg:56.20ms
step:1177/1288 train_time:66177ms step_avg:56.23ms
step:1178/1288 train_time:66265ms step_avg:56.25ms
step:1179/1288 train_time:66348ms step_avg:56.27ms
step:1180/1288 train_time:66436ms step_avg:56.30ms
step:1181/1288 train_time:66516ms step_avg:56.32ms
step:1182/1288 train_time:66604ms step_avg:56.35ms
step:1183/1288 train_time:66686ms step_avg:56.37ms
step:1184/1288 train_time:66774ms step_avg:56.40ms
step:1185/1288 train_time:66855ms step_avg:56.42ms
step:1186/1288 train_time:66942ms step_avg:56.44ms
step:1187/1288 train_time:67023ms step_avg:56.46ms
step:1188/1288 train_time:67110ms step_avg:56.49ms
step:1189/1288 train_time:67193ms step_avg:56.51ms
step:1190/1288 train_time:67280ms step_avg:56.54ms
step:1191/1288 train_time:67361ms step_avg:56.56ms
step:1192/1288 train_time:67449ms step_avg:56.58ms
step:1193/1288 train_time:67531ms step_avg:56.61ms
step:1194/1288 train_time:67619ms step_avg:56.63ms
step:1195/1288 train_time:67699ms step_avg:56.65ms
step:1196/1288 train_time:67787ms step_avg:56.68ms
step:1197/1288 train_time:67868ms step_avg:56.70ms
step:1198/1288 train_time:67956ms step_avg:56.72ms
step:1199/1288 train_time:68037ms step_avg:56.75ms
step:1200/1288 train_time:68126ms step_avg:56.77ms
step:1201/1288 train_time:68208ms step_avg:56.79ms
step:1202/1288 train_time:68296ms step_avg:56.82ms
step:1203/1288 train_time:68377ms step_avg:56.84ms
step:1204/1288 train_time:68465ms step_avg:56.86ms
step:1205/1288 train_time:68546ms step_avg:56.88ms
step:1206/1288 train_time:68634ms step_avg:56.91ms
step:1207/1288 train_time:68715ms step_avg:56.93ms
step:1208/1288 train_time:68802ms step_avg:56.96ms
step:1209/1288 train_time:68881ms step_avg:56.97ms
step:1210/1288 train_time:68969ms step_avg:57.00ms
step:1211/1288 train_time:69051ms step_avg:57.02ms
step:1212/1288 train_time:69139ms step_avg:57.05ms
step:1213/1288 train_time:69220ms step_avg:57.06ms
step:1214/1288 train_time:69308ms step_avg:57.09ms
step:1215/1288 train_time:69390ms step_avg:57.11ms
step:1216/1288 train_time:69478ms step_avg:57.14ms
step:1217/1288 train_time:69559ms step_avg:57.16ms
step:1218/1288 train_time:69647ms step_avg:57.18ms
step:1219/1288 train_time:69729ms step_avg:57.20ms
step:1220/1288 train_time:69816ms step_avg:57.23ms
step:1221/1288 train_time:69896ms step_avg:57.24ms
step:1222/1288 train_time:69985ms step_avg:57.27ms
step:1223/1288 train_time:70067ms step_avg:57.29ms
step:1224/1288 train_time:70154ms step_avg:57.32ms
step:1225/1288 train_time:70235ms step_avg:57.33ms
step:1226/1288 train_time:70323ms step_avg:57.36ms
step:1227/1288 train_time:70404ms step_avg:57.38ms
step:1228/1288 train_time:70493ms step_avg:57.40ms
step:1229/1288 train_time:70573ms step_avg:57.42ms
step:1230/1288 train_time:70661ms step_avg:57.45ms
step:1231/1288 train_time:70741ms step_avg:57.47ms
step:1232/1288 train_time:70828ms step_avg:57.49ms
step:1233/1288 train_time:70909ms step_avg:57.51ms
step:1234/1288 train_time:70999ms step_avg:57.54ms
step:1235/1288 train_time:71079ms step_avg:57.55ms
step:1236/1288 train_time:71167ms step_avg:57.58ms
step:1237/1288 train_time:71249ms step_avg:57.60ms
step:1238/1288 train_time:71338ms step_avg:57.62ms
step:1239/1288 train_time:71418ms step_avg:57.64ms
step:1240/1288 train_time:71506ms step_avg:57.67ms
step:1241/1288 train_time:71587ms step_avg:57.69ms
step:1242/1288 train_time:71675ms step_avg:57.71ms
step:1243/1288 train_time:71755ms step_avg:57.73ms
step:1244/1288 train_time:71843ms step_avg:57.75ms
step:1245/1288 train_time:71924ms step_avg:57.77ms
step:1246/1288 train_time:72012ms step_avg:57.79ms
step:1247/1288 train_time:72094ms step_avg:57.81ms
step:1248/1288 train_time:72181ms step_avg:57.84ms
step:1249/1288 train_time:72262ms step_avg:57.86ms
step:1250/1288 train_time:72349ms step_avg:57.88ms
step:1250/1288 val_loss:3.2983 train_time:72442ms step_avg:57.95ms
step:1251/1288 train_time:72462ms step_avg:57.92ms
step:1252/1288 train_time:72524ms step_avg:57.93ms
step:1253/1288 train_time:72605ms step_avg:57.95ms
step:1254/1288 train_time:72693ms step_avg:57.97ms
step:1255/1288 train_time:72774ms step_avg:57.99ms
step:1256/1288 train_time:72862ms step_avg:58.01ms
step:1257/1288 train_time:72943ms step_avg:58.03ms
step:1258/1288 train_time:73030ms step_avg:58.05ms
step:1259/1288 train_time:73112ms step_avg:58.07ms
step:1260/1288 train_time:73200ms step_avg:58.10ms
step:1261/1288 train_time:73280ms step_avg:58.11ms
step:1262/1288 train_time:73369ms step_avg:58.14ms
step:1263/1288 train_time:73453ms step_avg:58.16ms
step:1264/1288 train_time:73543ms step_avg:58.18ms
step:1265/1288 train_time:73626ms step_avg:58.20ms
step:1266/1288 train_time:73713ms step_avg:58.23ms
step:1267/1288 train_time:73794ms step_avg:58.24ms
step:1268/1288 train_time:73883ms step_avg:58.27ms
step:1269/1288 train_time:73963ms step_avg:58.28ms
step:1270/1288 train_time:74050ms step_avg:58.31ms
step:1271/1288 train_time:74132ms step_avg:58.33ms
step:1272/1288 train_time:74219ms step_avg:58.35ms
step:1273/1288 train_time:74300ms step_avg:58.37ms
step:1274/1288 train_time:74389ms step_avg:58.39ms
step:1275/1288 train_time:74477ms step_avg:58.41ms
step:1276/1288 train_time:74565ms step_avg:58.44ms
step:1277/1288 train_time:74646ms step_avg:58.45ms
step:1278/1288 train_time:74735ms step_avg:58.48ms
step:1279/1288 train_time:74817ms step_avg:58.50ms
step:1280/1288 train_time:74905ms step_avg:58.52ms
step:1281/1288 train_time:74986ms step_avg:58.54ms
step:1282/1288 train_time:75075ms step_avg:58.56ms
step:1283/1288 train_time:75157ms step_avg:58.58ms
step:1284/1288 train_time:75244ms step_avg:58.60ms
step:1285/1288 train_time:75326ms step_avg:58.62ms
step:1286/1288 train_time:75416ms step_avg:58.64ms
step:1287/1288 train_time:75499ms step_avg:58.66ms
step:1288/1288 train_time:75587ms step_avg:58.69ms
W0727 22:20:16.047000 66845 torch/distributed/elastic/agent/server/api.py:739] Received 15 death signal, shutting down workers
W0727 22:20:16.049000 66845 torch/distributed/elastic/multiprocessing/api.py:1010] Sending process 66943 closing signal SIGTERM
W0727 22:20:16.049000 66845 torch/distributed/elastic/multiprocessing/api.py:1010] Sending process 66944 closing signal SIGTERM
W0727 22:20:16.050000 66845 torch/distributed/elastic/multiprocessing/api.py:1010] Sending process 66945 closing signal SIGTERM
W0727 22:20:16.051000 66845 torch/distributed/elastic/multiprocessing/api.py:1010] Sending process 66946 closing signal SIGTERM
W0727 22:20:16.052000 66845 torch/distributed/elastic/multiprocessing/api.py:1010] Sending process 66947 closing signal SIGTERM
W0727 22:20:16.053000 66845 torch/distributed/elastic/multiprocessing/api.py:1010] Sending process 66948 closing signal SIGTERM
W0727 22:20:16.054000 66845 torch/distributed/elastic/multiprocessing/api.py:1010] Sending process 66949 closing signal SIGTERM
W0727 22:20:16.054000 66845 torch/distributed/elastic/multiprocessing/api.py:1010] Sending process 66950 closing signal SIGTERM
Traceback (most recent call last):
  File "/home/karan/speedrun/venv/bin/torchrun", line 6, in <module>
    sys.exit(main())
             ^^^^^^
  File "/home/karan/speedrun/venv/lib/python3.12/site-packages/torch/distributed/elastic/multiprocessing/errors/__init__.py", line 362, in wrapper
    return f(*args, **kwargs)
           ^^^^^^^^^^^^^^^^^^
  File "/home/karan/speedrun/venv/lib/python3.12/site-packages/torch/distributed/run.py", line 991, in main
    run(args)
  File "/home/karan/speedrun/venv/lib/python3.12/site-packages/torch/distributed/run.py", line 982, in run
    elastic_launch(
  File "/home/karan/speedrun/venv/lib/python3.12/site-packages/torch/distributed/launcher/api.py", line 170, in __call__
    return launch_agent(self._config, self._entrypoint, list(args))
           ^^^^^^^^^^^^^^^^^^^^^^^^^^^^^^^^^^^^^^^^^^^^^^^^^^^^^^^^
  File "/home/karan/speedrun/venv/lib/python3.12/site-packages/torch/distributed/launcher/api.py", line 308, in launch_agent
    result = agent.run()
             ^^^^^^^^^^^
  File "/home/karan/speedrun/venv/lib/python3.12/site-packages/torch/distributed/elastic/metrics/api.py", line 134, in wrapper
    result = f(*args, **kwargs)
             ^^^^^^^^^^^^^^^^^^
  File "/home/karan/speedrun/venv/lib/python3.12/site-packages/torch/distributed/elastic/agent/server/api.py", line 731, in run
    result = self._invoke_run(role)
             ^^^^^^^^^^^^^^^^^^^^^^
  File "/home/karan/speedrun/venv/lib/python3.12/site-packages/torch/distributed/elastic/agent/server/api.py", line 908, in _invoke_run
    time.sleep(monitor_interval)
  File "/home/karan/speedrun/venv/lib/python3.12/site-packages/torch/distributed/elastic/multiprocessing/api.py", line 86, in _terminate_process_handler
    raise SignalException(f"Process {os.getpid()} got signal: {sigval}", sigval=sigval)
torch.distributed.elastic.multiprocessing.api.SignalException: Process 66845 got signal: 15
INFRASTRUCTURE_FAILURE 07-candidate exit=1
