BEGIN 07-candidate scheduled_steps=1273
W0727 22:21:43.805000 71727 torch/distributed/run.py:852] 
W0727 22:21:43.805000 71727 torch/distributed/run.py:852] *****************************************
W0727 22:21:43.805000 71727 torch/distributed/run.py:852] Setting OMP_NUM_THREADS environment variable for each process to be 1 in default, to avoid your system being overloaded, please further tune the variable for optimal performance in your application as needed. 
W0727 22:21:43.805000 71727 torch/distributed/run.py:852] *****************************************
[Gloo] Rank 0 is connected to 7 peer ranks. Expected number of connected peer ranks is : 7
[Gloo] Rank 3 is connected to 7 peer ranks. Expected number of connected peer ranks is : 7
[Gloo] Rank 1 is connected to 7 peer ranks. Expected number of connected peer ranks is : 7
[Gloo] Rank 2 is connected to 7 peer ranks. Expected number of connected peer ranks is : 7
[Gloo] Rank 4 is connected to 7 peer ranks. Expected number of connected peer ranks is : 7
[Gloo] Rank 5 is connected to 7 peer ranks. Expected number of connected peer ranks is : 7
[Gloo] Rank 7 is connected to 7 peer ranks. Expected number of connected peer ranks is : 7
[Gloo] Rank 6 is connected to 7 peer ranks. Expected number of connected peer ranks is : 7
Warning: You are sending unauthenticated requests to the HF Hub. Please set a HF_TOKEN to enable higher rate limits and faster downloads.
Warning: You are sending unauthenticated requests to the HF Hub. Please set a HF_TOKEN to enable higher rate limits and faster downloads.
Warning: You are sending unauthenticated requests to the HF Hub. Please set a HF_TOKEN to enable higher rate limits and faster downloads.
Warning: You are sending unauthenticated requests to the HF Hub. Please set a HF_TOKEN to enable higher rate limits and faster downloads.
Warning: You are sending unauthenticated requests to the HF Hub. Please set a HF_TOKEN to enable higher rate limits and faster downloads.
Fetching 8 files:   0%|          | 0/8 [00:00<?, ?it/s]Fetching 8 files: 100%|██████████| 8/8 [00:00<00:00, 2349.75it/s]
Fetching 8 files:   0%|          | 0/8 [00:00<?, ?it/s]Fetching 8 files: 100%|██████████| 8/8 [00:00<00:00, 2451.73it/s]
Fetching 8 files:   0%|          | 0/8 [00:00<?, ?it/s]Fetching 8 files: 100%|██████████| 8/8 [00:00<00:00, 2811.20it/s]
Fetching 8 files:   0%|          | 0/8 [00:00<?, ?it/s]Fetching 8 files:   0%|          | 0/8 [00:00<?, ?it/s]Fetching 8 files: 100%|██████████| 8/8 [00:00<00:00, 2365.15it/s]
Fetching 8 files: 100%|██████████| 8/8 [00:00<00:00, 2576.95it/s]
Fetching 8 files:   0%|          | 0/8 [00:00<?, ?it/s]Fetching 8 files: 100%|██████████| 8/8 [00:00<00:00, 2609.62it/s]
Fetching 8 files:   0%|          | 0/8 [00:00<?, ?it/s]Fetching 8 files: 100%|██████████| 8/8 [00:00<00:00, 2641.46it/s]
Fetching 8 files:   0%|          | 0/8 [00:00<?, ?it/s]Fetching 8 files: 100%|██████████| 8/8 [00:00<00:00, 2309.96it/s]
logs/bce6ce38-3c54-45fb-a7c6-af6d0930a175.txt
Compiling model and warming up kernels (~7 minutes on first execution)
Sampling steps [0, 1, 422, 423, 424, 425, 847, 848, 849, 850, 1271, 1272, 1273, 1274, 1287] for warmup
Resetting Model
Terminal-blended sharded TailEMA scope=readout start=848 every=1 decay=0.9933 blend=0.65
step:0/1288 val_loss:10.8275 train_time:0ms step_avg:0.03ms
step:1/1288 train_time:75ms step_avg:74.80ms
step:2/1288 train_time:100ms step_avg:50.12ms
step:3/1288 train_time:120ms step_avg:40.02ms
step:4/1288 train_time:150ms step_avg:37.50ms
step:5/1288 train_time:178ms step_avg:35.51ms
step:6/1288 train_time:215ms step_avg:35.81ms
step:7/1288 train_time:242ms step_avg:34.53ms
step:8/1288 train_time:279ms step_avg:34.92ms
step:9/1288 train_time:307ms step_avg:34.06ms
step:10/1288 train_time:344ms step_avg:34.42ms
step:11/1288 train_time:372ms step_avg:33.79ms
step:12/1288 train_time:409ms step_avg:34.10ms
step:13/1288 train_time:436ms step_avg:33.54ms
step:14/1288 train_time:474ms step_avg:33.85ms
step:15/1288 train_time:501ms step_avg:33.40ms
step:16/1288 train_time:538ms step_avg:33.64ms
step:17/1288 train_time:566ms step_avg:33.30ms
step:18/1288 train_time:603ms step_avg:33.49ms
step:19/1288 train_time:631ms step_avg:33.22ms
step:20/1288 train_time:668ms step_avg:33.41ms
step:21/1288 train_time:696ms step_avg:33.14ms
step:22/1288 train_time:733ms step_avg:33.31ms
step:23/1288 train_time:761ms step_avg:33.08ms
step:24/1288 train_time:798ms step_avg:33.24ms
step:25/1288 train_time:826ms step_avg:33.04ms
step:26/1288 train_time:863ms step_avg:33.19ms
step:27/1288 train_time:891ms step_avg:33.00ms
step:28/1288 train_time:928ms step_avg:33.14ms
step:29/1288 train_time:955ms step_avg:32.95ms
step:30/1288 train_time:993ms step_avg:33.10ms
step:31/1288 train_time:1021ms step_avg:32.94ms
step:32/1288 train_time:1058ms step_avg:33.07ms
step:33/1288 train_time:1087ms step_avg:32.93ms
step:34/1288 train_time:1124ms step_avg:33.06ms
step:35/1288 train_time:1152ms step_avg:32.92ms
step:36/1288 train_time:1190ms step_avg:33.05ms
step:37/1288 train_time:1217ms step_avg:32.90ms
step:38/1288 train_time:1255ms step_avg:33.02ms
step:39/1288 train_time:1283ms step_avg:32.90ms
step:40/1288 train_time:1320ms step_avg:33.01ms
step:41/1288 train_time:1348ms step_avg:32.88ms
step:42/1288 train_time:1385ms step_avg:32.98ms
step:43/1288 train_time:1412ms step_avg:32.85ms
step:44/1288 train_time:1450ms step_avg:32.95ms
step:45/1288 train_time:1478ms step_avg:32.84ms
step:46/1288 train_time:1515ms step_avg:32.93ms
step:47/1288 train_time:1543ms step_avg:32.83ms
step:48/1288 train_time:1581ms step_avg:32.93ms
step:49/1288 train_time:1608ms step_avg:32.82ms
step:50/1288 train_time:1645ms step_avg:32.90ms
step:51/1288 train_time:1673ms step_avg:32.80ms
step:52/1288 train_time:1710ms step_avg:32.89ms
step:53/1288 train_time:1738ms step_avg:32.79ms
step:54/1288 train_time:1775ms step_avg:32.87ms
step:55/1288 train_time:1803ms step_avg:32.79ms
step:56/1288 train_time:1840ms step_avg:32.86ms
step:57/1288 train_time:1868ms step_avg:32.77ms
step:58/1288 train_time:1905ms step_avg:32.84ms
step:59/1288 train_time:1933ms step_avg:32.76ms
step:60/1288 train_time:1970ms step_avg:32.83ms
step:61/1288 train_time:1998ms step_avg:32.75ms
step:62/1288 train_time:2035ms step_avg:32.83ms
step:63/1288 train_time:2063ms step_avg:32.75ms
step:64/1288 train_time:2100ms step_avg:32.82ms
step:65/1288 train_time:2128ms step_avg:32.74ms
step:66/1288 train_time:2165ms step_avg:32.81ms
step:67/1288 train_time:2193ms step_avg:32.74ms
step:68/1288 train_time:2231ms step_avg:32.80ms
step:69/1288 train_time:2259ms step_avg:32.73ms
step:70/1288 train_time:2296ms step_avg:32.79ms
step:71/1288 train_time:2323ms step_avg:32.72ms
step:72/1288 train_time:2361ms step_avg:32.79ms
step:73/1288 train_time:2389ms step_avg:32.72ms
step:74/1288 train_time:2425ms step_avg:32.77ms
step:75/1288 train_time:2453ms step_avg:32.71ms
step:76/1288 train_time:2491ms step_avg:32.77ms
step:77/1288 train_time:2518ms step_avg:32.70ms
step:78/1288 train_time:2555ms step_avg:32.76ms
step:79/1288 train_time:2583ms step_avg:32.70ms
step:80/1288 train_time:2620ms step_avg:32.75ms
step:81/1288 train_time:2648ms step_avg:32.69ms
step:82/1288 train_time:2685ms step_avg:32.75ms
step:83/1288 train_time:2713ms step_avg:32.68ms
step:84/1288 train_time:2750ms step_avg:32.74ms
step:85/1288 train_time:2778ms step_avg:32.68ms
step:86/1288 train_time:2815ms step_avg:32.73ms
step:87/1288 train_time:2843ms step_avg:32.68ms
step:88/1288 train_time:2881ms step_avg:32.73ms
step:89/1288 train_time:2908ms step_avg:32.67ms
step:90/1288 train_time:2945ms step_avg:32.73ms
step:91/1288 train_time:2973ms step_avg:32.67ms
step:92/1288 train_time:3011ms step_avg:32.72ms
step:93/1288 train_time:3038ms step_avg:32.67ms
step:94/1288 train_time:3075ms step_avg:32.72ms
step:95/1288 train_time:3103ms step_avg:32.67ms
step:96/1288 train_time:3141ms step_avg:32.71ms
step:97/1288 train_time:3168ms step_avg:32.66ms
step:98/1288 train_time:3205ms step_avg:32.71ms
step:99/1288 train_time:3233ms step_avg:32.66ms
step:100/1288 train_time:3270ms step_avg:32.70ms
step:101/1288 train_time:3298ms step_avg:32.65ms
step:102/1288 train_time:3335ms step_avg:32.70ms
step:103/1288 train_time:3363ms step_avg:32.65ms
step:104/1288 train_time:3400ms step_avg:32.70ms
step:105/1288 train_time:3429ms step_avg:32.65ms
step:106/1288 train_time:3466ms step_avg:32.70ms
step:107/1288 train_time:3494ms step_avg:32.65ms
step:108/1288 train_time:3532ms step_avg:32.70ms
step:109/1288 train_time:3559ms step_avg:32.65ms
step:110/1288 train_time:3596ms step_avg:32.69ms
step:111/1288 train_time:3624ms step_avg:32.65ms
step:112/1288 train_time:3661ms step_avg:32.69ms
step:113/1288 train_time:3690ms step_avg:32.65ms
step:114/1288 train_time:3727ms step_avg:32.69ms
step:115/1288 train_time:3755ms step_avg:32.65ms
step:116/1288 train_time:3792ms step_avg:32.69ms
step:117/1288 train_time:3820ms step_avg:32.65ms
step:118/1288 train_time:3857ms step_avg:32.68ms
step:119/1288 train_time:3885ms step_avg:32.65ms
step:120/1288 train_time:3922ms step_avg:32.68ms
step:121/1288 train_time:3950ms step_avg:32.64ms
step:122/1288 train_time:3987ms step_avg:32.68ms
step:123/1288 train_time:4015ms step_avg:32.64ms
step:124/1288 train_time:4051ms step_avg:32.67ms
step:125/1288 train_time:4079ms step_avg:32.63ms
step:126/1288 train_time:4116ms step_avg:32.67ms
step:127/1288 train_time:4144ms step_avg:32.63ms
step:128/1288 train_time:4181ms step_avg:32.67ms
step:129/1288 train_time:4209ms step_avg:32.63ms
step:130/1288 train_time:4246ms step_avg:32.66ms
step:131/1288 train_time:4274ms step_avg:32.63ms
step:132/1288 train_time:4311ms step_avg:32.66ms
step:133/1288 train_time:4339ms step_avg:32.62ms
step:134/1288 train_time:4376ms step_avg:32.66ms
step:135/1288 train_time:4404ms step_avg:32.62ms
step:136/1288 train_time:4441ms step_avg:32.65ms
step:137/1288 train_time:4469ms step_avg:32.62ms
step:138/1288 train_time:4506ms step_avg:32.65ms
step:139/1288 train_time:4534ms step_avg:32.62ms
step:140/1288 train_time:4571ms step_avg:32.65ms
step:141/1288 train_time:4599ms step_avg:32.62ms
step:142/1288 train_time:4636ms step_avg:32.65ms
step:143/1288 train_time:4664ms step_avg:32.61ms
step:144/1288 train_time:4701ms step_avg:32.64ms
step:145/1288 train_time:4729ms step_avg:32.61ms
step:146/1288 train_time:4766ms step_avg:32.64ms
step:147/1288 train_time:4794ms step_avg:32.61ms
step:148/1288 train_time:4831ms step_avg:32.64ms
step:149/1288 train_time:4859ms step_avg:32.61ms
step:150/1288 train_time:4896ms step_avg:32.64ms
step:151/1288 train_time:4924ms step_avg:32.61ms
step:152/1288 train_time:4961ms step_avg:32.64ms
step:153/1288 train_time:4990ms step_avg:32.61ms
step:154/1288 train_time:5026ms step_avg:32.64ms
step:155/1288 train_time:5054ms step_avg:32.61ms
step:156/1288 train_time:5091ms step_avg:32.64ms
step:157/1288 train_time:5119ms step_avg:32.61ms
step:158/1288 train_time:5156ms step_avg:32.64ms
step:159/1288 train_time:5184ms step_avg:32.61ms
step:160/1288 train_time:5221ms step_avg:32.63ms
step:161/1288 train_time:5249ms step_avg:32.60ms
step:162/1288 train_time:5286ms step_avg:32.63ms
step:163/1288 train_time:5314ms step_avg:32.60ms
step:164/1288 train_time:5351ms step_avg:32.63ms
step:165/1288 train_time:5379ms step_avg:32.60ms
step:166/1288 train_time:5416ms step_avg:32.63ms
step:167/1288 train_time:5444ms step_avg:32.60ms
step:168/1288 train_time:5481ms step_avg:32.62ms
step:169/1288 train_time:5509ms step_avg:32.60ms
step:170/1288 train_time:5546ms step_avg:32.62ms
step:171/1288 train_time:5573ms step_avg:32.59ms
step:172/1288 train_time:5611ms step_avg:32.62ms
step:173/1288 train_time:5638ms step_avg:32.59ms
step:174/1288 train_time:5675ms step_avg:32.62ms
step:175/1288 train_time:5703ms step_avg:32.59ms
step:176/1288 train_time:5741ms step_avg:32.62ms
step:177/1288 train_time:5769ms step_avg:32.59ms
step:178/1288 train_time:5806ms step_avg:32.62ms
step:179/1288 train_time:5833ms step_avg:32.59ms
step:180/1288 train_time:5871ms step_avg:32.61ms
step:181/1288 train_time:5898ms step_avg:32.59ms
step:182/1288 train_time:5935ms step_avg:32.61ms
step:183/1288 train_time:5963ms step_avg:32.59ms
step:184/1288 train_time:6001ms step_avg:32.61ms
step:185/1288 train_time:6028ms step_avg:32.58ms
step:186/1288 train_time:6065ms step_avg:32.61ms
step:187/1288 train_time:6093ms step_avg:32.58ms
step:188/1288 train_time:6130ms step_avg:32.61ms
step:189/1288 train_time:6157ms step_avg:32.58ms
step:190/1288 train_time:6195ms step_avg:32.60ms
step:191/1288 train_time:6223ms step_avg:32.58ms
step:192/1288 train_time:6260ms step_avg:32.60ms
step:193/1288 train_time:6287ms step_avg:32.58ms
step:194/1288 train_time:6324ms step_avg:32.60ms
step:195/1288 train_time:6352ms step_avg:32.57ms
step:196/1288 train_time:6389ms step_avg:32.60ms
step:197/1288 train_time:6417ms step_avg:32.57ms
step:198/1288 train_time:6454ms step_avg:32.60ms
step:199/1288 train_time:6482ms step_avg:32.57ms
step:200/1288 train_time:6519ms step_avg:32.59ms
step:201/1288 train_time:6547ms step_avg:32.57ms
step:202/1288 train_time:6584ms step_avg:32.59ms
step:203/1288 train_time:6611ms step_avg:32.57ms
step:204/1288 train_time:6649ms step_avg:32.59ms
step:205/1288 train_time:6676ms step_avg:32.57ms
step:206/1288 train_time:6713ms step_avg:32.59ms
step:207/1288 train_time:6741ms step_avg:32.57ms
step:208/1288 train_time:6778ms step_avg:32.59ms
step:209/1288 train_time:6806ms step_avg:32.57ms
step:210/1288 train_time:6843ms step_avg:32.59ms
step:211/1288 train_time:6871ms step_avg:32.56ms
step:212/1288 train_time:6908ms step_avg:32.58ms
step:213/1288 train_time:6935ms step_avg:32.56ms
step:214/1288 train_time:6972ms step_avg:32.58ms
step:215/1288 train_time:7000ms step_avg:32.56ms
step:216/1288 train_time:7038ms step_avg:32.58ms
step:217/1288 train_time:7065ms step_avg:32.56ms
step:218/1288 train_time:7102ms step_avg:32.58ms
step:219/1288 train_time:7130ms step_avg:32.56ms
step:220/1288 train_time:7167ms step_avg:32.58ms
step:221/1288 train_time:7195ms step_avg:32.56ms
step:222/1288 train_time:7232ms step_avg:32.58ms
step:223/1288 train_time:7260ms step_avg:32.55ms
step:224/1288 train_time:7297ms step_avg:32.58ms
step:225/1288 train_time:7325ms step_avg:32.56ms
step:226/1288 train_time:7362ms step_avg:32.58ms
step:227/1288 train_time:7390ms step_avg:32.56ms
step:228/1288 train_time:7427ms step_avg:32.58ms
step:229/1288 train_time:7455ms step_avg:32.55ms
step:230/1288 train_time:7492ms step_avg:32.57ms
step:231/1288 train_time:7520ms step_avg:32.55ms
step:232/1288 train_time:7557ms step_avg:32.57ms
step:233/1288 train_time:7585ms step_avg:32.55ms
step:234/1288 train_time:7622ms step_avg:32.57ms
step:235/1288 train_time:7650ms step_avg:32.55ms
step:236/1288 train_time:7687ms step_avg:32.57ms
step:237/1288 train_time:7715ms step_avg:32.55ms
step:238/1288 train_time:7752ms step_avg:32.57ms
step:239/1288 train_time:7779ms step_avg:32.55ms
step:240/1288 train_time:7816ms step_avg:32.57ms
step:241/1288 train_time:7844ms step_avg:32.55ms
step:242/1288 train_time:7881ms step_avg:32.57ms
step:243/1288 train_time:7910ms step_avg:32.55ms
step:244/1288 train_time:7946ms step_avg:32.57ms
step:245/1288 train_time:7974ms step_avg:32.55ms
step:246/1288 train_time:8011ms step_avg:32.57ms
step:247/1288 train_time:8039ms step_avg:32.54ms
step:248/1288 train_time:8075ms step_avg:32.56ms
step:249/1288 train_time:8103ms step_avg:32.54ms
step:250/1288 train_time:8140ms step_avg:32.56ms
step:250/1288 val_loss:4.4307 train_time:8177ms step_avg:32.71ms
step:251/1288 train_time:8195ms step_avg:32.65ms
step:252/1288 train_time:8216ms step_avg:32.60ms
step:253/1288 train_time:8238ms step_avg:32.56ms
step:254/1288 train_time:8276ms step_avg:32.58ms
step:255/1288 train_time:8305ms step_avg:32.57ms
step:256/1288 train_time:8343ms step_avg:32.59ms
step:257/1288 train_time:8371ms step_avg:32.57ms
step:258/1288 train_time:8408ms step_avg:32.59ms
step:259/1288 train_time:8437ms step_avg:32.57ms
step:260/1288 train_time:8474ms step_avg:32.59ms
step:261/1288 train_time:8501ms step_avg:32.57ms
step:262/1288 train_time:8538ms step_avg:32.59ms
step:263/1288 train_time:8566ms step_avg:32.57ms
step:264/1288 train_time:8603ms step_avg:32.59ms
step:265/1288 train_time:8631ms step_avg:32.57ms
step:266/1288 train_time:8668ms step_avg:32.59ms
step:267/1288 train_time:8695ms step_avg:32.57ms
step:268/1288 train_time:8732ms step_avg:32.58ms
step:269/1288 train_time:8760ms step_avg:32.56ms
step:270/1288 train_time:8797ms step_avg:32.58ms
step:271/1288 train_time:8824ms step_avg:32.56ms
step:272/1288 train_time:8862ms step_avg:32.58ms
step:273/1288 train_time:8889ms step_avg:32.56ms
step:274/1288 train_time:8926ms step_avg:32.58ms
step:275/1288 train_time:8954ms step_avg:32.56ms
step:276/1288 train_time:8991ms step_avg:32.58ms
step:277/1288 train_time:9019ms step_avg:32.56ms
step:278/1288 train_time:9055ms step_avg:32.57ms
step:279/1288 train_time:9083ms step_avg:32.56ms
step:280/1288 train_time:9120ms step_avg:32.57ms
step:281/1288 train_time:9148ms step_avg:32.56ms
step:282/1288 train_time:9185ms step_avg:32.57ms
step:283/1288 train_time:9213ms step_avg:32.56ms
step:284/1288 train_time:9250ms step_avg:32.57ms
step:285/1288 train_time:9278ms step_avg:32.55ms
step:286/1288 train_time:9315ms step_avg:32.57ms
step:287/1288 train_time:9343ms step_avg:32.56ms
step:288/1288 train_time:9381ms step_avg:32.57ms
step:289/1288 train_time:9409ms step_avg:32.56ms
step:290/1288 train_time:9446ms step_avg:32.57ms
step:291/1288 train_time:9474ms step_avg:32.56ms
step:292/1288 train_time:9511ms step_avg:32.57ms
step:293/1288 train_time:9538ms step_avg:32.55ms
step:294/1288 train_time:9576ms step_avg:32.57ms
step:295/1288 train_time:9603ms step_avg:32.55ms
step:296/1288 train_time:9641ms step_avg:32.57ms
step:297/1288 train_time:9668ms step_avg:32.55ms
step:298/1288 train_time:9705ms step_avg:32.57ms
step:299/1288 train_time:9733ms step_avg:32.55ms
step:300/1288 train_time:9770ms step_avg:32.57ms
step:301/1288 train_time:9798ms step_avg:32.55ms
step:302/1288 train_time:9835ms step_avg:32.56ms
step:303/1288 train_time:9862ms step_avg:32.55ms
step:304/1288 train_time:9899ms step_avg:32.56ms
step:305/1288 train_time:9927ms step_avg:32.55ms
step:306/1288 train_time:9964ms step_avg:32.56ms
step:307/1288 train_time:9992ms step_avg:32.55ms
step:308/1288 train_time:10029ms step_avg:32.56ms
step:309/1288 train_time:10057ms step_avg:32.55ms
step:310/1288 train_time:10094ms step_avg:32.56ms
step:311/1288 train_time:10121ms step_avg:32.54ms
step:312/1288 train_time:10158ms step_avg:32.56ms
step:313/1288 train_time:10186ms step_avg:32.54ms
step:314/1288 train_time:10223ms step_avg:32.56ms
step:315/1288 train_time:10251ms step_avg:32.54ms
step:316/1288 train_time:10288ms step_avg:32.56ms
step:317/1288 train_time:10316ms step_avg:32.54ms
step:318/1288 train_time:10354ms step_avg:32.56ms
step:319/1288 train_time:10381ms step_avg:32.54ms
step:320/1288 train_time:10418ms step_avg:32.56ms
step:321/1288 train_time:10447ms step_avg:32.54ms
step:322/1288 train_time:10483ms step_avg:32.56ms
step:323/1288 train_time:10512ms step_avg:32.54ms
step:324/1288 train_time:10549ms step_avg:32.56ms
step:325/1288 train_time:10576ms step_avg:32.54ms
step:326/1288 train_time:10614ms step_avg:32.56ms
step:327/1288 train_time:10642ms step_avg:32.54ms
step:328/1288 train_time:10678ms step_avg:32.56ms
step:329/1288 train_time:10706ms step_avg:32.54ms
step:330/1288 train_time:10743ms step_avg:32.56ms
step:331/1288 train_time:10771ms step_avg:32.54ms
step:332/1288 train_time:10808ms step_avg:32.55ms
step:333/1288 train_time:10835ms step_avg:32.54ms
step:334/1288 train_time:10872ms step_avg:32.55ms
step:335/1288 train_time:10900ms step_avg:32.54ms
step:336/1288 train_time:10937ms step_avg:32.55ms
step:337/1288 train_time:10965ms step_avg:32.54ms
step:338/1288 train_time:11001ms step_avg:32.55ms
step:339/1288 train_time:11029ms step_avg:32.53ms
step:340/1288 train_time:11066ms step_avg:32.55ms
step:341/1288 train_time:11094ms step_avg:32.53ms
step:342/1288 train_time:11131ms step_avg:32.55ms
step:343/1288 train_time:11159ms step_avg:32.53ms
step:344/1288 train_time:11195ms step_avg:32.54ms
step:345/1288 train_time:11223ms step_avg:32.53ms
step:346/1288 train_time:11260ms step_avg:32.54ms
step:347/1288 train_time:11288ms step_avg:32.53ms
step:348/1288 train_time:11325ms step_avg:32.54ms
step:349/1288 train_time:11353ms step_avg:32.53ms
step:350/1288 train_time:11390ms step_avg:32.54ms
step:351/1288 train_time:11417ms step_avg:32.53ms
step:352/1288 train_time:11455ms step_avg:32.54ms
step:353/1288 train_time:11482ms step_avg:32.53ms
step:354/1288 train_time:11519ms step_avg:32.54ms
step:355/1288 train_time:11547ms step_avg:32.53ms
step:356/1288 train_time:11584ms step_avg:32.54ms
step:357/1288 train_time:11612ms step_avg:32.53ms
step:358/1288 train_time:11649ms step_avg:32.54ms
step:359/1288 train_time:11677ms step_avg:32.53ms
step:360/1288 train_time:11714ms step_avg:32.54ms
step:361/1288 train_time:11742ms step_avg:32.53ms
step:362/1288 train_time:11779ms step_avg:32.54ms
step:363/1288 train_time:11807ms step_avg:32.53ms
step:364/1288 train_time:11843ms step_avg:32.54ms
step:365/1288 train_time:11871ms step_avg:32.52ms
step:366/1288 train_time:11908ms step_avg:32.54ms
step:367/1288 train_time:11936ms step_avg:32.52ms
step:368/1288 train_time:11973ms step_avg:32.54ms
step:369/1288 train_time:12000ms step_avg:32.52ms
step:370/1288 train_time:12037ms step_avg:32.53ms
step:371/1288 train_time:12066ms step_avg:32.52ms
step:372/1288 train_time:12102ms step_avg:32.53ms
step:373/1288 train_time:12130ms step_avg:32.52ms
step:374/1288 train_time:12167ms step_avg:32.53ms
step:375/1288 train_time:12195ms step_avg:32.52ms
step:376/1288 train_time:12231ms step_avg:32.53ms
step:377/1288 train_time:12259ms step_avg:32.52ms
step:378/1288 train_time:12296ms step_avg:32.53ms
step:379/1288 train_time:12324ms step_avg:32.52ms
step:380/1288 train_time:12361ms step_avg:32.53ms
step:381/1288 train_time:12388ms step_avg:32.52ms
step:382/1288 train_time:12425ms step_avg:32.53ms
step:383/1288 train_time:12453ms step_avg:32.52ms
step:384/1288 train_time:12491ms step_avg:32.53ms
step:385/1288 train_time:12518ms step_avg:32.51ms
step:386/1288 train_time:12556ms step_avg:32.53ms
step:387/1288 train_time:12584ms step_avg:32.52ms
step:388/1288 train_time:12620ms step_avg:32.53ms
step:389/1288 train_time:12648ms step_avg:32.51ms
step:390/1288 train_time:12685ms step_avg:32.53ms
step:391/1288 train_time:12713ms step_avg:32.51ms
step:392/1288 train_time:12751ms step_avg:32.53ms
step:393/1288 train_time:12778ms step_avg:32.51ms
step:394/1288 train_time:12815ms step_avg:32.53ms
step:395/1288 train_time:12843ms step_avg:32.51ms
step:396/1288 train_time:12880ms step_avg:32.53ms
step:397/1288 train_time:12908ms step_avg:32.51ms
step:398/1288 train_time:12945ms step_avg:32.53ms
step:399/1288 train_time:12973ms step_avg:32.51ms
step:400/1288 train_time:13010ms step_avg:32.52ms
step:401/1288 train_time:13037ms step_avg:32.51ms
step:402/1288 train_time:13075ms step_avg:32.52ms
step:403/1288 train_time:13103ms step_avg:32.51ms
step:404/1288 train_time:13139ms step_avg:32.52ms
step:405/1288 train_time:13167ms step_avg:32.51ms
step:406/1288 train_time:13204ms step_avg:32.52ms
step:407/1288 train_time:13232ms step_avg:32.51ms
step:408/1288 train_time:13269ms step_avg:32.52ms
step:409/1288 train_time:13297ms step_avg:32.51ms
step:410/1288 train_time:13334ms step_avg:32.52ms
step:411/1288 train_time:13362ms step_avg:32.51ms
step:412/1288 train_time:13399ms step_avg:32.52ms
step:413/1288 train_time:13426ms step_avg:32.51ms
step:414/1288 train_time:13463ms step_avg:32.52ms
step:415/1288 train_time:13491ms step_avg:32.51ms
step:416/1288 train_time:13528ms step_avg:32.52ms
step:417/1288 train_time:13556ms step_avg:32.51ms
step:418/1288 train_time:13593ms step_avg:32.52ms
step:419/1288 train_time:13620ms step_avg:32.51ms
step:420/1288 train_time:13657ms step_avg:32.52ms
step:421/1288 train_time:13685ms step_avg:32.51ms
step:422/1288 train_time:13722ms step_avg:32.52ms
step:423/1288 train_time:13750ms step_avg:32.51ms
step:424/1288 train_time:13787ms step_avg:32.52ms
step:425/1288 train_time:13817ms step_avg:32.51ms
step:426/1288 train_time:13881ms step_avg:32.58ms
step:427/1288 train_time:13934ms step_avg:32.63ms
step:428/1288 train_time:13997ms step_avg:32.70ms
step:429/1288 train_time:14052ms step_avg:32.76ms
step:430/1288 train_time:14114ms step_avg:32.82ms
step:431/1288 train_time:14167ms step_avg:32.87ms
step:432/1288 train_time:14229ms step_avg:32.94ms
step:433/1288 train_time:14282ms step_avg:32.98ms
step:434/1288 train_time:14344ms step_avg:33.05ms
step:435/1288 train_time:14399ms step_avg:33.10ms
step:436/1288 train_time:14461ms step_avg:33.17ms
step:437/1288 train_time:14515ms step_avg:33.22ms
step:438/1288 train_time:14578ms step_avg:33.28ms
step:439/1288 train_time:14634ms step_avg:33.33ms
step:440/1288 train_time:14697ms step_avg:33.40ms
step:441/1288 train_time:14751ms step_avg:33.45ms
step:442/1288 train_time:14813ms step_avg:33.51ms
step:443/1288 train_time:14866ms step_avg:33.56ms
step:444/1288 train_time:14927ms step_avg:33.62ms
step:445/1288 train_time:14982ms step_avg:33.67ms
step:446/1288 train_time:15043ms step_avg:33.73ms
step:447/1288 train_time:15098ms step_avg:33.78ms
step:448/1288 train_time:15160ms step_avg:33.84ms
step:449/1288 train_time:15215ms step_avg:33.89ms
step:450/1288 train_time:15277ms step_avg:33.95ms
step:451/1288 train_time:15332ms step_avg:34.00ms
step:452/1288 train_time:15394ms step_avg:34.06ms
step:453/1288 train_time:15447ms step_avg:34.10ms
step:454/1288 train_time:15510ms step_avg:34.16ms
step:455/1288 train_time:15563ms step_avg:34.20ms
step:456/1288 train_time:15625ms step_avg:34.27ms
step:457/1288 train_time:15680ms step_avg:34.31ms
step:458/1288 train_time:15743ms step_avg:34.37ms
step:459/1288 train_time:15797ms step_avg:34.42ms
step:460/1288 train_time:15859ms step_avg:34.48ms
step:461/1288 train_time:15914ms step_avg:34.52ms
step:462/1288 train_time:15975ms step_avg:34.58ms
step:463/1288 train_time:16029ms step_avg:34.62ms
step:464/1288 train_time:16090ms step_avg:34.68ms
step:465/1288 train_time:16145ms step_avg:34.72ms
step:466/1288 train_time:16208ms step_avg:34.78ms
step:467/1288 train_time:16261ms step_avg:34.82ms
step:468/1288 train_time:16324ms step_avg:34.88ms
step:469/1288 train_time:16378ms step_avg:34.92ms
step:470/1288 train_time:16441ms step_avg:34.98ms
step:471/1288 train_time:16495ms step_avg:35.02ms
step:472/1288 train_time:16558ms step_avg:35.08ms
step:473/1288 train_time:16611ms step_avg:35.12ms
step:474/1288 train_time:16673ms step_avg:35.18ms
step:475/1288 train_time:16726ms step_avg:35.21ms
step:476/1288 train_time:16789ms step_avg:35.27ms
step:477/1288 train_time:16844ms step_avg:35.31ms
step:478/1288 train_time:16906ms step_avg:35.37ms
step:479/1288 train_time:16959ms step_avg:35.41ms
step:480/1288 train_time:17022ms step_avg:35.46ms
step:481/1288 train_time:17076ms step_avg:35.50ms
step:482/1288 train_time:17138ms step_avg:35.56ms
step:483/1288 train_time:17192ms step_avg:35.59ms
step:484/1288 train_time:17254ms step_avg:35.65ms
step:485/1288 train_time:17307ms step_avg:35.69ms
step:486/1288 train_time:17369ms step_avg:35.74ms
step:487/1288 train_time:17423ms step_avg:35.78ms
step:488/1288 train_time:17486ms step_avg:35.83ms
step:489/1288 train_time:17539ms step_avg:35.87ms
step:490/1288 train_time:17602ms step_avg:35.92ms
step:491/1288 train_time:17657ms step_avg:35.96ms
step:492/1288 train_time:17719ms step_avg:36.01ms
step:493/1288 train_time:17774ms step_avg:36.05ms
step:494/1288 train_time:17835ms step_avg:36.10ms
step:495/1288 train_time:17889ms step_avg:36.14ms
step:496/1288 train_time:17951ms step_avg:36.19ms
step:497/1288 train_time:18006ms step_avg:36.23ms
step:498/1288 train_time:18068ms step_avg:36.28ms
step:499/1288 train_time:18122ms step_avg:36.32ms
step:500/1288 train_time:18183ms step_avg:36.37ms
step:500/1288 val_loss:4.0723 train_time:18248ms step_avg:36.50ms
step:501/1288 train_time:18267ms step_avg:36.46ms
step:502/1288 train_time:18303ms step_avg:36.46ms
step:503/1288 train_time:18361ms step_avg:36.50ms
step:504/1288 train_time:18426ms step_avg:36.56ms
step:505/1288 train_time:18480ms step_avg:36.59ms
step:506/1288 train_time:18543ms step_avg:36.65ms
step:507/1288 train_time:18596ms step_avg:36.68ms
step:508/1288 train_time:18658ms step_avg:36.73ms
step:509/1288 train_time:18711ms step_avg:36.76ms
step:510/1288 train_time:18773ms step_avg:36.81ms
step:511/1288 train_time:18826ms step_avg:36.84ms
step:512/1288 train_time:18888ms step_avg:36.89ms
step:513/1288 train_time:18942ms step_avg:36.92ms
step:514/1288 train_time:19003ms step_avg:36.97ms
step:515/1288 train_time:19057ms step_avg:37.00ms
step:516/1288 train_time:19119ms step_avg:37.05ms
step:517/1288 train_time:19172ms step_avg:37.08ms
step:518/1288 train_time:19235ms step_avg:37.13ms
step:519/1288 train_time:19290ms step_avg:37.17ms
step:520/1288 train_time:19354ms step_avg:37.22ms
step:521/1288 train_time:19410ms step_avg:37.25ms
step:522/1288 train_time:19473ms step_avg:37.30ms
step:523/1288 train_time:19526ms step_avg:37.34ms
step:524/1288 train_time:19588ms step_avg:37.38ms
step:525/1288 train_time:19643ms step_avg:37.41ms
step:526/1288 train_time:19705ms step_avg:37.46ms
step:527/1288 train_time:19758ms step_avg:37.49ms
step:528/1288 train_time:19820ms step_avg:37.54ms
step:529/1288 train_time:19873ms step_avg:37.57ms
step:530/1288 train_time:19935ms step_avg:37.61ms
step:531/1288 train_time:19988ms step_avg:37.64ms
step:532/1288 train_time:20051ms step_avg:37.69ms
step:533/1288 train_time:20106ms step_avg:37.72ms
step:534/1288 train_time:20167ms step_avg:37.77ms
step:535/1288 train_time:20221ms step_avg:37.80ms
step:536/1288 train_time:20283ms step_avg:37.84ms
step:537/1288 train_time:20339ms step_avg:37.87ms
step:538/1288 train_time:20400ms step_avg:37.92ms
step:539/1288 train_time:20455ms step_avg:37.95ms
step:540/1288 train_time:20518ms step_avg:38.00ms
step:541/1288 train_time:20572ms step_avg:38.03ms
step:542/1288 train_time:20635ms step_avg:38.07ms
step:543/1288 train_time:20690ms step_avg:38.10ms
step:544/1288 train_time:20752ms step_avg:38.15ms
step:545/1288 train_time:20806ms step_avg:38.18ms
step:546/1288 train_time:20867ms step_avg:38.22ms
step:547/1288 train_time:20921ms step_avg:38.25ms
step:548/1288 train_time:20982ms step_avg:38.29ms
step:549/1288 train_time:21036ms step_avg:38.32ms
step:550/1288 train_time:21098ms step_avg:38.36ms
step:551/1288 train_time:21152ms step_avg:38.39ms
step:552/1288 train_time:21214ms step_avg:38.43ms
step:553/1288 train_time:21268ms step_avg:38.46ms
step:554/1288 train_time:21331ms step_avg:38.50ms
step:555/1288 train_time:21386ms step_avg:38.53ms
step:556/1288 train_time:21448ms step_avg:38.58ms
step:557/1288 train_time:21502ms step_avg:38.60ms
step:558/1288 train_time:21564ms step_avg:38.64ms
step:559/1288 train_time:21618ms step_avg:38.67ms
step:560/1288 train_time:21680ms step_avg:38.71ms
step:561/1288 train_time:21733ms step_avg:38.74ms
step:562/1288 train_time:21796ms step_avg:38.78ms
step:563/1288 train_time:21850ms step_avg:38.81ms
step:564/1288 train_time:21913ms step_avg:38.85ms
step:565/1288 train_time:21967ms step_avg:38.88ms
step:566/1288 train_time:22029ms step_avg:38.92ms
step:567/1288 train_time:22083ms step_avg:38.95ms
step:568/1288 train_time:22145ms step_avg:38.99ms
step:569/1288 train_time:22199ms step_avg:39.01ms
step:570/1288 train_time:22261ms step_avg:39.05ms
step:571/1288 train_time:22315ms step_avg:39.08ms
step:572/1288 train_time:22377ms step_avg:39.12ms
step:573/1288 train_time:22431ms step_avg:39.15ms
step:574/1288 train_time:22493ms step_avg:39.19ms
step:575/1288 train_time:22548ms step_avg:39.21ms
step:576/1288 train_time:22611ms step_avg:39.25ms
step:577/1288 train_time:22665ms step_avg:39.28ms
step:578/1288 train_time:22727ms step_avg:39.32ms
step:579/1288 train_time:22780ms step_avg:39.34ms
step:580/1288 train_time:22842ms step_avg:39.38ms
step:581/1288 train_time:22896ms step_avg:39.41ms
step:582/1288 train_time:22958ms step_avg:39.45ms
step:583/1288 train_time:23013ms step_avg:39.47ms
step:584/1288 train_time:23074ms step_avg:39.51ms
step:585/1288 train_time:23129ms step_avg:39.54ms
step:586/1288 train_time:23191ms step_avg:39.58ms
step:587/1288 train_time:23246ms step_avg:39.60ms
step:588/1288 train_time:23309ms step_avg:39.64ms
step:589/1288 train_time:23363ms step_avg:39.66ms
step:590/1288 train_time:23424ms step_avg:39.70ms
step:591/1288 train_time:23478ms step_avg:39.73ms
step:592/1288 train_time:23539ms step_avg:39.76ms
step:593/1288 train_time:23594ms step_avg:39.79ms
step:594/1288 train_time:23656ms step_avg:39.82ms
step:595/1288 train_time:23710ms step_avg:39.85ms
step:596/1288 train_time:23773ms step_avg:39.89ms
step:597/1288 train_time:23827ms step_avg:39.91ms
step:598/1288 train_time:23888ms step_avg:39.95ms
step:599/1288 train_time:23942ms step_avg:39.97ms
step:600/1288 train_time:24004ms step_avg:40.01ms
step:601/1288 train_time:24058ms step_avg:40.03ms
step:602/1288 train_time:24120ms step_avg:40.07ms
step:603/1288 train_time:24174ms step_avg:40.09ms
step:604/1288 train_time:24238ms step_avg:40.13ms
step:605/1288 train_time:24292ms step_avg:40.15ms
step:606/1288 train_time:24354ms step_avg:40.19ms
step:607/1288 train_time:24410ms step_avg:40.21ms
step:608/1288 train_time:24471ms step_avg:40.25ms
step:609/1288 train_time:24525ms step_avg:40.27ms
step:610/1288 train_time:24587ms step_avg:40.31ms
step:611/1288 train_time:24641ms step_avg:40.33ms
step:612/1288 train_time:24702ms step_avg:40.36ms
step:613/1288 train_time:24756ms step_avg:40.38ms
step:614/1288 train_time:24819ms step_avg:40.42ms
step:615/1288 train_time:24872ms step_avg:40.44ms
step:616/1288 train_time:24936ms step_avg:40.48ms
step:617/1288 train_time:24989ms step_avg:40.50ms
step:618/1288 train_time:25052ms step_avg:40.54ms
step:619/1288 train_time:25106ms step_avg:40.56ms
step:620/1288 train_time:25168ms step_avg:40.59ms
step:621/1288 train_time:25222ms step_avg:40.61ms
step:622/1288 train_time:25283ms step_avg:40.65ms
step:623/1288 train_time:25338ms step_avg:40.67ms
step:624/1288 train_time:25399ms step_avg:40.70ms
step:625/1288 train_time:25453ms step_avg:40.72ms
step:626/1288 train_time:25517ms step_avg:40.76ms
step:627/1288 train_time:25571ms step_avg:40.78ms
step:628/1288 train_time:25633ms step_avg:40.82ms
step:629/1288 train_time:25687ms step_avg:40.84ms
step:630/1288 train_time:25748ms step_avg:40.87ms
step:631/1288 train_time:25802ms step_avg:40.89ms
step:632/1288 train_time:25864ms step_avg:40.92ms
step:633/1288 train_time:25917ms step_avg:40.94ms
step:634/1288 train_time:25979ms step_avg:40.98ms
step:635/1288 train_time:26033ms step_avg:41.00ms
step:636/1288 train_time:26095ms step_avg:41.03ms
step:637/1288 train_time:26150ms step_avg:41.05ms
step:638/1288 train_time:26212ms step_avg:41.08ms
step:639/1288 train_time:26267ms step_avg:41.11ms
step:640/1288 train_time:26328ms step_avg:41.14ms
step:641/1288 train_time:26382ms step_avg:41.16ms
step:642/1288 train_time:26443ms step_avg:41.19ms
step:643/1288 train_time:26499ms step_avg:41.21ms
step:644/1288 train_time:26560ms step_avg:41.24ms
step:645/1288 train_time:26615ms step_avg:41.26ms
step:646/1288 train_time:26677ms step_avg:41.30ms
step:647/1288 train_time:26730ms step_avg:41.31ms
step:648/1288 train_time:26793ms step_avg:41.35ms
step:649/1288 train_time:26846ms step_avg:41.37ms
step:650/1288 train_time:26909ms step_avg:41.40ms
step:651/1288 train_time:26962ms step_avg:41.42ms
step:652/1288 train_time:27024ms step_avg:41.45ms
step:653/1288 train_time:27078ms step_avg:41.47ms
step:654/1288 train_time:27140ms step_avg:41.50ms
step:655/1288 train_time:27193ms step_avg:41.52ms
step:656/1288 train_time:27256ms step_avg:41.55ms
step:657/1288 train_time:27310ms step_avg:41.57ms
step:658/1288 train_time:27373ms step_avg:41.60ms
step:659/1288 train_time:27426ms step_avg:41.62ms
step:660/1288 train_time:27490ms step_avg:41.65ms
step:661/1288 train_time:27544ms step_avg:41.67ms
step:662/1288 train_time:27606ms step_avg:41.70ms
step:663/1288 train_time:27660ms step_avg:41.72ms
step:664/1288 train_time:27722ms step_avg:41.75ms
step:665/1288 train_time:27776ms step_avg:41.77ms
step:666/1288 train_time:27839ms step_avg:41.80ms
step:667/1288 train_time:27892ms step_avg:41.82ms
step:668/1288 train_time:27955ms step_avg:41.85ms
step:669/1288 train_time:28009ms step_avg:41.87ms
step:670/1288 train_time:28071ms step_avg:41.90ms
step:671/1288 train_time:28125ms step_avg:41.92ms
step:672/1288 train_time:28187ms step_avg:41.95ms
step:673/1288 train_time:28241ms step_avg:41.96ms
step:674/1288 train_time:28302ms step_avg:41.99ms
step:675/1288 train_time:28356ms step_avg:42.01ms
step:676/1288 train_time:28419ms step_avg:42.04ms
step:677/1288 train_time:28472ms step_avg:42.06ms
step:678/1288 train_time:28535ms step_avg:42.09ms
step:679/1288 train_time:28590ms step_avg:42.11ms
step:680/1288 train_time:28653ms step_avg:42.14ms
step:681/1288 train_time:28706ms step_avg:42.15ms
step:682/1288 train_time:28768ms step_avg:42.18ms
step:683/1288 train_time:28823ms step_avg:42.20ms
step:684/1288 train_time:28884ms step_avg:42.23ms
step:685/1288 train_time:28938ms step_avg:42.25ms
step:686/1288 train_time:29000ms step_avg:42.27ms
step:687/1288 train_time:29054ms step_avg:42.29ms
step:688/1288 train_time:29117ms step_avg:42.32ms
step:689/1288 train_time:29170ms step_avg:42.34ms
step:690/1288 train_time:29232ms step_avg:42.37ms
step:691/1288 train_time:29287ms step_avg:42.38ms
step:692/1288 train_time:29349ms step_avg:42.41ms
step:693/1288 train_time:29403ms step_avg:42.43ms
step:694/1288 train_time:29465ms step_avg:42.46ms
step:695/1288 train_time:29518ms step_avg:42.47ms
step:696/1288 train_time:29580ms step_avg:42.50ms
step:697/1288 train_time:29634ms step_avg:42.52ms
step:698/1288 train_time:29696ms step_avg:42.54ms
step:699/1288 train_time:29751ms step_avg:42.56ms
step:700/1288 train_time:29813ms step_avg:42.59ms
step:701/1288 train_time:29868ms step_avg:42.61ms
step:702/1288 train_time:29931ms step_avg:42.64ms
step:703/1288 train_time:29985ms step_avg:42.65ms
step:704/1288 train_time:30046ms step_avg:42.68ms
step:705/1288 train_time:30100ms step_avg:42.69ms
step:706/1288 train_time:30162ms step_avg:42.72ms
step:707/1288 train_time:30216ms step_avg:42.74ms
step:708/1288 train_time:30278ms step_avg:42.77ms
step:709/1288 train_time:30332ms step_avg:42.78ms
step:710/1288 train_time:30395ms step_avg:42.81ms
step:711/1288 train_time:30449ms step_avg:42.83ms
step:712/1288 train_time:30513ms step_avg:42.85ms
step:713/1288 train_time:30567ms step_avg:42.87ms
step:714/1288 train_time:30628ms step_avg:42.90ms
step:715/1288 train_time:30682ms step_avg:42.91ms
step:716/1288 train_time:30743ms step_avg:42.94ms
step:717/1288 train_time:30797ms step_avg:42.95ms
step:718/1288 train_time:30860ms step_avg:42.98ms
step:719/1288 train_time:30914ms step_avg:43.00ms
step:720/1288 train_time:30976ms step_avg:43.02ms
step:721/1288 train_time:31031ms step_avg:43.04ms
step:722/1288 train_time:31093ms step_avg:43.06ms
step:723/1288 train_time:31148ms step_avg:43.08ms
step:724/1288 train_time:31209ms step_avg:43.11ms
step:725/1288 train_time:31264ms step_avg:43.12ms
step:726/1288 train_time:31326ms step_avg:43.15ms
step:727/1288 train_time:31381ms step_avg:43.16ms
step:728/1288 train_time:31442ms step_avg:43.19ms
step:729/1288 train_time:31497ms step_avg:43.21ms
step:730/1288 train_time:31559ms step_avg:43.23ms
step:731/1288 train_time:31612ms step_avg:43.24ms
step:732/1288 train_time:31675ms step_avg:43.27ms
step:733/1288 train_time:31729ms step_avg:43.29ms
step:734/1288 train_time:31791ms step_avg:43.31ms
step:735/1288 train_time:31845ms step_avg:43.33ms
step:736/1288 train_time:31907ms step_avg:43.35ms
step:737/1288 train_time:31961ms step_avg:43.37ms
step:738/1288 train_time:32023ms step_avg:43.39ms
step:739/1288 train_time:32077ms step_avg:43.41ms
step:740/1288 train_time:32139ms step_avg:43.43ms
step:741/1288 train_time:32193ms step_avg:43.44ms
step:742/1288 train_time:32255ms step_avg:43.47ms
step:743/1288 train_time:32309ms step_avg:43.48ms
step:744/1288 train_time:32371ms step_avg:43.51ms
step:745/1288 train_time:32426ms step_avg:43.52ms
step:746/1288 train_time:32487ms step_avg:43.55ms
step:747/1288 train_time:32541ms step_avg:43.56ms
step:748/1288 train_time:32603ms step_avg:43.59ms
step:749/1288 train_time:32657ms step_avg:43.60ms
step:750/1288 train_time:32719ms step_avg:43.63ms
step:750/1288 val_loss:3.7043 train_time:32784ms step_avg:43.71ms
step:751/1288 train_time:32803ms step_avg:43.68ms
step:752/1288 train_time:32841ms step_avg:43.67ms
step:753/1288 train_time:32898ms step_avg:43.69ms
step:754/1288 train_time:32962ms step_avg:43.72ms
step:755/1288 train_time:33017ms step_avg:43.73ms
step:756/1288 train_time:33079ms step_avg:43.76ms
step:757/1288 train_time:33133ms step_avg:43.77ms
step:758/1288 train_time:33194ms step_avg:43.79ms
step:759/1288 train_time:33247ms step_avg:43.80ms
step:760/1288 train_time:33308ms step_avg:43.83ms
step:761/1288 train_time:33361ms step_avg:43.84ms
step:762/1288 train_time:33423ms step_avg:43.86ms
step:763/1288 train_time:33477ms step_avg:43.88ms
step:764/1288 train_time:33539ms step_avg:43.90ms
step:765/1288 train_time:33593ms step_avg:43.91ms
step:766/1288 train_time:33653ms step_avg:43.93ms
step:767/1288 train_time:33707ms step_avg:43.95ms
step:768/1288 train_time:33770ms step_avg:43.97ms
step:769/1288 train_time:33826ms step_avg:43.99ms
step:770/1288 train_time:33888ms step_avg:44.01ms
step:771/1288 train_time:33944ms step_avg:44.03ms
step:772/1288 train_time:34006ms step_avg:44.05ms
step:773/1288 train_time:34062ms step_avg:44.06ms
step:774/1288 train_time:34125ms step_avg:44.09ms
step:775/1288 train_time:34179ms step_avg:44.10ms
step:776/1288 train_time:34241ms step_avg:44.13ms
step:777/1288 train_time:34296ms step_avg:44.14ms
step:778/1288 train_time:34357ms step_avg:44.16ms
step:779/1288 train_time:34411ms step_avg:44.17ms
step:780/1288 train_time:34472ms step_avg:44.19ms
step:781/1288 train_time:34526ms step_avg:44.21ms
step:782/1288 train_time:34588ms step_avg:44.23ms
step:783/1288 train_time:34641ms step_avg:44.24ms
step:784/1288 train_time:34703ms step_avg:44.26ms
step:785/1288 train_time:34757ms step_avg:44.28ms
step:786/1288 train_time:34820ms step_avg:44.30ms
step:787/1288 train_time:34875ms step_avg:44.31ms
step:788/1288 train_time:34938ms step_avg:44.34ms
step:789/1288 train_time:34993ms step_avg:44.35ms
step:790/1288 train_time:35054ms step_avg:44.37ms
step:791/1288 train_time:35109ms step_avg:44.38ms
step:792/1288 train_time:35170ms step_avg:44.41ms
step:793/1288 train_time:35224ms step_avg:44.42ms
step:794/1288 train_time:35288ms step_avg:44.44ms
step:795/1288 train_time:35340ms step_avg:44.45ms
step:796/1288 train_time:35404ms step_avg:44.48ms
step:797/1288 train_time:35457ms step_avg:44.49ms
step:798/1288 train_time:35520ms step_avg:44.51ms
step:799/1288 train_time:35573ms step_avg:44.52ms
step:800/1288 train_time:35635ms step_avg:44.54ms
step:801/1288 train_time:35688ms step_avg:44.55ms
step:802/1288 train_time:35749ms step_avg:44.57ms
step:803/1288 train_time:35802ms step_avg:44.59ms
step:804/1288 train_time:35866ms step_avg:44.61ms
step:805/1288 train_time:35920ms step_avg:44.62ms
step:806/1288 train_time:35983ms step_avg:44.64ms
step:807/1288 train_time:36038ms step_avg:44.66ms
step:808/1288 train_time:36100ms step_avg:44.68ms
step:809/1288 train_time:36155ms step_avg:44.69ms
step:810/1288 train_time:36218ms step_avg:44.71ms
step:811/1288 train_time:36271ms step_avg:44.72ms
step:812/1288 train_time:36333ms step_avg:44.75ms
step:813/1288 train_time:36387ms step_avg:44.76ms
step:814/1288 train_time:36448ms step_avg:44.78ms
step:815/1288 train_time:36501ms step_avg:44.79ms
step:816/1288 train_time:36564ms step_avg:44.81ms
step:817/1288 train_time:36618ms step_avg:44.82ms
step:818/1288 train_time:36680ms step_avg:44.84ms
step:819/1288 train_time:36735ms step_avg:44.85ms
step:820/1288 train_time:36797ms step_avg:44.87ms
step:821/1288 train_time:36851ms step_avg:44.88ms
step:822/1288 train_time:36912ms step_avg:44.91ms
step:823/1288 train_time:36968ms step_avg:44.92ms
step:824/1288 train_time:37029ms step_avg:44.94ms
step:825/1288 train_time:37083ms step_avg:44.95ms
step:826/1288 train_time:37146ms step_avg:44.97ms
step:827/1288 train_time:37200ms step_avg:44.98ms
step:828/1288 train_time:37263ms step_avg:45.00ms
step:829/1288 train_time:37317ms step_avg:45.01ms
step:830/1288 train_time:37380ms step_avg:45.04ms
step:831/1288 train_time:37434ms step_avg:45.05ms
step:832/1288 train_time:37495ms step_avg:45.07ms
step:833/1288 train_time:37549ms step_avg:45.08ms
step:834/1288 train_time:37610ms step_avg:45.10ms
step:835/1288 train_time:37664ms step_avg:45.11ms
step:836/1288 train_time:37727ms step_avg:45.13ms
step:837/1288 train_time:37781ms step_avg:45.14ms
step:838/1288 train_time:37843ms step_avg:45.16ms
step:839/1288 train_time:37898ms step_avg:45.17ms
step:840/1288 train_time:37960ms step_avg:45.19ms
step:841/1288 train_time:38015ms step_avg:45.20ms
step:842/1288 train_time:38076ms step_avg:45.22ms
step:843/1288 train_time:38131ms step_avg:45.23ms
step:844/1288 train_time:38192ms step_avg:45.25ms
step:845/1288 train_time:38246ms step_avg:45.26ms
step:846/1288 train_time:38307ms step_avg:45.28ms
step:847/1288 train_time:38361ms step_avg:45.29ms
step:848/1288 train_time:38424ms step_avg:45.31ms
step:849/1288 train_time:38479ms step_avg:45.32ms
step:850/1288 train_time:38543ms step_avg:45.34ms
step:851/1288 train_time:38626ms step_avg:45.39ms
step:852/1288 train_time:38714ms step_avg:45.44ms
step:853/1288 train_time:38794ms step_avg:45.48ms
step:854/1288 train_time:38883ms step_avg:45.53ms
step:855/1288 train_time:38964ms step_avg:45.57ms
step:856/1288 train_time:39052ms step_avg:45.62ms
step:857/1288 train_time:39132ms step_avg:45.66ms
step:858/1288 train_time:39220ms step_avg:45.71ms
step:859/1288 train_time:39301ms step_avg:45.75ms
step:860/1288 train_time:39388ms step_avg:45.80ms
step:861/1288 train_time:39469ms step_avg:45.84ms
step:862/1288 train_time:39555ms step_avg:45.89ms
step:863/1288 train_time:39637ms step_avg:45.93ms
step:864/1288 train_time:39724ms step_avg:45.98ms
step:865/1288 train_time:39805ms step_avg:46.02ms
step:866/1288 train_time:39892ms step_avg:46.06ms
step:867/1288 train_time:39973ms step_avg:46.11ms
step:868/1288 train_time:40061ms step_avg:46.15ms
step:869/1288 train_time:40142ms step_avg:46.19ms
step:870/1288 train_time:40230ms step_avg:46.24ms
step:871/1288 train_time:40310ms step_avg:46.28ms
step:872/1288 train_time:40397ms step_avg:46.33ms
step:873/1288 train_time:40478ms step_avg:46.37ms
step:874/1288 train_time:40566ms step_avg:46.41ms
step:875/1288 train_time:40646ms step_avg:46.45ms
step:876/1288 train_time:40733ms step_avg:46.50ms
step:877/1288 train_time:40813ms step_avg:46.54ms
step:878/1288 train_time:40901ms step_avg:46.58ms
step:879/1288 train_time:40983ms step_avg:46.62ms
step:880/1288 train_time:41071ms step_avg:46.67ms
step:881/1288 train_time:41152ms step_avg:46.71ms
step:882/1288 train_time:41239ms step_avg:46.76ms
step:883/1288 train_time:41320ms step_avg:46.79ms
step:884/1288 train_time:41407ms step_avg:46.84ms
step:885/1288 train_time:41487ms step_avg:46.88ms
step:886/1288 train_time:41575ms step_avg:46.92ms
step:887/1288 train_time:41656ms step_avg:46.96ms
step:888/1288 train_time:41743ms step_avg:47.01ms
step:889/1288 train_time:41823ms step_avg:47.05ms
step:890/1288 train_time:41911ms step_avg:47.09ms
step:891/1288 train_time:41991ms step_avg:47.13ms
step:892/1288 train_time:42079ms step_avg:47.17ms
step:893/1288 train_time:42161ms step_avg:47.21ms
step:894/1288 train_time:42248ms step_avg:47.26ms
step:895/1288 train_time:42329ms step_avg:47.29ms
step:896/1288 train_time:42416ms step_avg:47.34ms
step:897/1288 train_time:42497ms step_avg:47.38ms
step:898/1288 train_time:42584ms step_avg:47.42ms
step:899/1288 train_time:42665ms step_avg:47.46ms
step:900/1288 train_time:42752ms step_avg:47.50ms
step:901/1288 train_time:42833ms step_avg:47.54ms
step:902/1288 train_time:42921ms step_avg:47.58ms
step:903/1288 train_time:43002ms step_avg:47.62ms
step:904/1288 train_time:43089ms step_avg:47.66ms
step:905/1288 train_time:43171ms step_avg:47.70ms
step:906/1288 train_time:43258ms step_avg:47.75ms
step:907/1288 train_time:43339ms step_avg:47.78ms
step:908/1288 train_time:43426ms step_avg:47.83ms
step:909/1288 train_time:43506ms step_avg:47.86ms
step:910/1288 train_time:43593ms step_avg:47.90ms
step:911/1288 train_time:43674ms step_avg:47.94ms
step:912/1288 train_time:43762ms step_avg:47.98ms
step:913/1288 train_time:43843ms step_avg:48.02ms
step:914/1288 train_time:43930ms step_avg:48.06ms
step:915/1288 train_time:44011ms step_avg:48.10ms
step:916/1288 train_time:44097ms step_avg:48.14ms
step:917/1288 train_time:44179ms step_avg:48.18ms
step:918/1288 train_time:44266ms step_avg:48.22ms
step:919/1288 train_time:44346ms step_avg:48.26ms
step:920/1288 train_time:44434ms step_avg:48.30ms
step:921/1288 train_time:44514ms step_avg:48.33ms
step:922/1288 train_time:44602ms step_avg:48.38ms
step:923/1288 train_time:44683ms step_avg:48.41ms
step:924/1288 train_time:44771ms step_avg:48.45ms
step:925/1288 train_time:44852ms step_avg:48.49ms
step:926/1288 train_time:44939ms step_avg:48.53ms
step:927/1288 train_time:45021ms step_avg:48.57ms
step:928/1288 train_time:45108ms step_avg:48.61ms
step:929/1288 train_time:45189ms step_avg:48.64ms
step:930/1288 train_time:45276ms step_avg:48.68ms
step:931/1288 train_time:45357ms step_avg:48.72ms
step:932/1288 train_time:45445ms step_avg:48.76ms
step:933/1288 train_time:45526ms step_avg:48.79ms
step:934/1288 train_time:45612ms step_avg:48.84ms
step:935/1288 train_time:45693ms step_avg:48.87ms
step:936/1288 train_time:45779ms step_avg:48.91ms
step:937/1288 train_time:45862ms step_avg:48.95ms
step:938/1288 train_time:45950ms step_avg:48.99ms
step:939/1288 train_time:46030ms step_avg:49.02ms
step:940/1288 train_time:46116ms step_avg:49.06ms
step:941/1288 train_time:46198ms step_avg:49.09ms
step:942/1288 train_time:46287ms step_avg:49.14ms
step:943/1288 train_time:46367ms step_avg:49.17ms
step:944/1288 train_time:46455ms step_avg:49.21ms
step:945/1288 train_time:46535ms step_avg:49.24ms
step:946/1288 train_time:46621ms step_avg:49.28ms
step:947/1288 train_time:46702ms step_avg:49.32ms
step:948/1288 train_time:46790ms step_avg:49.36ms
step:949/1288 train_time:46872ms step_avg:49.39ms
step:950/1288 train_time:46960ms step_avg:49.43ms
step:951/1288 train_time:47042ms step_avg:49.47ms
step:952/1288 train_time:47129ms step_avg:49.50ms
step:953/1288 train_time:47210ms step_avg:49.54ms
step:954/1288 train_time:47296ms step_avg:49.58ms
step:955/1288 train_time:47377ms step_avg:49.61ms
step:956/1288 train_time:47465ms step_avg:49.65ms
step:957/1288 train_time:47546ms step_avg:49.68ms
step:958/1288 train_time:47633ms step_avg:49.72ms
step:959/1288 train_time:47713ms step_avg:49.75ms
step:960/1288 train_time:47802ms step_avg:49.79ms
step:961/1288 train_time:47883ms step_avg:49.83ms
step:962/1288 train_time:47972ms step_avg:49.87ms
step:963/1288 train_time:48053ms step_avg:49.90ms
step:964/1288 train_time:48140ms step_avg:49.94ms
step:965/1288 train_time:48222ms step_avg:49.97ms
step:966/1288 train_time:48309ms step_avg:50.01ms
step:967/1288 train_time:48389ms step_avg:50.04ms
step:968/1288 train_time:48476ms step_avg:50.08ms
step:969/1288 train_time:48557ms step_avg:50.11ms
step:970/1288 train_time:48644ms step_avg:50.15ms
step:971/1288 train_time:48726ms step_avg:50.18ms
step:972/1288 train_time:48813ms step_avg:50.22ms
step:973/1288 train_time:48894ms step_avg:50.25ms
step:974/1288 train_time:48981ms step_avg:50.29ms
step:975/1288 train_time:49062ms step_avg:50.32ms
step:976/1288 train_time:49151ms step_avg:50.36ms
step:977/1288 train_time:49231ms step_avg:50.39ms
step:978/1288 train_time:49317ms step_avg:50.43ms
step:979/1288 train_time:49400ms step_avg:50.46ms
step:980/1288 train_time:49487ms step_avg:50.50ms
step:981/1288 train_time:49568ms step_avg:50.53ms
step:982/1288 train_time:49654ms step_avg:50.56ms
step:983/1288 train_time:49735ms step_avg:50.60ms
step:984/1288 train_time:49822ms step_avg:50.63ms
step:985/1288 train_time:49903ms step_avg:50.66ms
step:986/1288 train_time:49991ms step_avg:50.70ms
step:987/1288 train_time:50072ms step_avg:50.73ms
step:988/1288 train_time:50160ms step_avg:50.77ms
step:989/1288 train_time:50241ms step_avg:50.80ms
step:990/1288 train_time:50328ms step_avg:50.84ms
step:991/1288 train_time:50409ms step_avg:50.87ms
step:992/1288 train_time:50496ms step_avg:50.90ms
step:993/1288 train_time:50577ms step_avg:50.93ms
step:994/1288 train_time:50664ms step_avg:50.97ms
step:995/1288 train_time:50745ms step_avg:51.00ms
step:996/1288 train_time:50832ms step_avg:51.04ms
step:997/1288 train_time:50912ms step_avg:51.07ms
step:998/1288 train_time:51000ms step_avg:51.10ms
step:999/1288 train_time:51082ms step_avg:51.13ms
step:1000/1288 train_time:51169ms step_avg:51.17ms
step:1000/1288 val_loss:3.4233 train_time:51261ms step_avg:51.26ms
step:1001/1288 train_time:51283ms step_avg:51.23ms
step:1002/1288 train_time:51345ms step_avg:51.24ms
step:1003/1288 train_time:51430ms step_avg:51.28ms
step:1004/1288 train_time:51519ms step_avg:51.31ms
step:1005/1288 train_time:51600ms step_avg:51.34ms
step:1006/1288 train_time:51687ms step_avg:51.38ms
step:1007/1288 train_time:51767ms step_avg:51.41ms
step:1008/1288 train_time:51853ms step_avg:51.44ms
step:1009/1288 train_time:51933ms step_avg:51.47ms
step:1010/1288 train_time:52020ms step_avg:51.50ms
step:1011/1288 train_time:52101ms step_avg:51.53ms
step:1012/1288 train_time:52187ms step_avg:51.57ms
step:1013/1288 train_time:52268ms step_avg:51.60ms
step:1014/1288 train_time:52358ms step_avg:51.64ms
step:1015/1288 train_time:52442ms step_avg:51.67ms
step:1016/1288 train_time:52529ms step_avg:51.70ms
step:1017/1288 train_time:52609ms step_avg:51.73ms
step:1018/1288 train_time:52698ms step_avg:51.77ms
step:1019/1288 train_time:52779ms step_avg:51.79ms
step:1020/1288 train_time:52865ms step_avg:51.83ms
step:1021/1288 train_time:52946ms step_avg:51.86ms
step:1022/1288 train_time:53032ms step_avg:51.89ms
step:1023/1288 train_time:53112ms step_avg:51.92ms
step:1024/1288 train_time:53199ms step_avg:51.95ms
step:1025/1288 train_time:53282ms step_avg:51.98ms
step:1026/1288 train_time:53370ms step_avg:52.02ms
step:1027/1288 train_time:53452ms step_avg:52.05ms
step:1028/1288 train_time:53540ms step_avg:52.08ms
step:1029/1288 train_time:53622ms step_avg:52.11ms
step:1030/1288 train_time:53708ms step_avg:52.14ms
step:1031/1288 train_time:53789ms step_avg:52.17ms
step:1032/1288 train_time:53876ms step_avg:52.21ms
step:1033/1288 train_time:53956ms step_avg:52.23ms
step:1034/1288 train_time:54044ms step_avg:52.27ms
step:1035/1288 train_time:54123ms step_avg:52.29ms
step:1036/1288 train_time:54211ms step_avg:52.33ms
step:1037/1288 train_time:54293ms step_avg:52.36ms
step:1038/1288 train_time:54382ms step_avg:52.39ms
step:1039/1288 train_time:54464ms step_avg:52.42ms
step:1040/1288 train_time:54551ms step_avg:52.45ms
step:1041/1288 train_time:54632ms step_avg:52.48ms
step:1042/1288 train_time:54719ms step_avg:52.51ms
step:1043/1288 train_time:54800ms step_avg:52.54ms
step:1044/1288 train_time:54887ms step_avg:52.57ms
step:1045/1288 train_time:54968ms step_avg:52.60ms
step:1046/1288 train_time:55055ms step_avg:52.63ms
step:1047/1288 train_time:55137ms step_avg:52.66ms
step:1048/1288 train_time:55224ms step_avg:52.69ms
step:1049/1288 train_time:55305ms step_avg:52.72ms
step:1050/1288 train_time:55393ms step_avg:52.76ms
step:1051/1288 train_time:55476ms step_avg:52.78ms
step:1052/1288 train_time:55564ms step_avg:52.82ms
step:1053/1288 train_time:55645ms step_avg:52.84ms
step:1054/1288 train_time:55733ms step_avg:52.88ms
step:1055/1288 train_time:55813ms step_avg:52.90ms
step:1056/1288 train_time:55901ms step_avg:52.94ms
step:1057/1288 train_time:55982ms step_avg:52.96ms
step:1058/1288 train_time:56068ms step_avg:52.99ms
step:1059/1288 train_time:56149ms step_avg:53.02ms
step:1060/1288 train_time:56237ms step_avg:53.05ms
step:1061/1288 train_time:56318ms step_avg:53.08ms
step:1062/1288 train_time:56407ms step_avg:53.11ms
step:1063/1288 train_time:56489ms step_avg:53.14ms
step:1064/1288 train_time:56576ms step_avg:53.17ms
step:1065/1288 train_time:56657ms step_avg:53.20ms
step:1066/1288 train_time:56745ms step_avg:53.23ms
step:1067/1288 train_time:56825ms step_avg:53.26ms
step:1068/1288 train_time:56912ms step_avg:53.29ms
step:1069/1288 train_time:56992ms step_avg:53.31ms
step:1070/1288 train_time:57079ms step_avg:53.35ms
step:1071/1288 train_time:57160ms step_avg:53.37ms
step:1072/1288 train_time:57248ms step_avg:53.40ms
step:1073/1288 train_time:57329ms step_avg:53.43ms
step:1074/1288 train_time:57416ms step_avg:53.46ms
step:1075/1288 train_time:57497ms step_avg:53.49ms
step:1076/1288 train_time:57585ms step_avg:53.52ms
step:1077/1288 train_time:57667ms step_avg:53.54ms
step:1078/1288 train_time:57755ms step_avg:53.58ms
step:1079/1288 train_time:57836ms step_avg:53.60ms
step:1080/1288 train_time:57924ms step_avg:53.63ms
step:1081/1288 train_time:58005ms step_avg:53.66ms
step:1082/1288 train_time:58091ms step_avg:53.69ms
step:1083/1288 train_time:58172ms step_avg:53.71ms
step:1084/1288 train_time:58260ms step_avg:53.75ms
step:1085/1288 train_time:58341ms step_avg:53.77ms
step:1086/1288 train_time:58428ms step_avg:53.80ms
step:1087/1288 train_time:58508ms step_avg:53.83ms
step:1088/1288 train_time:58596ms step_avg:53.86ms
step:1089/1288 train_time:58678ms step_avg:53.88ms
step:1090/1288 train_time:58768ms step_avg:53.92ms
step:1091/1288 train_time:58849ms step_avg:53.94ms
step:1092/1288 train_time:58936ms step_avg:53.97ms
step:1093/1288 train_time:59017ms step_avg:54.00ms
step:1094/1288 train_time:59104ms step_avg:54.03ms
step:1095/1288 train_time:59185ms step_avg:54.05ms
step:1096/1288 train_time:59273ms step_avg:54.08ms
step:1097/1288 train_time:59353ms step_avg:54.10ms
step:1098/1288 train_time:59440ms step_avg:54.14ms
step:1099/1288 train_time:59522ms step_avg:54.16ms
step:1100/1288 train_time:59609ms step_avg:54.19ms
step:1101/1288 train_time:59690ms step_avg:54.21ms
step:1102/1288 train_time:59777ms step_avg:54.24ms
step:1103/1288 train_time:59859ms step_avg:54.27ms
step:1104/1288 train_time:59947ms step_avg:54.30ms
step:1105/1288 train_time:60028ms step_avg:54.32ms
step:1106/1288 train_time:60114ms step_avg:54.35ms
step:1107/1288 train_time:60197ms step_avg:54.38ms
step:1108/1288 train_time:60285ms step_avg:54.41ms
step:1109/1288 train_time:60366ms step_avg:54.43ms
step:1110/1288 train_time:60453ms step_avg:54.46ms
step:1111/1288 train_time:60535ms step_avg:54.49ms
step:1112/1288 train_time:60623ms step_avg:54.52ms
step:1113/1288 train_time:60704ms step_avg:54.54ms
step:1114/1288 train_time:60791ms step_avg:54.57ms
step:1115/1288 train_time:60872ms step_avg:54.59ms
step:1116/1288 train_time:60960ms step_avg:54.62ms
step:1117/1288 train_time:61042ms step_avg:54.65ms
step:1118/1288 train_time:61128ms step_avg:54.68ms
step:1119/1288 train_time:61210ms step_avg:54.70ms
step:1120/1288 train_time:61298ms step_avg:54.73ms
step:1121/1288 train_time:61379ms step_avg:54.75ms
step:1122/1288 train_time:61467ms step_avg:54.78ms
step:1123/1288 train_time:61549ms step_avg:54.81ms
step:1124/1288 train_time:61636ms step_avg:54.84ms
step:1125/1288 train_time:61717ms step_avg:54.86ms
step:1126/1288 train_time:61804ms step_avg:54.89ms
step:1127/1288 train_time:61885ms step_avg:54.91ms
step:1128/1288 train_time:61973ms step_avg:54.94ms
step:1129/1288 train_time:62055ms step_avg:54.96ms
step:1130/1288 train_time:62143ms step_avg:54.99ms
step:1131/1288 train_time:62223ms step_avg:55.02ms
step:1132/1288 train_time:62310ms step_avg:55.04ms
step:1133/1288 train_time:62391ms step_avg:55.07ms
step:1134/1288 train_time:62478ms step_avg:55.10ms
step:1135/1288 train_time:62559ms step_avg:55.12ms
step:1136/1288 train_time:62648ms step_avg:55.15ms
step:1137/1288 train_time:62728ms step_avg:55.17ms
step:1138/1288 train_time:62815ms step_avg:55.20ms
step:1139/1288 train_time:62897ms step_avg:55.22ms
step:1140/1288 train_time:62986ms step_avg:55.25ms
step:1141/1288 train_time:63068ms step_avg:55.27ms
step:1142/1288 train_time:63155ms step_avg:55.30ms
step:1143/1288 train_time:63236ms step_avg:55.32ms
step:1144/1288 train_time:63324ms step_avg:55.35ms
step:1145/1288 train_time:63404ms step_avg:55.38ms
step:1146/1288 train_time:63492ms step_avg:55.40ms
step:1147/1288 train_time:63573ms step_avg:55.43ms
step:1148/1288 train_time:63661ms step_avg:55.45ms
step:1149/1288 train_time:63742ms step_avg:55.48ms
step:1150/1288 train_time:63828ms step_avg:55.50ms
step:1151/1288 train_time:63908ms step_avg:55.52ms
step:1152/1288 train_time:63998ms step_avg:55.55ms
step:1153/1288 train_time:64080ms step_avg:55.58ms
step:1154/1288 train_time:64168ms step_avg:55.61ms
step:1155/1288 train_time:64249ms step_avg:55.63ms
step:1156/1288 train_time:64336ms step_avg:55.65ms
step:1157/1288 train_time:64417ms step_avg:55.68ms
step:1158/1288 train_time:64504ms step_avg:55.70ms
step:1159/1288 train_time:64586ms step_avg:55.73ms
step:1160/1288 train_time:64674ms step_avg:55.75ms
step:1161/1288 train_time:64756ms step_avg:55.78ms
step:1162/1288 train_time:64844ms step_avg:55.80ms
step:1163/1288 train_time:64925ms step_avg:55.83ms
step:1164/1288 train_time:65011ms step_avg:55.85ms
step:1165/1288 train_time:65093ms step_avg:55.87ms
step:1166/1288 train_time:65181ms step_avg:55.90ms
step:1167/1288 train_time:65262ms step_avg:55.92ms
step:1168/1288 train_time:65349ms step_avg:55.95ms
step:1169/1288 train_time:65430ms step_avg:55.97ms
step:1170/1288 train_time:65518ms step_avg:56.00ms
step:1171/1288 train_time:65599ms step_avg:56.02ms
step:1172/1288 train_time:65688ms step_avg:56.05ms
step:1173/1288 train_time:65769ms step_avg:56.07ms
step:1174/1288 train_time:65857ms step_avg:56.10ms
step:1175/1288 train_time:65940ms step_avg:56.12ms
step:1176/1288 train_time:66026ms step_avg:56.14ms
step:1177/1288 train_time:66108ms step_avg:56.17ms
step:1178/1288 train_time:66195ms step_avg:56.19ms
step:1179/1288 train_time:66278ms step_avg:56.22ms
step:1180/1288 train_time:66365ms step_avg:56.24ms
step:1181/1288 train_time:66446ms step_avg:56.26ms
step:1182/1288 train_time:66532ms step_avg:56.29ms
step:1183/1288 train_time:66614ms step_avg:56.31ms
step:1184/1288 train_time:66702ms step_avg:56.34ms
step:1185/1288 train_time:66783ms step_avg:56.36ms
step:1186/1288 train_time:66870ms step_avg:56.38ms
step:1187/1288 train_time:66952ms step_avg:56.40ms
step:1188/1288 train_time:67039ms step_avg:56.43ms
step:1189/1288 train_time:67121ms step_avg:56.45ms
step:1190/1288 train_time:67207ms step_avg:56.48ms
step:1191/1288 train_time:67288ms step_avg:56.50ms
step:1192/1288 train_time:67376ms step_avg:56.52ms
step:1193/1288 train_time:67458ms step_avg:56.54ms
step:1194/1288 train_time:67546ms step_avg:56.57ms
step:1195/1288 train_time:67627ms step_avg:56.59ms
step:1196/1288 train_time:67714ms step_avg:56.62ms
step:1197/1288 train_time:67797ms step_avg:56.64ms
step:1198/1288 train_time:67887ms step_avg:56.67ms
step:1199/1288 train_time:67965ms step_avg:56.68ms
step:1200/1288 train_time:68052ms step_avg:56.71ms
step:1201/1288 train_time:68132ms step_avg:56.73ms
step:1202/1288 train_time:68220ms step_avg:56.76ms
step:1203/1288 train_time:68302ms step_avg:56.78ms
step:1204/1288 train_time:68390ms step_avg:56.80ms
step:1205/1288 train_time:68471ms step_avg:56.82ms
step:1206/1288 train_time:68558ms step_avg:56.85ms
step:1207/1288 train_time:68639ms step_avg:56.87ms
step:1208/1288 train_time:68727ms step_avg:56.89ms
step:1209/1288 train_time:68808ms step_avg:56.91ms
step:1210/1288 train_time:68895ms step_avg:56.94ms
step:1211/1288 train_time:68979ms step_avg:56.96ms
step:1212/1288 train_time:69067ms step_avg:56.99ms
step:1213/1288 train_time:69148ms step_avg:57.01ms
step:1214/1288 train_time:69235ms step_avg:57.03ms
step:1215/1288 train_time:69318ms step_avg:57.05ms
step:1216/1288 train_time:69405ms step_avg:57.08ms
step:1217/1288 train_time:69485ms step_avg:57.10ms
step:1218/1288 train_time:69572ms step_avg:57.12ms
step:1219/1288 train_time:69653ms step_avg:57.14ms
step:1220/1288 train_time:69742ms step_avg:57.17ms
step:1221/1288 train_time:69822ms step_avg:57.18ms
step:1222/1288 train_time:69909ms step_avg:57.21ms
step:1223/1288 train_time:69990ms step_avg:57.23ms
step:1224/1288 train_time:70078ms step_avg:57.25ms
step:1225/1288 train_time:70159ms step_avg:57.27ms
step:1226/1288 train_time:70248ms step_avg:57.30ms
step:1227/1288 train_time:70328ms step_avg:57.32ms
step:1228/1288 train_time:70414ms step_avg:57.34ms
step:1229/1288 train_time:70496ms step_avg:57.36ms
step:1230/1288 train_time:70584ms step_avg:57.39ms
step:1231/1288 train_time:70665ms step_avg:57.40ms
step:1232/1288 train_time:70754ms step_avg:57.43ms
step:1233/1288 train_time:70836ms step_avg:57.45ms
step:1234/1288 train_time:70923ms step_avg:57.47ms
step:1235/1288 train_time:71004ms step_avg:57.49ms
step:1236/1288 train_time:71091ms step_avg:57.52ms
step:1237/1288 train_time:71173ms step_avg:57.54ms
step:1238/1288 train_time:71261ms step_avg:57.56ms
step:1239/1288 train_time:71342ms step_avg:57.58ms
step:1240/1288 train_time:71429ms step_avg:57.60ms
step:1241/1288 train_time:71509ms step_avg:57.62ms
step:1242/1288 train_time:71598ms step_avg:57.65ms
step:1243/1288 train_time:71680ms step_avg:57.67ms
step:1244/1288 train_time:71768ms step_avg:57.69ms
step:1245/1288 train_time:71848ms step_avg:57.71ms
step:1246/1288 train_time:71936ms step_avg:57.73ms
step:1247/1288 train_time:72018ms step_avg:57.75ms
step:1248/1288 train_time:72105ms step_avg:57.78ms
step:1249/1288 train_time:72187ms step_avg:57.80ms
step:1250/1288 train_time:72275ms step_avg:57.82ms
step:1250/1288 val_loss:3.2993 train_time:72368ms step_avg:57.89ms
step:1251/1288 train_time:72387ms step_avg:57.86ms
step:1252/1288 train_time:72449ms step_avg:57.87ms
step:1253/1288 train_time:72533ms step_avg:57.89ms
step:1254/1288 train_time:72619ms step_avg:57.91ms
step:1255/1288 train_time:72699ms step_avg:57.93ms
step:1256/1288 train_time:72787ms step_avg:57.95ms
step:1257/1288 train_time:72867ms step_avg:57.97ms
step:1258/1288 train_time:72954ms step_avg:57.99ms
step:1259/1288 train_time:73034ms step_avg:58.01ms
step:1260/1288 train_time:73121ms step_avg:58.03ms
step:1261/1288 train_time:73200ms step_avg:58.05ms
step:1262/1288 train_time:73288ms step_avg:58.07ms
step:1263/1288 train_time:73373ms step_avg:58.09ms
step:1264/1288 train_time:73461ms step_avg:58.12ms
step:1265/1288 train_time:73544ms step_avg:58.14ms
step:1266/1288 train_time:73633ms step_avg:58.16ms
step:1267/1288 train_time:73714ms step_avg:58.18ms
step:1268/1288 train_time:73802ms step_avg:58.20ms
step:1269/1288 train_time:73882ms step_avg:58.22ms
step:1270/1288 train_time:73969ms step_avg:58.24ms
step:1271/1288 train_time:74049ms step_avg:58.26ms
step:1272/1288 train_time:74136ms step_avg:58.28ms
step:1273/1288 train_time:74216ms step_avg:58.30ms
step:1274/1288 train_time:74305ms step_avg:58.32ms
step:1275/1288 train_time:74393ms step_avg:58.35ms
step:1276/1288 train_time:74480ms step_avg:58.37ms
step:1277/1288 train_time:74563ms step_avg:58.39ms
step:1278/1288 train_time:74652ms step_avg:58.41ms
step:1279/1288 train_time:74734ms step_avg:58.43ms
step:1280/1288 train_time:74821ms step_avg:58.45ms
step:1281/1288 train_time:74901ms step_avg:58.47ms
step:1282/1288 train_time:74989ms step_avg:58.49ms
step:1283/1288 train_time:75070ms step_avg:58.51ms
step:1284/1288 train_time:75158ms step_avg:58.53ms
step:1285/1288 train_time:75239ms step_avg:58.55ms
step:1286/1288 train_time:75328ms step_avg:58.58ms
step:1287/1288 train_time:75411ms step_avg:58.59ms
step:1288/1288 train_time:75499ms step_avg:58.62ms
step:1288/1288 val_loss:3.2791 train_time:75592ms step_avg:58.69ms
peak memory allocated: 32298 MiB reserved: 47310 MiB
Terminal-blended sharded TailEMA scope=readout start=848 every=1 decay=0.9933 blend=0.65
step:0/1288 val_loss:10.8275 train_time:0ms step_avg:0.03ms
step:250/1288 val_loss:4.4307 train_time:8177ms step_avg:32.71ms
step:500/1288 val_loss:4.0723 train_time:18248ms step_avg:36.50ms
step:750/1288 val_loss:3.7043 train_time:32784ms step_avg:43.71ms
step:1000/1288 val_loss:3.4233 train_time:51261ms step_avg:51.26ms
step:1250/1288 val_loss:3.2993 train_time:72368ms step_avg:57.89ms
step:1288/1288 val_loss:3.2791 train_time:75592ms step_avg:58.69ms
PASS 07-candidate
BEGIN 08-candidate scheduled_steps=1273
W0727 22:24:58.160000 75391 torch/distributed/run.py:852] 
W0727 22:24:58.160000 75391 torch/distributed/run.py:852] *****************************************
W0727 22:24:58.160000 75391 torch/distributed/run.py:852] Setting OMP_NUM_THREADS environment variable for each process to be 1 in default, to avoid your system being overloaded, please further tune the variable for optimal performance in your application as needed. 
W0727 22:24:58.160000 75391 torch/distributed/run.py:852] *****************************************
[Gloo] Rank 1 is connected to 7 peer ranks. Expected number of connected peer ranks is : 7
[Gloo] Rank 3 is connected to 7 peer ranks. Expected number of connected peer ranks is : 7
[Gloo] Rank 2 is connected to 7 peer ranks. Expected number of connected peer ranks is : 7
[Gloo] Rank 7 is connected to 7 peer ranks. Expected number of connected peer ranks is : 7
[Gloo] Rank 6 is connected to 7 peer ranks. Expected number of connected peer ranks is : 7
[Gloo] Rank 0 is connected to 7 peer ranks. Expected number of connected peer ranks is : 7
[Gloo] Rank 5 is connected to 7 peer ranks. Expected number of connected peer ranks is : 7
[Gloo] Rank 4 is connected to 7 peer ranks. Expected number of connected peer ranks is : 7
Warning: You are sending unauthenticated requests to the HF Hub. Please set a HF_TOKEN to enable higher rate limits and faster downloads.
Warning: You are sending unauthenticated requests to the HF Hub. Please set a HF_TOKEN to enable higher rate limits and faster downloads.
Warning: You are sending unauthenticated requests to the HF Hub. Please set a HF_TOKEN to enable higher rate limits and faster downloads.
Warning: You are sending unauthenticated requests to the HF Hub. Please set a HF_TOKEN to enable higher rate limits and faster downloads.
Warning: You are sending unauthenticated requests to the HF Hub. Please set a HF_TOKEN to enable higher rate limits and faster downloads.
Warning: You are sending unauthenticated requests to the HF Hub. Please set a HF_TOKEN to enable higher rate limits and faster downloads.
Fetching 8 files:   0%|          | 0/8 [00:00<?, ?it/s]Fetching 8 files:   0%|          | 0/8 [00:00<?, ?it/s]Fetching 8 files: 100%|██████████| 8/8 [00:00<00:00, 2177.30it/s]
Fetching 8 files: 100%|██████████| 8/8 [00:00<00:00, 2129.49it/s]
Fetching 8 files:   0%|          | 0/8 [00:00<?, ?it/s]Fetching 8 files:   0%|          | 0/8 [00:00<?, ?it/s]Fetching 8 files: 100%|██████████| 8/8 [00:00<00:00, 2154.10it/s]
Fetching 8 files:   0%|          | 0/8 [00:00<?, ?it/s]Fetching 8 files:   0%|          | 0/8 [00:00<?, ?it/s]Fetching 8 files:   0%|          | 0/8 [00:00<?, ?it/s]Fetching 8 files: 100%|██████████| 8/8 [00:00<00:00, 2306.15it/s]
Fetching 8 files: 100%|██████████| 8/8 [00:00<00:00, 2160.06it/s]
Fetching 8 files: 100%|██████████| 8/8 [00:00<00:00, 2213.79it/s]
Fetching 8 files: 100%|██████████| 8/8 [00:00<00:00, 2179.43it/s]
Fetching 8 files:   0%|          | 0/8 [00:00<?, ?it/s]Fetching 8 files: 100%|██████████| 8/8 [00:00<00:00, 2165.50it/s]
logs/7e33d1e5-9696-425d-883c-97aa5750e66b.txt
Compiling model and warming up kernels (~7 minutes on first execution)
Sampling steps [0, 1, 422, 423, 424, 425, 847, 848, 849, 850, 1271, 1272, 1273, 1274, 1287] for warmup
Resetting Model
Terminal-blended sharded TailEMA scope=readout start=848 every=1 decay=0.9933 blend=0.65
step:0/1288 val_loss:10.8311 train_time:0ms step_avg:0.04ms
step:1/1288 train_time:78ms step_avg:78.33ms
step:2/1288 train_time:106ms step_avg:52.79ms
step:3/1288 train_time:128ms step_avg:42.79ms
step:4/1288 train_time:153ms step_avg:38.25ms
step:5/1288 train_time:177ms step_avg:35.46ms
step:6/1288 train_time:215ms step_avg:35.77ms
step:7/1288 train_time:242ms step_avg:34.60ms
step:8/1288 train_time:279ms step_avg:34.90ms
step:9/1288 train_time:307ms step_avg:34.10ms
step:10/1288 train_time:344ms step_avg:34.42ms
step:11/1288 train_time:372ms step_avg:33.81ms
step:12/1288 train_time:409ms step_avg:34.10ms
step:13/1288 train_time:437ms step_avg:33.60ms
step:14/1288 train_time:474ms step_avg:33.84ms
step:15/1288 train_time:502ms step_avg:33.45ms
step:16/1288 train_time:538ms step_avg:33.65ms
step:17/1288 train_time:567ms step_avg:33.34ms
step:18/1288 train_time:603ms step_avg:33.52ms
step:19/1288 train_time:631ms step_avg:33.22ms
step:20/1288 train_time:670ms step_avg:33.48ms
step:21/1288 train_time:697ms step_avg:33.18ms
step:22/1288 train_time:734ms step_avg:33.37ms
step:23/1288 train_time:762ms step_avg:33.11ms
step:24/1288 train_time:798ms step_avg:33.27ms
step:25/1288 train_time:827ms step_avg:33.06ms
step:26/1288 train_time:863ms step_avg:33.20ms
step:27/1288 train_time:891ms step_avg:33.01ms
step:28/1288 train_time:928ms step_avg:33.15ms
step:29/1288 train_time:956ms step_avg:32.96ms
step:30/1288 train_time:993ms step_avg:33.10ms
step:31/1288 train_time:1022ms step_avg:32.95ms
step:32/1288 train_time:1059ms step_avg:33.09ms
step:33/1288 train_time:1087ms step_avg:32.95ms
step:34/1288 train_time:1124ms step_avg:33.07ms
step:35/1288 train_time:1152ms step_avg:32.92ms
step:36/1288 train_time:1189ms step_avg:33.04ms
step:37/1288 train_time:1217ms step_avg:32.90ms
step:38/1288 train_time:1255ms step_avg:33.02ms
step:39/1288 train_time:1283ms step_avg:32.90ms
step:40/1288 train_time:1320ms step_avg:33.00ms
step:41/1288 train_time:1348ms step_avg:32.89ms
step:42/1288 train_time:1385ms step_avg:32.98ms
step:43/1288 train_time:1413ms step_avg:32.86ms
step:44/1288 train_time:1450ms step_avg:32.96ms
step:45/1288 train_time:1478ms step_avg:32.85ms
step:46/1288 train_time:1515ms step_avg:32.94ms
step:47/1288 train_time:1543ms step_avg:32.83ms
step:48/1288 train_time:1581ms step_avg:32.93ms
step:49/1288 train_time:1609ms step_avg:32.83ms
step:50/1288 train_time:1646ms step_avg:32.91ms
step:51/1288 train_time:1674ms step_avg:32.82ms
step:52/1288 train_time:1711ms step_avg:32.90ms
step:53/1288 train_time:1739ms step_avg:32.80ms
step:54/1288 train_time:1776ms step_avg:32.89ms
step:55/1288 train_time:1804ms step_avg:32.80ms
step:56/1288 train_time:1841ms step_avg:32.88ms
step:57/1288 train_time:1869ms step_avg:32.78ms
step:58/1288 train_time:1906ms step_avg:32.86ms
step:59/1288 train_time:1934ms step_avg:32.78ms
step:60/1288 train_time:1971ms step_avg:32.86ms
step:61/1288 train_time:1999ms step_avg:32.77ms
step:62/1288 train_time:2036ms step_avg:32.83ms
step:63/1288 train_time:2064ms step_avg:32.76ms
step:64/1288 train_time:2101ms step_avg:32.82ms
step:65/1288 train_time:2129ms step_avg:32.75ms
step:66/1288 train_time:2166ms step_avg:32.82ms
step:67/1288 train_time:2194ms step_avg:32.74ms
step:68/1288 train_time:2231ms step_avg:32.81ms
step:69/1288 train_time:2259ms step_avg:32.74ms
step:70/1288 train_time:2296ms step_avg:32.80ms
step:71/1288 train_time:2324ms step_avg:32.73ms
step:72/1288 train_time:2361ms step_avg:32.79ms
step:73/1288 train_time:2389ms step_avg:32.73ms
step:74/1288 train_time:2426ms step_avg:32.79ms
step:75/1288 train_time:2454ms step_avg:32.72ms
step:76/1288 train_time:2491ms step_avg:32.78ms
step:77/1288 train_time:2519ms step_avg:32.72ms
step:78/1288 train_time:2557ms step_avg:32.78ms
step:79/1288 train_time:2585ms step_avg:32.72ms
step:80/1288 train_time:2622ms step_avg:32.77ms
step:81/1288 train_time:2650ms step_avg:32.71ms
step:82/1288 train_time:2687ms step_avg:32.76ms
step:83/1288 train_time:2715ms step_avg:32.71ms
step:84/1288 train_time:2752ms step_avg:32.76ms
step:85/1288 train_time:2780ms step_avg:32.71ms
step:86/1288 train_time:2817ms step_avg:32.76ms
step:87/1288 train_time:2845ms step_avg:32.70ms
step:88/1288 train_time:2883ms step_avg:32.76ms
step:89/1288 train_time:2910ms step_avg:32.70ms
step:90/1288 train_time:2947ms step_avg:32.75ms
step:91/1288 train_time:2975ms step_avg:32.70ms
step:92/1288 train_time:3013ms step_avg:32.75ms
step:93/1288 train_time:3041ms step_avg:32.70ms
step:94/1288 train_time:3079ms step_avg:32.75ms
step:95/1288 train_time:3106ms step_avg:32.70ms
step:96/1288 train_time:3143ms step_avg:32.74ms
step:97/1288 train_time:3171ms step_avg:32.69ms
step:98/1288 train_time:3208ms step_avg:32.73ms
step:99/1288 train_time:3236ms step_avg:32.69ms
step:100/1288 train_time:3273ms step_avg:32.73ms
step:101/1288 train_time:3301ms step_avg:32.68ms
step:102/1288 train_time:3338ms step_avg:32.73ms
step:103/1288 train_time:3366ms step_avg:32.68ms
step:104/1288 train_time:3403ms step_avg:32.73ms
step:105/1288 train_time:3431ms step_avg:32.68ms
step:106/1288 train_time:3468ms step_avg:32.72ms
step:107/1288 train_time:3496ms step_avg:32.67ms
step:108/1288 train_time:3533ms step_avg:32.71ms
step:109/1288 train_time:3562ms step_avg:32.67ms
step:110/1288 train_time:3598ms step_avg:32.71ms
step:111/1288 train_time:3626ms step_avg:32.67ms
step:112/1288 train_time:3664ms step_avg:32.71ms
step:113/1288 train_time:3692ms step_avg:32.67ms
step:114/1288 train_time:3729ms step_avg:32.71ms
step:115/1288 train_time:3756ms step_avg:32.66ms
step:116/1288 train_time:3794ms step_avg:32.70ms
step:117/1288 train_time:3822ms step_avg:32.66ms
step:118/1288 train_time:3858ms step_avg:32.70ms
step:119/1288 train_time:3887ms step_avg:32.66ms
step:120/1288 train_time:3924ms step_avg:32.70ms
step:121/1288 train_time:3952ms step_avg:32.66ms
step:122/1288 train_time:3989ms step_avg:32.70ms
step:123/1288 train_time:4017ms step_avg:32.66ms
step:124/1288 train_time:4054ms step_avg:32.69ms
step:125/1288 train_time:4082ms step_avg:32.66ms
step:126/1288 train_time:4119ms step_avg:32.69ms
step:127/1288 train_time:4147ms step_avg:32.66ms
step:128/1288 train_time:4185ms step_avg:32.69ms
step:129/1288 train_time:4212ms step_avg:32.65ms
step:130/1288 train_time:4249ms step_avg:32.69ms
step:131/1288 train_time:4277ms step_avg:32.65ms
step:132/1288 train_time:4314ms step_avg:32.68ms
step:133/1288 train_time:4342ms step_avg:32.65ms
step:134/1288 train_time:4379ms step_avg:32.68ms
step:135/1288 train_time:4407ms step_avg:32.65ms
step:136/1288 train_time:4445ms step_avg:32.68ms
step:137/1288 train_time:4472ms step_avg:32.65ms
step:138/1288 train_time:4510ms step_avg:32.68ms
step:139/1288 train_time:4537ms step_avg:32.64ms
step:140/1288 train_time:4574ms step_avg:32.67ms
step:141/1288 train_time:4603ms step_avg:32.64ms
step:142/1288 train_time:4640ms step_avg:32.67ms
step:143/1288 train_time:4668ms step_avg:32.64ms
step:144/1288 train_time:4704ms step_avg:32.67ms
step:145/1288 train_time:4732ms step_avg:32.64ms
step:146/1288 train_time:4770ms step_avg:32.67ms
step:147/1288 train_time:4798ms step_avg:32.64ms
step:148/1288 train_time:4834ms step_avg:32.66ms
step:149/1288 train_time:4862ms step_avg:32.63ms
step:150/1288 train_time:4899ms step_avg:32.66ms
step:151/1288 train_time:4927ms step_avg:32.63ms
step:152/1288 train_time:4964ms step_avg:32.66ms
step:153/1288 train_time:4992ms step_avg:32.63ms
step:154/1288 train_time:5029ms step_avg:32.66ms
step:155/1288 train_time:5057ms step_avg:32.63ms
step:156/1288 train_time:5094ms step_avg:32.65ms
step:157/1288 train_time:5122ms step_avg:32.62ms
step:158/1288 train_time:5159ms step_avg:32.65ms
step:159/1288 train_time:5187ms step_avg:32.62ms
step:160/1288 train_time:5224ms step_avg:32.65ms
step:161/1288 train_time:5251ms step_avg:32.62ms
step:162/1288 train_time:5289ms step_avg:32.65ms
step:163/1288 train_time:5316ms step_avg:32.62ms
step:164/1288 train_time:5354ms step_avg:32.65ms
step:165/1288 train_time:5381ms step_avg:32.61ms
step:166/1288 train_time:5418ms step_avg:32.64ms
step:167/1288 train_time:5446ms step_avg:32.61ms
step:168/1288 train_time:5484ms step_avg:32.64ms
step:169/1288 train_time:5511ms step_avg:32.61ms
step:170/1288 train_time:5548ms step_avg:32.64ms
step:171/1288 train_time:5576ms step_avg:32.61ms
step:172/1288 train_time:5613ms step_avg:32.63ms
step:173/1288 train_time:5641ms step_avg:32.61ms
step:174/1288 train_time:5678ms step_avg:32.63ms
step:175/1288 train_time:5706ms step_avg:32.61ms
step:176/1288 train_time:5743ms step_avg:32.63ms
step:177/1288 train_time:5771ms step_avg:32.60ms
step:178/1288 train_time:5808ms step_avg:32.63ms
step:179/1288 train_time:5836ms step_avg:32.60ms
step:180/1288 train_time:5873ms step_avg:32.63ms
step:181/1288 train_time:5901ms step_avg:32.60ms
step:182/1288 train_time:5938ms step_avg:32.62ms
step:183/1288 train_time:5965ms step_avg:32.60ms
step:184/1288 train_time:6003ms step_avg:32.62ms
step:185/1288 train_time:6030ms step_avg:32.60ms
step:186/1288 train_time:6067ms step_avg:32.62ms
step:187/1288 train_time:6095ms step_avg:32.60ms
step:188/1288 train_time:6132ms step_avg:32.62ms
step:189/1288 train_time:6160ms step_avg:32.59ms
step:190/1288 train_time:6197ms step_avg:32.62ms
step:191/1288 train_time:6225ms step_avg:32.59ms
step:192/1288 train_time:6262ms step_avg:32.61ms
step:193/1288 train_time:6290ms step_avg:32.59ms
step:194/1288 train_time:6327ms step_avg:32.61ms
step:195/1288 train_time:6355ms step_avg:32.59ms
step:196/1288 train_time:6392ms step_avg:32.61ms
step:197/1288 train_time:6420ms step_avg:32.59ms
step:198/1288 train_time:6457ms step_avg:32.61ms
step:199/1288 train_time:6485ms step_avg:32.59ms
step:200/1288 train_time:6521ms step_avg:32.61ms
step:201/1288 train_time:6549ms step_avg:32.58ms
step:202/1288 train_time:6586ms step_avg:32.61ms
step:203/1288 train_time:6614ms step_avg:32.58ms
step:204/1288 train_time:6651ms step_avg:32.60ms
step:205/1288 train_time:6679ms step_avg:32.58ms
step:206/1288 train_time:6716ms step_avg:32.60ms
step:207/1288 train_time:6744ms step_avg:32.58ms
step:208/1288 train_time:6781ms step_avg:32.60ms
step:209/1288 train_time:6809ms step_avg:32.58ms
step:210/1288 train_time:6846ms step_avg:32.60ms
step:211/1288 train_time:6874ms step_avg:32.58ms
step:212/1288 train_time:6911ms step_avg:32.60ms
step:213/1288 train_time:6939ms step_avg:32.58ms
step:214/1288 train_time:6976ms step_avg:32.60ms
step:215/1288 train_time:7004ms step_avg:32.58ms
step:216/1288 train_time:7041ms step_avg:32.60ms
step:217/1288 train_time:7069ms step_avg:32.57ms
step:218/1288 train_time:7106ms step_avg:32.59ms
step:219/1288 train_time:7134ms step_avg:32.57ms
step:220/1288 train_time:7171ms step_avg:32.60ms
step:221/1288 train_time:7199ms step_avg:32.58ms
step:222/1288 train_time:7237ms step_avg:32.60ms
step:223/1288 train_time:7264ms step_avg:32.57ms
step:224/1288 train_time:7301ms step_avg:32.60ms
step:225/1288 train_time:7330ms step_avg:32.58ms
step:226/1288 train_time:7366ms step_avg:32.59ms
step:227/1288 train_time:7394ms step_avg:32.57ms
step:228/1288 train_time:7432ms step_avg:32.59ms
step:229/1288 train_time:7459ms step_avg:32.57ms
step:230/1288 train_time:7496ms step_avg:32.59ms
step:231/1288 train_time:7524ms step_avg:32.57ms
step:232/1288 train_time:7561ms step_avg:32.59ms
step:233/1288 train_time:7589ms step_avg:32.57ms
step:234/1288 train_time:7626ms step_avg:32.59ms
step:235/1288 train_time:7653ms step_avg:32.57ms
step:236/1288 train_time:7691ms step_avg:32.59ms
step:237/1288 train_time:7718ms step_avg:32.56ms
step:238/1288 train_time:7755ms step_avg:32.58ms
step:239/1288 train_time:7783ms step_avg:32.56ms
step:240/1288 train_time:7820ms step_avg:32.58ms
step:241/1288 train_time:7848ms step_avg:32.56ms
step:242/1288 train_time:7885ms step_avg:32.58ms
step:243/1288 train_time:7913ms step_avg:32.56ms
step:244/1288 train_time:7950ms step_avg:32.58ms
step:245/1288 train_time:7978ms step_avg:32.56ms
step:246/1288 train_time:8014ms step_avg:32.58ms
step:247/1288 train_time:8042ms step_avg:32.56ms
step:248/1288 train_time:8079ms step_avg:32.58ms
step:249/1288 train_time:8107ms step_avg:32.56ms
step:250/1288 train_time:8144ms step_avg:32.58ms
step:250/1288 val_loss:4.4494 train_time:8182ms step_avg:32.73ms
step:251/1288 train_time:8200ms step_avg:32.67ms
step:252/1288 train_time:8223ms step_avg:32.63ms
step:253/1288 train_time:8241ms step_avg:32.57ms
step:254/1288 train_time:8280ms step_avg:32.60ms
step:255/1288 train_time:8309ms step_avg:32.58ms
step:256/1288 train_time:8347ms step_avg:32.60ms
step:257/1288 train_time:8375ms step_avg:32.59ms
step:258/1288 train_time:8412ms step_avg:32.61ms
step:259/1288 train_time:8440ms step_avg:32.59ms
step:260/1288 train_time:8478ms step_avg:32.61ms
step:261/1288 train_time:8505ms step_avg:32.59ms
step:262/1288 train_time:8542ms step_avg:32.60ms
step:263/1288 train_time:8570ms step_avg:32.59ms
step:264/1288 train_time:8607ms step_avg:32.60ms
step:265/1288 train_time:8635ms step_avg:32.59ms
step:266/1288 train_time:8672ms step_avg:32.60ms
step:267/1288 train_time:8700ms step_avg:32.58ms
step:268/1288 train_time:8736ms step_avg:32.60ms
step:269/1288 train_time:8764ms step_avg:32.58ms
step:270/1288 train_time:8801ms step_avg:32.60ms
step:271/1288 train_time:8829ms step_avg:32.58ms
step:272/1288 train_time:8866ms step_avg:32.59ms
step:273/1288 train_time:8894ms step_avg:32.58ms
step:274/1288 train_time:8930ms step_avg:32.59ms
step:275/1288 train_time:8958ms step_avg:32.57ms
step:276/1288 train_time:8995ms step_avg:32.59ms
step:277/1288 train_time:9023ms step_avg:32.57ms
step:278/1288 train_time:9060ms step_avg:32.59ms
step:279/1288 train_time:9088ms step_avg:32.57ms
step:280/1288 train_time:9124ms step_avg:32.59ms
step:281/1288 train_time:9152ms step_avg:32.57ms
step:282/1288 train_time:9189ms step_avg:32.58ms
step:283/1288 train_time:9217ms step_avg:32.57ms
step:284/1288 train_time:9253ms step_avg:32.58ms
step:285/1288 train_time:9281ms step_avg:32.57ms
step:286/1288 train_time:9319ms step_avg:32.58ms
step:287/1288 train_time:9347ms step_avg:32.57ms
step:288/1288 train_time:9384ms step_avg:32.58ms
step:289/1288 train_time:9412ms step_avg:32.57ms
step:290/1288 train_time:9449ms step_avg:32.58ms
step:291/1288 train_time:9477ms step_avg:32.57ms
step:292/1288 train_time:9514ms step_avg:32.58ms
step:293/1288 train_time:9542ms step_avg:32.57ms
step:294/1288 train_time:9579ms step_avg:32.58ms
step:295/1288 train_time:9607ms step_avg:32.56ms
step:296/1288 train_time:9644ms step_avg:32.58ms
step:297/1288 train_time:9672ms step_avg:32.56ms
step:298/1288 train_time:9708ms step_avg:32.58ms
step:299/1288 train_time:9736ms step_avg:32.56ms
step:300/1288 train_time:9772ms step_avg:32.57ms
step:301/1288 train_time:9801ms step_avg:32.56ms
step:302/1288 train_time:9837ms step_avg:32.57ms
step:303/1288 train_time:9865ms step_avg:32.56ms
step:304/1288 train_time:9902ms step_avg:32.57ms
step:305/1288 train_time:9930ms step_avg:32.56ms
step:306/1288 train_time:9967ms step_avg:32.57ms
step:307/1288 train_time:9995ms step_avg:32.56ms
step:308/1288 train_time:10032ms step_avg:32.57ms
step:309/1288 train_time:10060ms step_avg:32.56ms
step:310/1288 train_time:10096ms step_avg:32.57ms
step:311/1288 train_time:10124ms step_avg:32.55ms
step:312/1288 train_time:10161ms step_avg:32.57ms
step:313/1288 train_time:10189ms step_avg:32.55ms
step:314/1288 train_time:10226ms step_avg:32.57ms
step:315/1288 train_time:10254ms step_avg:32.55ms
step:316/1288 train_time:10290ms step_avg:32.56ms
step:317/1288 train_time:10318ms step_avg:32.55ms
step:318/1288 train_time:10355ms step_avg:32.56ms
step:319/1288 train_time:10383ms step_avg:32.55ms
step:320/1288 train_time:10420ms step_avg:32.56ms
step:321/1288 train_time:10448ms step_avg:32.55ms
step:322/1288 train_time:10484ms step_avg:32.56ms
step:323/1288 train_time:10513ms step_avg:32.55ms
step:324/1288 train_time:10550ms step_avg:32.56ms
step:325/1288 train_time:10578ms step_avg:32.55ms
step:326/1288 train_time:10615ms step_avg:32.56ms
step:327/1288 train_time:10643ms step_avg:32.55ms
step:328/1288 train_time:10680ms step_avg:32.56ms
step:329/1288 train_time:10708ms step_avg:32.55ms
step:330/1288 train_time:10745ms step_avg:32.56ms
step:331/1288 train_time:10772ms step_avg:32.55ms
step:332/1288 train_time:10810ms step_avg:32.56ms
step:333/1288 train_time:10838ms step_avg:32.55ms
step:334/1288 train_time:10875ms step_avg:32.56ms
step:335/1288 train_time:10902ms step_avg:32.54ms
step:336/1288 train_time:10939ms step_avg:32.56ms
step:337/1288 train_time:10967ms step_avg:32.54ms
step:338/1288 train_time:11005ms step_avg:32.56ms
step:339/1288 train_time:11032ms step_avg:32.54ms
step:340/1288 train_time:11069ms step_avg:32.56ms
step:341/1288 train_time:11097ms step_avg:32.54ms
step:342/1288 train_time:11133ms step_avg:32.55ms
step:343/1288 train_time:11161ms step_avg:32.54ms
step:344/1288 train_time:11198ms step_avg:32.55ms
step:345/1288 train_time:11226ms step_avg:32.54ms
step:346/1288 train_time:11263ms step_avg:32.55ms
step:347/1288 train_time:11291ms step_avg:32.54ms
step:348/1288 train_time:11328ms step_avg:32.55ms
step:349/1288 train_time:11356ms step_avg:32.54ms
step:350/1288 train_time:11392ms step_avg:32.55ms
step:351/1288 train_time:11420ms step_avg:32.54ms
step:352/1288 train_time:11457ms step_avg:32.55ms
step:353/1288 train_time:11485ms step_avg:32.54ms
step:354/1288 train_time:11522ms step_avg:32.55ms
step:355/1288 train_time:11550ms step_avg:32.54ms
step:356/1288 train_time:11587ms step_avg:32.55ms
step:357/1288 train_time:11615ms step_avg:32.53ms
step:358/1288 train_time:11651ms step_avg:32.55ms
step:359/1288 train_time:11680ms step_avg:32.53ms
step:360/1288 train_time:11716ms step_avg:32.55ms
step:361/1288 train_time:11744ms step_avg:32.53ms
step:362/1288 train_time:11781ms step_avg:32.54ms
step:363/1288 train_time:11809ms step_avg:32.53ms
step:364/1288 train_time:11846ms step_avg:32.54ms
step:365/1288 train_time:11874ms step_avg:32.53ms
step:366/1288 train_time:11911ms step_avg:32.54ms
step:367/1288 train_time:11939ms step_avg:32.53ms
step:368/1288 train_time:11976ms step_avg:32.54ms
step:369/1288 train_time:12004ms step_avg:32.53ms
step:370/1288 train_time:12040ms step_avg:32.54ms
step:371/1288 train_time:12068ms step_avg:32.53ms
step:372/1288 train_time:12105ms step_avg:32.54ms
step:373/1288 train_time:12133ms step_avg:32.53ms
step:374/1288 train_time:12170ms step_avg:32.54ms
step:375/1288 train_time:12198ms step_avg:32.53ms
step:376/1288 train_time:12235ms step_avg:32.54ms
step:377/1288 train_time:12262ms step_avg:32.53ms
step:378/1288 train_time:12300ms step_avg:32.54ms
step:379/1288 train_time:12327ms step_avg:32.53ms
step:380/1288 train_time:12364ms step_avg:32.54ms
step:381/1288 train_time:12392ms step_avg:32.53ms
step:382/1288 train_time:12430ms step_avg:32.54ms
step:383/1288 train_time:12457ms step_avg:32.53ms
step:384/1288 train_time:12494ms step_avg:32.54ms
step:385/1288 train_time:12521ms step_avg:32.52ms
step:386/1288 train_time:12558ms step_avg:32.53ms
step:387/1288 train_time:12586ms step_avg:32.52ms
step:388/1288 train_time:12623ms step_avg:32.53ms
step:389/1288 train_time:12651ms step_avg:32.52ms
step:390/1288 train_time:12688ms step_avg:32.53ms
step:391/1288 train_time:12716ms step_avg:32.52ms
step:392/1288 train_time:12753ms step_avg:32.53ms
step:393/1288 train_time:12780ms step_avg:32.52ms
step:394/1288 train_time:12818ms step_avg:32.53ms
step:395/1288 train_time:12845ms step_avg:32.52ms
step:396/1288 train_time:12882ms step_avg:32.53ms
step:397/1288 train_time:12910ms step_avg:32.52ms
step:398/1288 train_time:12947ms step_avg:32.53ms
step:399/1288 train_time:12975ms step_avg:32.52ms
step:400/1288 train_time:13012ms step_avg:32.53ms
step:401/1288 train_time:13040ms step_avg:32.52ms
step:402/1288 train_time:13076ms step_avg:32.53ms
step:403/1288 train_time:13104ms step_avg:32.52ms
step:404/1288 train_time:13141ms step_avg:32.53ms
step:405/1288 train_time:13169ms step_avg:32.52ms
step:406/1288 train_time:13205ms step_avg:32.53ms
step:407/1288 train_time:13234ms step_avg:32.52ms
step:408/1288 train_time:13270ms step_avg:32.53ms
step:409/1288 train_time:13298ms step_avg:32.51ms
step:410/1288 train_time:13335ms step_avg:32.52ms
step:411/1288 train_time:13363ms step_avg:32.51ms
step:412/1288 train_time:13400ms step_avg:32.52ms
step:413/1288 train_time:13428ms step_avg:32.51ms
step:414/1288 train_time:13464ms step_avg:32.52ms
step:415/1288 train_time:13492ms step_avg:32.51ms
step:416/1288 train_time:13530ms step_avg:32.52ms
step:417/1288 train_time:13558ms step_avg:32.51ms
step:418/1288 train_time:13594ms step_avg:32.52ms
step:419/1288 train_time:13622ms step_avg:32.51ms
step:420/1288 train_time:13659ms step_avg:32.52ms
step:421/1288 train_time:13687ms step_avg:32.51ms
step:422/1288 train_time:13723ms step_avg:32.52ms
step:423/1288 train_time:13751ms step_avg:32.51ms
step:424/1288 train_time:13788ms step_avg:32.52ms
step:425/1288 train_time:13818ms step_avg:32.51ms
step:426/1288 train_time:13882ms step_avg:32.59ms
step:427/1288 train_time:13936ms step_avg:32.64ms
step:428/1288 train_time:13997ms step_avg:32.70ms
step:429/1288 train_time:14052ms step_avg:32.75ms
step:430/1288 train_time:14114ms step_avg:32.82ms
step:431/1288 train_time:14169ms step_avg:32.87ms
step:432/1288 train_time:14232ms step_avg:32.95ms
step:433/1288 train_time:14285ms step_avg:32.99ms
step:434/1288 train_time:14347ms step_avg:33.06ms
step:435/1288 train_time:14400ms step_avg:33.10ms
step:436/1288 train_time:14463ms step_avg:33.17ms
step:437/1288 train_time:14518ms step_avg:33.22ms
step:438/1288 train_time:14580ms step_avg:33.29ms
step:439/1288 train_time:14635ms step_avg:33.34ms
step:440/1288 train_time:14696ms step_avg:33.40ms
step:441/1288 train_time:14751ms step_avg:33.45ms
step:442/1288 train_time:14813ms step_avg:33.51ms
step:443/1288 train_time:14866ms step_avg:33.56ms
step:444/1288 train_time:14928ms step_avg:33.62ms
step:445/1288 train_time:14982ms step_avg:33.67ms
step:446/1288 train_time:15045ms step_avg:33.73ms
step:447/1288 train_time:15100ms step_avg:33.78ms
step:448/1288 train_time:15162ms step_avg:33.84ms
step:449/1288 train_time:15217ms step_avg:33.89ms
step:450/1288 train_time:15280ms step_avg:33.96ms
step:451/1288 train_time:15334ms step_avg:34.00ms
step:452/1288 train_time:15395ms step_avg:34.06ms
step:453/1288 train_time:15450ms step_avg:34.11ms
step:454/1288 train_time:15512ms step_avg:34.17ms
step:455/1288 train_time:15566ms step_avg:34.21ms
step:456/1288 train_time:15629ms step_avg:34.27ms
step:457/1288 train_time:15683ms step_avg:34.32ms
step:458/1288 train_time:15744ms step_avg:34.38ms
step:459/1288 train_time:15799ms step_avg:34.42ms
step:460/1288 train_time:15862ms step_avg:34.48ms
step:461/1288 train_time:15916ms step_avg:34.52ms
step:462/1288 train_time:15978ms step_avg:34.58ms
step:463/1288 train_time:16032ms step_avg:34.63ms
step:464/1288 train_time:16093ms step_avg:34.68ms
step:465/1288 train_time:16147ms step_avg:34.72ms
step:466/1288 train_time:16209ms step_avg:34.78ms
step:467/1288 train_time:16263ms step_avg:34.83ms
step:468/1288 train_time:16326ms step_avg:34.89ms
step:469/1288 train_time:16381ms step_avg:34.93ms
step:470/1288 train_time:16443ms step_avg:34.99ms
step:471/1288 train_time:16497ms step_avg:35.03ms
step:472/1288 train_time:16560ms step_avg:35.08ms
step:473/1288 train_time:16614ms step_avg:35.12ms
step:474/1288 train_time:16676ms step_avg:35.18ms
step:475/1288 train_time:16730ms step_avg:35.22ms
step:476/1288 train_time:16792ms step_avg:35.28ms
step:477/1288 train_time:16846ms step_avg:35.32ms
step:478/1288 train_time:16908ms step_avg:35.37ms
step:479/1288 train_time:16962ms step_avg:35.41ms
step:480/1288 train_time:17026ms step_avg:35.47ms
step:481/1288 train_time:17079ms step_avg:35.51ms
step:482/1288 train_time:17141ms step_avg:35.56ms
step:483/1288 train_time:17195ms step_avg:35.60ms
step:484/1288 train_time:17257ms step_avg:35.66ms
step:485/1288 train_time:17311ms step_avg:35.69ms
step:486/1288 train_time:17372ms step_avg:35.75ms
step:487/1288 train_time:17426ms step_avg:35.78ms
step:488/1288 train_time:17489ms step_avg:35.84ms
step:489/1288 train_time:17544ms step_avg:35.88ms
step:490/1288 train_time:17605ms step_avg:35.93ms
step:491/1288 train_time:17660ms step_avg:35.97ms
step:492/1288 train_time:17723ms step_avg:36.02ms
step:493/1288 train_time:17777ms step_avg:36.06ms
step:494/1288 train_time:17840ms step_avg:36.11ms
step:495/1288 train_time:17893ms step_avg:36.15ms
step:496/1288 train_time:17955ms step_avg:36.20ms
step:497/1288 train_time:18009ms step_avg:36.23ms
step:498/1288 train_time:18070ms step_avg:36.29ms
step:499/1288 train_time:18124ms step_avg:36.32ms
step:500/1288 train_time:18186ms step_avg:36.37ms
step:500/1288 val_loss:4.0770 train_time:18251ms step_avg:36.50ms
step:501/1288 train_time:18271ms step_avg:36.47ms
step:502/1288 train_time:18306ms step_avg:36.47ms
step:503/1288 train_time:18361ms step_avg:36.50ms
step:504/1288 train_time:18426ms step_avg:36.56ms
step:505/1288 train_time:18482ms step_avg:36.60ms
step:506/1288 train_time:18544ms step_avg:36.65ms
step:507/1288 train_time:18598ms step_avg:36.68ms
step:508/1288 train_time:18659ms step_avg:36.73ms
step:509/1288 train_time:18713ms step_avg:36.76ms
step:510/1288 train_time:18775ms step_avg:36.81ms
step:511/1288 train_time:18828ms step_avg:36.84ms
step:512/1288 train_time:18890ms step_avg:36.89ms
step:513/1288 train_time:18942ms step_avg:36.92ms
step:514/1288 train_time:19004ms step_avg:36.97ms
step:515/1288 train_time:19057ms step_avg:37.00ms
step:516/1288 train_time:19119ms step_avg:37.05ms
step:517/1288 train_time:19174ms step_avg:37.09ms
step:518/1288 train_time:19237ms step_avg:37.14ms
step:519/1288 train_time:19291ms step_avg:37.17ms
step:520/1288 train_time:19354ms step_avg:37.22ms
step:521/1288 train_time:19409ms step_avg:37.25ms
step:522/1288 train_time:19472ms step_avg:37.30ms
step:523/1288 train_time:19527ms step_avg:37.34ms
step:524/1288 train_time:19591ms step_avg:37.39ms
step:525/1288 train_time:19645ms step_avg:37.42ms
step:526/1288 train_time:19708ms step_avg:37.47ms
step:527/1288 train_time:19762ms step_avg:37.50ms
step:528/1288 train_time:19823ms step_avg:37.54ms
step:529/1288 train_time:19877ms step_avg:37.57ms
step:530/1288 train_time:19938ms step_avg:37.62ms
step:531/1288 train_time:19991ms step_avg:37.65ms
step:532/1288 train_time:20054ms step_avg:37.69ms
step:533/1288 train_time:20107ms step_avg:37.72ms
step:534/1288 train_time:20170ms step_avg:37.77ms
step:535/1288 train_time:20225ms step_avg:37.80ms
step:536/1288 train_time:20287ms step_avg:37.85ms
step:537/1288 train_time:20341ms step_avg:37.88ms
step:538/1288 train_time:20403ms step_avg:37.92ms
step:539/1288 train_time:20458ms step_avg:37.96ms
step:540/1288 train_time:20520ms step_avg:38.00ms
step:541/1288 train_time:20574ms step_avg:38.03ms
step:542/1288 train_time:20638ms step_avg:38.08ms
step:543/1288 train_time:20692ms step_avg:38.11ms
step:544/1288 train_time:20754ms step_avg:38.15ms
step:545/1288 train_time:20806ms step_avg:38.18ms
step:546/1288 train_time:20870ms step_avg:38.22ms
step:547/1288 train_time:20924ms step_avg:38.25ms
step:548/1288 train_time:20985ms step_avg:38.29ms
step:549/1288 train_time:21039ms step_avg:38.32ms
step:550/1288 train_time:21100ms step_avg:38.36ms
step:551/1288 train_time:21155ms step_avg:38.39ms
step:552/1288 train_time:21217ms step_avg:38.44ms
step:553/1288 train_time:21271ms step_avg:38.46ms
step:554/1288 train_time:21334ms step_avg:38.51ms
step:555/1288 train_time:21388ms step_avg:38.54ms
step:556/1288 train_time:21451ms step_avg:38.58ms
step:557/1288 train_time:21505ms step_avg:38.61ms
step:558/1288 train_time:21568ms step_avg:38.65ms
step:559/1288 train_time:21622ms step_avg:38.68ms
step:560/1288 train_time:21684ms step_avg:38.72ms
step:561/1288 train_time:21737ms step_avg:38.75ms
step:562/1288 train_time:21799ms step_avg:38.79ms
step:563/1288 train_time:21853ms step_avg:38.82ms
step:564/1288 train_time:21915ms step_avg:38.86ms
step:565/1288 train_time:21969ms step_avg:38.88ms
step:566/1288 train_time:22032ms step_avg:38.93ms
step:567/1288 train_time:22086ms step_avg:38.95ms
step:568/1288 train_time:22148ms step_avg:38.99ms
step:569/1288 train_time:22202ms step_avg:39.02ms
step:570/1288 train_time:22264ms step_avg:39.06ms
step:571/1288 train_time:22318ms step_avg:39.09ms
step:572/1288 train_time:22381ms step_avg:39.13ms
step:573/1288 train_time:22435ms step_avg:39.15ms
step:574/1288 train_time:22497ms step_avg:39.19ms
step:575/1288 train_time:22551ms step_avg:39.22ms
step:576/1288 train_time:22613ms step_avg:39.26ms
step:577/1288 train_time:22667ms step_avg:39.28ms
step:578/1288 train_time:22730ms step_avg:39.32ms
step:579/1288 train_time:22784ms step_avg:39.35ms
step:580/1288 train_time:22845ms step_avg:39.39ms
step:581/1288 train_time:22899ms step_avg:39.41ms
step:582/1288 train_time:22961ms step_avg:39.45ms
step:583/1288 train_time:23014ms step_avg:39.48ms
step:584/1288 train_time:23076ms step_avg:39.51ms
step:585/1288 train_time:23130ms step_avg:39.54ms
step:586/1288 train_time:23192ms step_avg:39.58ms
step:587/1288 train_time:23246ms step_avg:39.60ms
step:588/1288 train_time:23309ms step_avg:39.64ms
step:589/1288 train_time:23364ms step_avg:39.67ms
step:590/1288 train_time:23426ms step_avg:39.71ms
step:591/1288 train_time:23480ms step_avg:39.73ms
step:592/1288 train_time:23543ms step_avg:39.77ms
step:593/1288 train_time:23597ms step_avg:39.79ms
step:594/1288 train_time:23659ms step_avg:39.83ms
step:595/1288 train_time:23713ms step_avg:39.85ms
step:596/1288 train_time:23775ms step_avg:39.89ms
step:597/1288 train_time:23829ms step_avg:39.91ms
step:598/1288 train_time:23891ms step_avg:39.95ms
step:599/1288 train_time:23945ms step_avg:39.98ms
step:600/1288 train_time:24008ms step_avg:40.01ms
step:601/1288 train_time:24062ms step_avg:40.04ms
step:602/1288 train_time:24124ms step_avg:40.07ms
step:603/1288 train_time:24178ms step_avg:40.10ms
step:604/1288 train_time:24241ms step_avg:40.13ms
step:605/1288 train_time:24295ms step_avg:40.16ms
step:606/1288 train_time:24357ms step_avg:40.19ms
step:607/1288 train_time:24410ms step_avg:40.21ms
step:608/1288 train_time:24472ms step_avg:40.25ms
step:609/1288 train_time:24526ms step_avg:40.27ms
step:610/1288 train_time:24590ms step_avg:40.31ms
step:611/1288 train_time:24645ms step_avg:40.34ms
step:612/1288 train_time:24707ms step_avg:40.37ms
step:613/1288 train_time:24761ms step_avg:40.39ms
step:614/1288 train_time:24823ms step_avg:40.43ms
step:615/1288 train_time:24876ms step_avg:40.45ms
step:616/1288 train_time:24939ms step_avg:40.49ms
step:617/1288 train_time:24992ms step_avg:40.51ms
step:618/1288 train_time:25054ms step_avg:40.54ms
step:619/1288 train_time:25108ms step_avg:40.56ms
step:620/1288 train_time:25171ms step_avg:40.60ms
step:621/1288 train_time:25225ms step_avg:40.62ms
step:622/1288 train_time:25288ms step_avg:40.66ms
step:623/1288 train_time:25342ms step_avg:40.68ms
step:624/1288 train_time:25403ms step_avg:40.71ms
step:625/1288 train_time:25457ms step_avg:40.73ms
step:626/1288 train_time:25518ms step_avg:40.76ms
step:627/1288 train_time:25574ms step_avg:40.79ms
step:628/1288 train_time:25636ms step_avg:40.82ms
step:629/1288 train_time:25689ms step_avg:40.84ms
step:630/1288 train_time:25752ms step_avg:40.88ms
step:631/1288 train_time:25806ms step_avg:40.90ms
step:632/1288 train_time:25869ms step_avg:40.93ms
step:633/1288 train_time:25923ms step_avg:40.95ms
step:634/1288 train_time:25986ms step_avg:40.99ms
step:635/1288 train_time:26039ms step_avg:41.01ms
step:636/1288 train_time:26101ms step_avg:41.04ms
step:637/1288 train_time:26155ms step_avg:41.06ms
step:638/1288 train_time:26217ms step_avg:41.09ms
step:639/1288 train_time:26271ms step_avg:41.11ms
step:640/1288 train_time:26334ms step_avg:41.15ms
step:641/1288 train_time:26388ms step_avg:41.17ms
step:642/1288 train_time:26450ms step_avg:41.20ms
step:643/1288 train_time:26504ms step_avg:41.22ms
step:644/1288 train_time:26566ms step_avg:41.25ms
step:645/1288 train_time:26621ms step_avg:41.27ms
step:646/1288 train_time:26683ms step_avg:41.30ms
step:647/1288 train_time:26736ms step_avg:41.32ms
step:648/1288 train_time:26798ms step_avg:41.35ms
step:649/1288 train_time:26852ms step_avg:41.37ms
step:650/1288 train_time:26913ms step_avg:41.40ms
step:651/1288 train_time:26968ms step_avg:41.43ms
step:652/1288 train_time:27030ms step_avg:41.46ms
step:653/1288 train_time:27085ms step_avg:41.48ms
step:654/1288 train_time:27147ms step_avg:41.51ms
step:655/1288 train_time:27203ms step_avg:41.53ms
step:656/1288 train_time:27265ms step_avg:41.56ms
step:657/1288 train_time:27319ms step_avg:41.58ms
step:658/1288 train_time:27381ms step_avg:41.61ms
step:659/1288 train_time:27435ms step_avg:41.63ms
step:660/1288 train_time:27497ms step_avg:41.66ms
step:661/1288 train_time:27551ms step_avg:41.68ms
step:662/1288 train_time:27613ms step_avg:41.71ms
step:663/1288 train_time:27667ms step_avg:41.73ms
step:664/1288 train_time:27729ms step_avg:41.76ms
step:665/1288 train_time:27785ms step_avg:41.78ms
step:666/1288 train_time:27847ms step_avg:41.81ms
step:667/1288 train_time:27901ms step_avg:41.83ms
step:668/1288 train_time:27963ms step_avg:41.86ms
step:669/1288 train_time:28016ms step_avg:41.88ms
step:670/1288 train_time:28078ms step_avg:41.91ms
step:671/1288 train_time:28131ms step_avg:41.92ms
step:672/1288 train_time:28194ms step_avg:41.96ms
step:673/1288 train_time:28248ms step_avg:41.97ms
step:674/1288 train_time:28311ms step_avg:42.00ms
step:675/1288 train_time:28364ms step_avg:42.02ms
step:676/1288 train_time:28426ms step_avg:42.05ms
step:677/1288 train_time:28481ms step_avg:42.07ms
step:678/1288 train_time:28544ms step_avg:42.10ms
step:679/1288 train_time:28597ms step_avg:42.12ms
step:680/1288 train_time:28659ms step_avg:42.15ms
step:681/1288 train_time:28712ms step_avg:42.16ms
step:682/1288 train_time:28774ms step_avg:42.19ms
step:683/1288 train_time:28828ms step_avg:42.21ms
step:684/1288 train_time:28892ms step_avg:42.24ms
step:685/1288 train_time:28946ms step_avg:42.26ms
step:686/1288 train_time:29008ms step_avg:42.29ms
step:687/1288 train_time:29062ms step_avg:42.30ms
step:688/1288 train_time:29123ms step_avg:42.33ms
step:689/1288 train_time:29178ms step_avg:42.35ms
step:690/1288 train_time:29241ms step_avg:42.38ms
step:691/1288 train_time:29295ms step_avg:42.39ms
step:692/1288 train_time:29357ms step_avg:42.42ms
step:693/1288 train_time:29410ms step_avg:42.44ms
step:694/1288 train_time:29473ms step_avg:42.47ms
step:695/1288 train_time:29527ms step_avg:42.49ms
step:696/1288 train_time:29590ms step_avg:42.51ms
step:697/1288 train_time:29644ms step_avg:42.53ms
step:698/1288 train_time:29707ms step_avg:42.56ms
step:699/1288 train_time:29761ms step_avg:42.58ms
step:700/1288 train_time:29822ms step_avg:42.60ms
step:701/1288 train_time:29876ms step_avg:42.62ms
step:702/1288 train_time:29939ms step_avg:42.65ms
step:703/1288 train_time:29992ms step_avg:42.66ms
step:704/1288 train_time:30055ms step_avg:42.69ms
step:705/1288 train_time:30109ms step_avg:42.71ms
step:706/1288 train_time:30172ms step_avg:42.74ms
step:707/1288 train_time:30226ms step_avg:42.75ms
step:708/1288 train_time:30289ms step_avg:42.78ms
step:709/1288 train_time:30343ms step_avg:42.80ms
step:710/1288 train_time:30405ms step_avg:42.82ms
step:711/1288 train_time:30458ms step_avg:42.84ms
step:712/1288 train_time:30520ms step_avg:42.87ms
step:713/1288 train_time:30574ms step_avg:42.88ms
step:714/1288 train_time:30637ms step_avg:42.91ms
step:715/1288 train_time:30690ms step_avg:42.92ms
step:716/1288 train_time:30753ms step_avg:42.95ms
step:717/1288 train_time:30807ms step_avg:42.97ms
step:718/1288 train_time:30870ms step_avg:42.99ms
step:719/1288 train_time:30924ms step_avg:43.01ms
step:720/1288 train_time:30987ms step_avg:43.04ms
step:721/1288 train_time:31041ms step_avg:43.05ms
step:722/1288 train_time:31103ms step_avg:43.08ms
step:723/1288 train_time:31157ms step_avg:43.09ms
step:724/1288 train_time:31218ms step_avg:43.12ms
step:725/1288 train_time:31273ms step_avg:43.14ms
step:726/1288 train_time:31335ms step_avg:43.16ms
step:727/1288 train_time:31389ms step_avg:43.18ms
step:728/1288 train_time:31451ms step_avg:43.20ms
step:729/1288 train_time:31505ms step_avg:43.22ms
step:730/1288 train_time:31568ms step_avg:43.24ms
step:731/1288 train_time:31622ms step_avg:43.26ms
step:732/1288 train_time:31683ms step_avg:43.28ms
step:733/1288 train_time:31737ms step_avg:43.30ms
step:734/1288 train_time:31799ms step_avg:43.32ms
step:735/1288 train_time:31853ms step_avg:43.34ms
step:736/1288 train_time:31915ms step_avg:43.36ms
step:737/1288 train_time:31969ms step_avg:43.38ms
step:738/1288 train_time:32032ms step_avg:43.40ms
step:739/1288 train_time:32086ms step_avg:43.42ms
step:740/1288 train_time:32149ms step_avg:43.45ms
step:741/1288 train_time:32204ms step_avg:43.46ms
step:742/1288 train_time:32266ms step_avg:43.48ms
step:743/1288 train_time:32321ms step_avg:43.50ms
step:744/1288 train_time:32382ms step_avg:43.52ms
step:745/1288 train_time:32436ms step_avg:43.54ms
step:746/1288 train_time:32498ms step_avg:43.56ms
step:747/1288 train_time:32551ms step_avg:43.58ms
step:748/1288 train_time:32613ms step_avg:43.60ms
step:749/1288 train_time:32668ms step_avg:43.62ms
step:750/1288 train_time:32731ms step_avg:43.64ms
step:750/1288 val_loss:3.6606 train_time:32795ms step_avg:43.73ms
step:751/1288 train_time:32816ms step_avg:43.70ms
step:752/1288 train_time:32852ms step_avg:43.69ms
step:753/1288 train_time:32910ms step_avg:43.70ms
step:754/1288 train_time:32973ms step_avg:43.73ms
step:755/1288 train_time:33027ms step_avg:43.74ms
step:756/1288 train_time:33089ms step_avg:43.77ms
step:757/1288 train_time:33144ms step_avg:43.78ms
step:758/1288 train_time:33205ms step_avg:43.81ms
step:759/1288 train_time:33259ms step_avg:43.82ms
step:760/1288 train_time:33320ms step_avg:43.84ms
step:761/1288 train_time:33373ms step_avg:43.85ms
step:762/1288 train_time:33435ms step_avg:43.88ms
step:763/1288 train_time:33488ms step_avg:43.89ms
step:764/1288 train_time:33549ms step_avg:43.91ms
step:765/1288 train_time:33603ms step_avg:43.93ms
step:766/1288 train_time:33664ms step_avg:43.95ms
step:767/1288 train_time:33718ms step_avg:43.96ms
step:768/1288 train_time:33782ms step_avg:43.99ms
step:769/1288 train_time:33837ms step_avg:44.00ms
step:770/1288 train_time:33900ms step_avg:44.03ms
step:771/1288 train_time:33955ms step_avg:44.04ms
step:772/1288 train_time:34018ms step_avg:44.06ms
step:773/1288 train_time:34072ms step_avg:44.08ms
step:774/1288 train_time:34135ms step_avg:44.10ms
step:775/1288 train_time:34189ms step_avg:44.12ms
step:776/1288 train_time:34251ms step_avg:44.14ms
step:777/1288 train_time:34304ms step_avg:44.15ms
step:778/1288 train_time:34366ms step_avg:44.17ms
step:779/1288 train_time:34419ms step_avg:44.18ms
step:780/1288 train_time:34481ms step_avg:44.21ms
step:781/1288 train_time:34535ms step_avg:44.22ms
step:782/1288 train_time:34596ms step_avg:44.24ms
step:783/1288 train_time:34650ms step_avg:44.25ms
step:784/1288 train_time:34711ms step_avg:44.27ms
step:785/1288 train_time:34766ms step_avg:44.29ms
step:786/1288 train_time:34830ms step_avg:44.31ms
step:787/1288 train_time:34884ms step_avg:44.33ms
step:788/1288 train_time:34947ms step_avg:44.35ms
step:789/1288 train_time:35001ms step_avg:44.36ms
step:790/1288 train_time:35063ms step_avg:44.38ms
step:791/1288 train_time:35118ms step_avg:44.40ms
step:792/1288 train_time:35181ms step_avg:44.42ms
step:793/1288 train_time:35235ms step_avg:44.43ms
step:794/1288 train_time:35298ms step_avg:44.46ms
step:795/1288 train_time:35351ms step_avg:44.47ms
step:796/1288 train_time:35413ms step_avg:44.49ms
step:797/1288 train_time:35466ms step_avg:44.50ms
step:798/1288 train_time:35528ms step_avg:44.52ms
step:799/1288 train_time:35581ms step_avg:44.53ms
step:800/1288 train_time:35644ms step_avg:44.55ms
step:801/1288 train_time:35697ms step_avg:44.57ms
step:802/1288 train_time:35759ms step_avg:44.59ms
step:803/1288 train_time:35814ms step_avg:44.60ms
step:804/1288 train_time:35876ms step_avg:44.62ms
step:805/1288 train_time:35932ms step_avg:44.64ms
step:806/1288 train_time:35994ms step_avg:44.66ms
step:807/1288 train_time:36048ms step_avg:44.67ms
step:808/1288 train_time:36110ms step_avg:44.69ms
step:809/1288 train_time:36165ms step_avg:44.70ms
step:810/1288 train_time:36226ms step_avg:44.72ms
step:811/1288 train_time:36281ms step_avg:44.74ms
step:812/1288 train_time:36343ms step_avg:44.76ms
step:813/1288 train_time:36397ms step_avg:44.77ms
step:814/1288 train_time:36458ms step_avg:44.79ms
step:815/1288 train_time:36512ms step_avg:44.80ms
step:816/1288 train_time:36575ms step_avg:44.82ms
step:817/1288 train_time:36629ms step_avg:44.83ms
step:818/1288 train_time:36691ms step_avg:44.85ms
step:819/1288 train_time:36745ms step_avg:44.87ms
step:820/1288 train_time:36807ms step_avg:44.89ms
step:821/1288 train_time:36861ms step_avg:44.90ms
step:822/1288 train_time:36923ms step_avg:44.92ms
step:823/1288 train_time:36979ms step_avg:44.93ms
step:824/1288 train_time:37041ms step_avg:44.95ms
step:825/1288 train_time:37095ms step_avg:44.96ms
step:826/1288 train_time:37158ms step_avg:44.99ms
step:827/1288 train_time:37213ms step_avg:45.00ms
step:828/1288 train_time:37275ms step_avg:45.02ms
step:829/1288 train_time:37330ms step_avg:45.03ms
step:830/1288 train_time:37391ms step_avg:45.05ms
step:831/1288 train_time:37445ms step_avg:45.06ms
step:832/1288 train_time:37507ms step_avg:45.08ms
step:833/1288 train_time:37560ms step_avg:45.09ms
step:834/1288 train_time:37622ms step_avg:45.11ms
step:835/1288 train_time:37676ms step_avg:45.12ms
step:836/1288 train_time:37739ms step_avg:45.14ms
step:837/1288 train_time:37793ms step_avg:45.15ms
step:838/1288 train_time:37855ms step_avg:45.17ms
step:839/1288 train_time:37910ms step_avg:45.18ms
step:840/1288 train_time:37972ms step_avg:45.20ms
step:841/1288 train_time:38026ms step_avg:45.21ms
step:842/1288 train_time:38087ms step_avg:45.23ms
step:843/1288 train_time:38141ms step_avg:45.24ms
step:844/1288 train_time:38204ms step_avg:45.27ms
step:845/1288 train_time:38257ms step_avg:45.27ms
step:846/1288 train_time:38320ms step_avg:45.29ms
step:847/1288 train_time:38375ms step_avg:45.31ms
step:848/1288 train_time:38437ms step_avg:45.33ms
step:849/1288 train_time:38491ms step_avg:45.34ms
step:850/1288 train_time:38555ms step_avg:45.36ms
step:851/1288 train_time:38638ms step_avg:45.40ms
step:852/1288 train_time:38727ms step_avg:45.45ms
step:853/1288 train_time:38807ms step_avg:45.49ms
step:854/1288 train_time:38895ms step_avg:45.54ms
step:855/1288 train_time:38977ms step_avg:45.59ms
step:856/1288 train_time:39065ms step_avg:45.64ms
step:857/1288 train_time:39146ms step_avg:45.68ms
step:858/1288 train_time:39232ms step_avg:45.72ms
step:859/1288 train_time:39313ms step_avg:45.77ms
step:860/1288 train_time:39401ms step_avg:45.82ms
step:861/1288 train_time:39482ms step_avg:45.86ms
step:862/1288 train_time:39569ms step_avg:45.90ms
step:863/1288 train_time:39649ms step_avg:45.94ms
step:864/1288 train_time:39736ms step_avg:45.99ms
step:865/1288 train_time:39818ms step_avg:46.03ms
step:866/1288 train_time:39906ms step_avg:46.08ms
step:867/1288 train_time:39988ms step_avg:46.12ms
step:868/1288 train_time:40075ms step_avg:46.17ms
step:869/1288 train_time:40157ms step_avg:46.21ms
step:870/1288 train_time:40244ms step_avg:46.26ms
step:871/1288 train_time:40324ms step_avg:46.30ms
step:872/1288 train_time:40412ms step_avg:46.34ms
step:873/1288 train_time:40492ms step_avg:46.38ms
step:874/1288 train_time:40579ms step_avg:46.43ms
step:875/1288 train_time:40660ms step_avg:46.47ms
step:876/1288 train_time:40747ms step_avg:46.51ms
step:877/1288 train_time:40828ms step_avg:46.55ms
step:878/1288 train_time:40915ms step_avg:46.60ms
step:879/1288 train_time:40998ms step_avg:46.64ms
step:880/1288 train_time:41086ms step_avg:46.69ms
step:881/1288 train_time:41166ms step_avg:46.73ms
step:882/1288 train_time:41253ms step_avg:46.77ms
step:883/1288 train_time:41334ms step_avg:46.81ms
step:884/1288 train_time:41422ms step_avg:46.86ms
step:885/1288 train_time:41502ms step_avg:46.90ms
step:886/1288 train_time:41588ms step_avg:46.94ms
step:887/1288 train_time:41669ms step_avg:46.98ms
step:888/1288 train_time:41756ms step_avg:47.02ms
step:889/1288 train_time:41838ms step_avg:47.06ms
step:890/1288 train_time:41925ms step_avg:47.11ms
step:891/1288 train_time:42006ms step_avg:47.15ms
step:892/1288 train_time:42094ms step_avg:47.19ms
step:893/1288 train_time:42176ms step_avg:47.23ms
step:894/1288 train_time:42264ms step_avg:47.28ms
step:895/1288 train_time:42345ms step_avg:47.31ms
step:896/1288 train_time:42431ms step_avg:47.36ms
step:897/1288 train_time:42512ms step_avg:47.39ms
step:898/1288 train_time:42600ms step_avg:47.44ms
step:899/1288 train_time:42682ms step_avg:47.48ms
step:900/1288 train_time:42769ms step_avg:47.52ms
step:901/1288 train_time:42849ms step_avg:47.56ms
step:902/1288 train_time:42936ms step_avg:47.60ms
step:903/1288 train_time:43018ms step_avg:47.64ms
step:904/1288 train_time:43106ms step_avg:47.68ms
step:905/1288 train_time:43187ms step_avg:47.72ms
step:906/1288 train_time:43275ms step_avg:47.76ms
step:907/1288 train_time:43356ms step_avg:47.80ms
step:908/1288 train_time:43443ms step_avg:47.84ms
step:909/1288 train_time:43523ms step_avg:47.88ms
step:910/1288 train_time:43610ms step_avg:47.92ms
step:911/1288 train_time:43691ms step_avg:47.96ms
step:912/1288 train_time:43778ms step_avg:48.00ms
step:913/1288 train_time:43859ms step_avg:48.04ms
step:914/1288 train_time:43947ms step_avg:48.08ms
step:915/1288 train_time:44028ms step_avg:48.12ms
step:916/1288 train_time:44116ms step_avg:48.16ms
step:917/1288 train_time:44198ms step_avg:48.20ms
step:918/1288 train_time:44285ms step_avg:48.24ms
step:919/1288 train_time:44366ms step_avg:48.28ms
step:920/1288 train_time:44453ms step_avg:48.32ms
step:921/1288 train_time:44535ms step_avg:48.35ms
step:922/1288 train_time:44623ms step_avg:48.40ms
step:923/1288 train_time:44704ms step_avg:48.43ms
step:924/1288 train_time:44790ms step_avg:48.47ms
step:925/1288 train_time:44871ms step_avg:48.51ms
step:926/1288 train_time:44959ms step_avg:48.55ms
step:927/1288 train_time:45041ms step_avg:48.59ms
step:928/1288 train_time:45128ms step_avg:48.63ms
step:929/1288 train_time:45209ms step_avg:48.66ms
step:930/1288 train_time:45295ms step_avg:48.70ms
step:931/1288 train_time:45378ms step_avg:48.74ms
step:932/1288 train_time:45466ms step_avg:48.78ms
step:933/1288 train_time:45547ms step_avg:48.82ms
step:934/1288 train_time:45634ms step_avg:48.86ms
step:935/1288 train_time:45716ms step_avg:48.89ms
step:936/1288 train_time:45803ms step_avg:48.94ms
step:937/1288 train_time:45884ms step_avg:48.97ms
step:938/1288 train_time:45971ms step_avg:49.01ms
step:939/1288 train_time:46051ms step_avg:49.04ms
step:940/1288 train_time:46139ms step_avg:49.08ms
step:941/1288 train_time:46221ms step_avg:49.12ms
step:942/1288 train_time:46308ms step_avg:49.16ms
step:943/1288 train_time:46389ms step_avg:49.19ms
step:944/1288 train_time:46478ms step_avg:49.23ms
step:945/1288 train_time:46558ms step_avg:49.27ms
step:946/1288 train_time:46646ms step_avg:49.31ms
step:947/1288 train_time:46727ms step_avg:49.34ms
step:948/1288 train_time:46815ms step_avg:49.38ms
step:949/1288 train_time:46898ms step_avg:49.42ms
step:950/1288 train_time:46986ms step_avg:49.46ms
step:951/1288 train_time:47067ms step_avg:49.49ms
step:952/1288 train_time:47154ms step_avg:49.53ms
step:953/1288 train_time:47235ms step_avg:49.56ms
step:954/1288 train_time:47323ms step_avg:49.60ms
step:955/1288 train_time:47404ms step_avg:49.64ms
step:956/1288 train_time:47490ms step_avg:49.68ms
step:957/1288 train_time:47571ms step_avg:49.71ms
step:958/1288 train_time:47659ms step_avg:49.75ms
step:959/1288 train_time:47740ms step_avg:49.78ms
step:960/1288 train_time:47827ms step_avg:49.82ms
step:961/1288 train_time:47908ms step_avg:49.85ms
step:962/1288 train_time:47995ms step_avg:49.89ms
step:963/1288 train_time:48077ms step_avg:49.92ms
step:964/1288 train_time:48164ms step_avg:49.96ms
step:965/1288 train_time:48245ms step_avg:49.99ms
step:966/1288 train_time:48332ms step_avg:50.03ms
step:967/1288 train_time:48414ms step_avg:50.07ms
step:968/1288 train_time:48501ms step_avg:50.10ms
step:969/1288 train_time:48582ms step_avg:50.14ms
step:970/1288 train_time:48670ms step_avg:50.17ms
step:971/1288 train_time:48750ms step_avg:50.21ms
step:972/1288 train_time:48837ms step_avg:50.24ms
step:973/1288 train_time:48919ms step_avg:50.28ms
step:974/1288 train_time:49007ms step_avg:50.32ms
step:975/1288 train_time:49087ms step_avg:50.35ms
step:976/1288 train_time:49174ms step_avg:50.38ms
step:977/1288 train_time:49256ms step_avg:50.42ms
step:978/1288 train_time:49343ms step_avg:50.45ms
step:979/1288 train_time:49425ms step_avg:50.48ms
step:980/1288 train_time:49510ms step_avg:50.52ms
step:981/1288 train_time:49592ms step_avg:50.55ms
step:982/1288 train_time:49680ms step_avg:50.59ms
step:983/1288 train_time:49762ms step_avg:50.62ms
step:984/1288 train_time:49848ms step_avg:50.66ms
step:985/1288 train_time:49928ms step_avg:50.69ms
step:986/1288 train_time:50017ms step_avg:50.73ms
step:987/1288 train_time:50099ms step_avg:50.76ms
step:988/1288 train_time:50186ms step_avg:50.80ms
step:989/1288 train_time:50267ms step_avg:50.83ms
step:990/1288 train_time:50355ms step_avg:50.86ms
step:991/1288 train_time:50438ms step_avg:50.90ms
step:992/1288 train_time:50525ms step_avg:50.93ms
step:993/1288 train_time:50607ms step_avg:50.96ms
step:994/1288 train_time:50694ms step_avg:51.00ms
step:995/1288 train_time:50776ms step_avg:51.03ms
step:996/1288 train_time:50864ms step_avg:51.07ms
step:997/1288 train_time:50944ms step_avg:51.10ms
step:998/1288 train_time:51030ms step_avg:51.13ms
step:999/1288 train_time:51110ms step_avg:51.16ms
step:1000/1288 train_time:51198ms step_avg:51.20ms
step:1000/1288 val_loss:3.4195 train_time:51291ms step_avg:51.29ms
step:1001/1288 train_time:51312ms step_avg:51.26ms
step:1002/1288 train_time:51375ms step_avg:51.27ms
step:1003/1288 train_time:51460ms step_avg:51.31ms
step:1004/1288 train_time:51548ms step_avg:51.34ms
step:1005/1288 train_time:51627ms step_avg:51.37ms
step:1006/1288 train_time:51715ms step_avg:51.41ms
step:1007/1288 train_time:51796ms step_avg:51.44ms
step:1008/1288 train_time:51883ms step_avg:51.47ms
step:1009/1288 train_time:51963ms step_avg:51.50ms
step:1010/1288 train_time:52049ms step_avg:51.53ms
step:1011/1288 train_time:52128ms step_avg:51.56ms
step:1012/1288 train_time:52215ms step_avg:51.60ms
step:1013/1288 train_time:52298ms step_avg:51.63ms
step:1014/1288 train_time:52387ms step_avg:51.66ms
step:1015/1288 train_time:52469ms step_avg:51.69ms
step:1016/1288 train_time:52558ms step_avg:51.73ms
step:1017/1288 train_time:52639ms step_avg:51.76ms
step:1018/1288 train_time:52725ms step_avg:51.79ms
step:1019/1288 train_time:52806ms step_avg:51.82ms
step:1020/1288 train_time:52893ms step_avg:51.86ms
step:1021/1288 train_time:52975ms step_avg:51.89ms
step:1022/1288 train_time:53062ms step_avg:51.92ms
step:1023/1288 train_time:53142ms step_avg:51.95ms
step:1024/1288 train_time:53228ms step_avg:51.98ms
step:1025/1288 train_time:53310ms step_avg:52.01ms
step:1026/1288 train_time:53400ms step_avg:52.05ms
step:1027/1288 train_time:53481ms step_avg:52.08ms
step:1028/1288 train_time:53569ms step_avg:52.11ms
step:1029/1288 train_time:53649ms step_avg:52.14ms
step:1030/1288 train_time:53739ms step_avg:52.17ms
step:1031/1288 train_time:53819ms step_avg:52.20ms
step:1032/1288 train_time:53905ms step_avg:52.23ms
step:1033/1288 train_time:53986ms step_avg:52.26ms
step:1034/1288 train_time:54073ms step_avg:52.29ms
step:1035/1288 train_time:54154ms step_avg:52.32ms
step:1036/1288 train_time:54242ms step_avg:52.36ms
step:1037/1288 train_time:54324ms step_avg:52.39ms
step:1038/1288 train_time:54412ms step_avg:52.42ms
step:1039/1288 train_time:54495ms step_avg:52.45ms
step:1040/1288 train_time:54583ms step_avg:52.48ms
step:1041/1288 train_time:54664ms step_avg:52.51ms
step:1042/1288 train_time:54751ms step_avg:52.54ms
step:1043/1288 train_time:54832ms step_avg:52.57ms
step:1044/1288 train_time:54919ms step_avg:52.60ms
step:1045/1288 train_time:55000ms step_avg:52.63ms
step:1046/1288 train_time:55087ms step_avg:52.66ms
step:1047/1288 train_time:55167ms step_avg:52.69ms
step:1048/1288 train_time:55254ms step_avg:52.72ms
step:1049/1288 train_time:55336ms step_avg:52.75ms
step:1050/1288 train_time:55424ms step_avg:52.78ms
step:1051/1288 train_time:55505ms step_avg:52.81ms
step:1052/1288 train_time:55594ms step_avg:52.85ms
step:1053/1288 train_time:55675ms step_avg:52.87ms
step:1054/1288 train_time:55764ms step_avg:52.91ms
step:1055/1288 train_time:55845ms step_avg:52.93ms
step:1056/1288 train_time:55932ms step_avg:52.97ms
step:1057/1288 train_time:56014ms step_avg:52.99ms
step:1058/1288 train_time:56101ms step_avg:53.03ms
step:1059/1288 train_time:56182ms step_avg:53.05ms
step:1060/1288 train_time:56269ms step_avg:53.08ms
step:1061/1288 train_time:56349ms step_avg:53.11ms
step:1062/1288 train_time:56437ms step_avg:53.14ms
step:1063/1288 train_time:56519ms step_avg:53.17ms
step:1064/1288 train_time:56606ms step_avg:53.20ms
step:1065/1288 train_time:56687ms step_avg:53.23ms
step:1066/1288 train_time:56775ms step_avg:53.26ms
step:1067/1288 train_time:56856ms step_avg:53.29ms
step:1068/1288 train_time:56943ms step_avg:53.32ms
step:1069/1288 train_time:57024ms step_avg:53.34ms
step:1070/1288 train_time:57112ms step_avg:53.38ms
step:1071/1288 train_time:57194ms step_avg:53.40ms
step:1072/1288 train_time:57281ms step_avg:53.43ms
step:1073/1288 train_time:57362ms step_avg:53.46ms
step:1074/1288 train_time:57449ms step_avg:53.49ms
step:1075/1288 train_time:57530ms step_avg:53.52ms
step:1076/1288 train_time:57618ms step_avg:53.55ms
step:1077/1288 train_time:57699ms step_avg:53.57ms
step:1078/1288 train_time:57787ms step_avg:53.61ms
step:1079/1288 train_time:57866ms step_avg:53.63ms
step:1080/1288 train_time:57955ms step_avg:53.66ms
step:1081/1288 train_time:58036ms step_avg:53.69ms
step:1082/1288 train_time:58123ms step_avg:53.72ms
step:1083/1288 train_time:58204ms step_avg:53.74ms
step:1084/1288 train_time:58292ms step_avg:53.77ms
step:1085/1288 train_time:58375ms step_avg:53.80ms
step:1086/1288 train_time:58463ms step_avg:53.83ms
step:1087/1288 train_time:58544ms step_avg:53.86ms
step:1088/1288 train_time:58632ms step_avg:53.89ms
step:1089/1288 train_time:58715ms step_avg:53.92ms
step:1090/1288 train_time:58803ms step_avg:53.95ms
step:1091/1288 train_time:58884ms step_avg:53.97ms
step:1092/1288 train_time:58971ms step_avg:54.00ms
step:1093/1288 train_time:59052ms step_avg:54.03ms
step:1094/1288 train_time:59139ms step_avg:54.06ms
step:1095/1288 train_time:59219ms step_avg:54.08ms
step:1096/1288 train_time:59308ms step_avg:54.11ms
step:1097/1288 train_time:59388ms step_avg:54.14ms
step:1098/1288 train_time:59476ms step_avg:54.17ms
step:1099/1288 train_time:59558ms step_avg:54.19ms
step:1100/1288 train_time:59644ms step_avg:54.22ms
step:1101/1288 train_time:59725ms step_avg:54.25ms
step:1102/1288 train_time:59812ms step_avg:54.28ms
step:1103/1288 train_time:59894ms step_avg:54.30ms
step:1104/1288 train_time:59982ms step_avg:54.33ms
step:1105/1288 train_time:60063ms step_avg:54.36ms
step:1106/1288 train_time:60150ms step_avg:54.38ms
step:1107/1288 train_time:60231ms step_avg:54.41ms
step:1108/1288 train_time:60319ms step_avg:54.44ms
step:1109/1288 train_time:60400ms step_avg:54.46ms
step:1110/1288 train_time:60487ms step_avg:54.49ms
step:1111/1288 train_time:60568ms step_avg:54.52ms
step:1112/1288 train_time:60657ms step_avg:54.55ms
step:1113/1288 train_time:60738ms step_avg:54.57ms
step:1114/1288 train_time:60826ms step_avg:54.60ms
step:1115/1288 train_time:60906ms step_avg:54.62ms
step:1116/1288 train_time:60993ms step_avg:54.65ms
step:1117/1288 train_time:61075ms step_avg:54.68ms
step:1118/1288 train_time:61163ms step_avg:54.71ms
step:1119/1288 train_time:61244ms step_avg:54.73ms
step:1120/1288 train_time:61331ms step_avg:54.76ms
step:1121/1288 train_time:61413ms step_avg:54.78ms
step:1122/1288 train_time:61501ms step_avg:54.81ms
step:1123/1288 train_time:61582ms step_avg:54.84ms
step:1124/1288 train_time:61669ms step_avg:54.87ms
step:1125/1288 train_time:61749ms step_avg:54.89ms
step:1126/1288 train_time:61838ms step_avg:54.92ms
step:1127/1288 train_time:61920ms step_avg:54.94ms
step:1128/1288 train_time:62006ms step_avg:54.97ms
step:1129/1288 train_time:62087ms step_avg:54.99ms
step:1130/1288 train_time:62174ms step_avg:55.02ms
step:1131/1288 train_time:62256ms step_avg:55.04ms
step:1132/1288 train_time:62343ms step_avg:55.07ms
step:1133/1288 train_time:62425ms step_avg:55.10ms
step:1134/1288 train_time:62512ms step_avg:55.13ms
step:1135/1288 train_time:62594ms step_avg:55.15ms
step:1136/1288 train_time:62683ms step_avg:55.18ms
step:1137/1288 train_time:62764ms step_avg:55.20ms
step:1138/1288 train_time:62852ms step_avg:55.23ms
step:1139/1288 train_time:62934ms step_avg:55.25ms
step:1140/1288 train_time:63022ms step_avg:55.28ms
step:1141/1288 train_time:63103ms step_avg:55.30ms
step:1142/1288 train_time:63189ms step_avg:55.33ms
step:1143/1288 train_time:63272ms step_avg:55.36ms
step:1144/1288 train_time:63360ms step_avg:55.38ms
step:1145/1288 train_time:63441ms step_avg:55.41ms
step:1146/1288 train_time:63528ms step_avg:55.43ms
step:1147/1288 train_time:63608ms step_avg:55.46ms
step:1148/1288 train_time:63696ms step_avg:55.48ms
step:1149/1288 train_time:63778ms step_avg:55.51ms
step:1150/1288 train_time:63865ms step_avg:55.53ms
step:1151/1288 train_time:63945ms step_avg:55.56ms
step:1152/1288 train_time:64032ms step_avg:55.58ms
step:1153/1288 train_time:64115ms step_avg:55.61ms
step:1154/1288 train_time:64202ms step_avg:55.63ms
step:1155/1288 train_time:64284ms step_avg:55.66ms
step:1156/1288 train_time:64372ms step_avg:55.69ms
step:1157/1288 train_time:64455ms step_avg:55.71ms
step:1158/1288 train_time:64542ms step_avg:55.74ms
step:1159/1288 train_time:64623ms step_avg:55.76ms
step:1160/1288 train_time:64711ms step_avg:55.78ms
step:1161/1288 train_time:64792ms step_avg:55.81ms
step:1162/1288 train_time:64880ms step_avg:55.84ms
step:1163/1288 train_time:64961ms step_avg:55.86ms
step:1164/1288 train_time:65048ms step_avg:55.88ms
step:1165/1288 train_time:65129ms step_avg:55.90ms
step:1166/1288 train_time:65216ms step_avg:55.93ms
step:1167/1288 train_time:65298ms step_avg:55.95ms
step:1168/1288 train_time:65386ms step_avg:55.98ms
step:1169/1288 train_time:65467ms step_avg:56.00ms
step:1170/1288 train_time:65554ms step_avg:56.03ms
step:1171/1288 train_time:65635ms step_avg:56.05ms
step:1172/1288 train_time:65724ms step_avg:56.08ms
step:1173/1288 train_time:65805ms step_avg:56.10ms
step:1174/1288 train_time:65892ms step_avg:56.13ms
step:1175/1288 train_time:65976ms step_avg:56.15ms
step:1176/1288 train_time:66062ms step_avg:56.18ms
step:1177/1288 train_time:66144ms step_avg:56.20ms
step:1178/1288 train_time:66231ms step_avg:56.22ms
step:1179/1288 train_time:66313ms step_avg:56.25ms
step:1180/1288 train_time:66401ms step_avg:56.27ms
step:1181/1288 train_time:66481ms step_avg:56.29ms
step:1182/1288 train_time:66569ms step_avg:56.32ms
step:1183/1288 train_time:66651ms step_avg:56.34ms
step:1184/1288 train_time:66739ms step_avg:56.37ms
step:1185/1288 train_time:66820ms step_avg:56.39ms
step:1186/1288 train_time:66907ms step_avg:56.41ms
step:1187/1288 train_time:66987ms step_avg:56.43ms
step:1188/1288 train_time:67075ms step_avg:56.46ms
step:1189/1288 train_time:67156ms step_avg:56.48ms
step:1190/1288 train_time:67242ms step_avg:56.51ms
step:1191/1288 train_time:67323ms step_avg:56.53ms
step:1192/1288 train_time:67412ms step_avg:56.55ms
step:1193/1288 train_time:67494ms step_avg:56.57ms
step:1194/1288 train_time:67582ms step_avg:56.60ms
step:1195/1288 train_time:67663ms step_avg:56.62ms
step:1196/1288 train_time:67750ms step_avg:56.65ms
step:1197/1288 train_time:67831ms step_avg:56.67ms
step:1198/1288 train_time:67918ms step_avg:56.69ms
step:1199/1288 train_time:67999ms step_avg:56.71ms
step:1200/1288 train_time:68087ms step_avg:56.74ms
step:1201/1288 train_time:68167ms step_avg:56.76ms
step:1202/1288 train_time:68254ms step_avg:56.78ms
step:1203/1288 train_time:68337ms step_avg:56.81ms
step:1204/1288 train_time:68424ms step_avg:56.83ms
step:1205/1288 train_time:68505ms step_avg:56.85ms
step:1206/1288 train_time:68593ms step_avg:56.88ms
step:1207/1288 train_time:68675ms step_avg:56.90ms
step:1208/1288 train_time:68763ms step_avg:56.92ms
step:1209/1288 train_time:68844ms step_avg:56.94ms
step:1210/1288 train_time:68931ms step_avg:56.97ms
step:1211/1288 train_time:69012ms step_avg:56.99ms
step:1212/1288 train_time:69100ms step_avg:57.01ms
step:1213/1288 train_time:69181ms step_avg:57.03ms
step:1214/1288 train_time:69268ms step_avg:57.06ms
step:1215/1288 train_time:69349ms step_avg:57.08ms
step:1216/1288 train_time:69436ms step_avg:57.10ms
step:1217/1288 train_time:69518ms step_avg:57.12ms
step:1218/1288 train_time:69605ms step_avg:57.15ms
step:1219/1288 train_time:69686ms step_avg:57.17ms
step:1220/1288 train_time:69774ms step_avg:57.19ms
step:1221/1288 train_time:69856ms step_avg:57.21ms
step:1222/1288 train_time:69943ms step_avg:57.24ms
step:1223/1288 train_time:70024ms step_avg:57.26ms
step:1224/1288 train_time:70111ms step_avg:57.28ms
step:1225/1288 train_time:70193ms step_avg:57.30ms
step:1226/1288 train_time:70281ms step_avg:57.33ms
step:1227/1288 train_time:70362ms step_avg:57.34ms
step:1228/1288 train_time:70448ms step_avg:57.37ms
step:1229/1288 train_time:70530ms step_avg:57.39ms
step:1230/1288 train_time:70617ms step_avg:57.41ms
step:1231/1288 train_time:70699ms step_avg:57.43ms
step:1232/1288 train_time:70787ms step_avg:57.46ms
step:1233/1288 train_time:70867ms step_avg:57.48ms
step:1234/1288 train_time:70955ms step_avg:57.50ms
step:1235/1288 train_time:71037ms step_avg:57.52ms
step:1236/1288 train_time:71124ms step_avg:57.54ms
step:1237/1288 train_time:71206ms step_avg:57.56ms
step:1238/1288 train_time:71293ms step_avg:57.59ms
step:1239/1288 train_time:71375ms step_avg:57.61ms
step:1240/1288 train_time:71464ms step_avg:57.63ms
step:1241/1288 train_time:71544ms step_avg:57.65ms
step:1242/1288 train_time:71629ms step_avg:57.67ms
step:1243/1288 train_time:71712ms step_avg:57.69ms
step:1244/1288 train_time:71801ms step_avg:57.72ms
step:1245/1288 train_time:71881ms step_avg:57.74ms
step:1246/1288 train_time:71970ms step_avg:57.76ms
step:1247/1288 train_time:72052ms step_avg:57.78ms
step:1248/1288 train_time:72140ms step_avg:57.80ms
step:1249/1288 train_time:72220ms step_avg:57.82ms
step:1250/1288 train_time:72307ms step_avg:57.85ms
step:1250/1288 val_loss:3.2973 train_time:72399ms step_avg:57.92ms
step:1251/1288 train_time:72420ms step_avg:57.89ms
step:1252/1288 train_time:72480ms step_avg:57.89ms
step:1253/1288 train_time:72566ms step_avg:57.91ms
step:1254/1288 train_time:72654ms step_avg:57.94ms
step:1255/1288 train_time:72735ms step_avg:57.96ms
step:1256/1288 train_time:72822ms step_avg:57.98ms
step:1257/1288 train_time:72902ms step_avg:58.00ms
step:1258/1288 train_time:72989ms step_avg:58.02ms
step:1259/1288 train_time:73070ms step_avg:58.04ms
step:1260/1288 train_time:73156ms step_avg:58.06ms
step:1261/1288 train_time:73236ms step_avg:58.08ms
step:1262/1288 train_time:73324ms step_avg:58.10ms
step:1263/1288 train_time:73407ms step_avg:58.12ms
step:1264/1288 train_time:73497ms step_avg:58.15ms
step:1265/1288 train_time:73583ms step_avg:58.17ms
step:1266/1288 train_time:73671ms step_avg:58.19ms
step:1267/1288 train_time:73751ms step_avg:58.21ms
step:1268/1288 train_time:73838ms step_avg:58.23ms
step:1269/1288 train_time:73918ms step_avg:58.25ms
step:1270/1288 train_time:74006ms step_avg:58.27ms
step:1271/1288 train_time:74087ms step_avg:58.29ms
step:1272/1288 train_time:74173ms step_avg:58.31ms
step:1273/1288 train_time:74254ms step_avg:58.33ms
step:1274/1288 train_time:74344ms step_avg:58.36ms
step:1275/1288 train_time:74431ms step_avg:58.38ms
step:1276/1288 train_time:74520ms step_avg:58.40ms
step:1277/1288 train_time:74605ms step_avg:58.42ms
step:1278/1288 train_time:74692ms step_avg:58.44ms
step:1279/1288 train_time:74773ms step_avg:58.46ms
step:1280/1288 train_time:74862ms step_avg:58.49ms
step:1281/1288 train_time:74943ms step_avg:58.50ms
step:1282/1288 train_time:75030ms step_avg:58.53ms
step:1283/1288 train_time:75110ms step_avg:58.54ms
step:1284/1288 train_time:75198ms step_avg:58.57ms
step:1285/1288 train_time:75279ms step_avg:58.58ms
step:1286/1288 train_time:75368ms step_avg:58.61ms
step:1287/1288 train_time:75451ms step_avg:58.63ms
step:1288/1288 train_time:75540ms step_avg:58.65ms
step:1288/1288 val_loss:3.2774 train_time:75635ms step_avg:58.72ms
peak memory allocated: 32298 MiB reserved: 47310 MiB
Terminal-blended sharded TailEMA scope=readout start=848 every=1 decay=0.9933 blend=0.65
step:0/1288 val_loss:10.8311 train_time:0ms step_avg:0.04ms
step:250/1288 val_loss:4.4494 train_time:8182ms step_avg:32.73ms
step:500/1288 val_loss:4.0770 train_time:18251ms step_avg:36.50ms
step:750/1288 val_loss:3.6606 train_time:32795ms step_avg:43.73ms
step:1000/1288 val_loss:3.4195 train_time:51291ms step_avg:51.29ms
step:1250/1288 val_loss:3.2973 train_time:72399ms step_avg:57.92ms
step:1288/1288 val_loss:3.2774 train_time:75635ms step_avg:58.72ms
PASS 08-candidate
BEGIN 09-candidate scheduled_steps=1273
W0727 22:28:12.323000 78915 torch/distributed/run.py:852] 
W0727 22:28:12.323000 78915 torch/distributed/run.py:852] *****************************************
W0727 22:28:12.323000 78915 torch/distributed/run.py:852] Setting OMP_NUM_THREADS environment variable for each process to be 1 in default, to avoid your system being overloaded, please further tune the variable for optimal performance in your application as needed. 
W0727 22:28:12.323000 78915 torch/distributed/run.py:852] *****************************************
[Gloo] Rank 1 is connected to 7 peer ranks. Expected number of connected peer ranks is : 7
[Gloo] Rank 6 is connected to 7 peer ranks. Expected number of connected peer ranks is : 7
[Gloo] Rank 3 is connected to 7 peer ranks. Expected number of connected peer ranks is : 7
[Gloo] Rank 2 is connected to 7 peer ranks. Expected number of connected peer ranks is : 7
[Gloo] Rank 4 is connected to 7 peer ranks. Expected number of connected peer ranks is : 7
[Gloo] Rank 5 is connected to 7 peer ranks. Expected number of connected peer ranks is : 7
[Gloo] Rank 7 is connected to 7 peer ranks. Expected number of connected peer ranks is : 7
[Gloo] Rank 0 is connected to 7 peer ranks. Expected number of connected peer ranks is : 7
Warning: You are sending unauthenticated requests to the HF Hub. Please set a HF_TOKEN to enable higher rate limits and faster downloads.
Warning: You are sending unauthenticated requests to the HF Hub. Please set a HF_TOKEN to enable higher rate limits and faster downloads.
Warning: You are sending unauthenticated requests to the HF Hub. Please set a HF_TOKEN to enable higher rate limits and faster downloads.
Warning: You are sending unauthenticated requests to the HF Hub. Please set a HF_TOKEN to enable higher rate limits and faster downloads.
Warning: You are sending unauthenticated requests to the HF Hub. Please set a HF_TOKEN to enable higher rate limits and faster downloads.
Fetching 8 files:   0%|          | 0/8 [00:00<?, ?it/s]Fetching 8 files: 100%|██████████| 8/8 [00:00<00:00, 2324.20it/s]
Fetching 8 files:   0%|          | 0/8 [00:00<?, ?it/s]Fetching 8 files: 100%|██████████| 8/8 [00:00<00:00, 2211.02it/s]
Fetching 8 files:   0%|          | 0/8 [00:00<?, ?it/s]Fetching 8 files: 100%|██████████| 8/8 [00:00<00:00, 2404.30it/s]
Fetching 8 files:   0%|          | 0/8 [00:00<?, ?it/s]Fetching 8 files: 100%|██████████| 8/8 [00:00<00:00, 2560.63it/s]
Fetching 8 files:   0%|          | 0/8 [00:00<?, ?it/s]Fetching 8 files: 100%|██████████| 8/8 [00:00<00:00, 2603.34it/s]
logs/ed24d1fa-366a-40cc-a3df-e10cf4f56dbd.txt
Fetching 8 files:   0%|          | 0/8 [00:00<?, ?it/s]Fetching 8 files: 100%|██████████| 8/8 [00:00<00:00, 2447.26it/s]
Fetching 8 files:   0%|          | 0/8 [00:00<?, ?it/s]Fetching 8 files: 100%|██████████| 8/8 [00:00<00:00, 2469.23it/s]
Fetching 8 files:   0%|          | 0/8 [00:00<?, ?it/s]Fetching 8 files: 100%|██████████| 8/8 [00:00<00:00, 2371.51it/s]
Compiling model and warming up kernels (~7 minutes on first execution)
Sampling steps [0, 1, 422, 423, 424, 425, 847, 848, 849, 850, 1271, 1272, 1273, 1274, 1287] for warmup
Resetting Model
Terminal-blended sharded TailEMA scope=readout start=848 every=1 decay=0.9933 blend=0.65
step:0/1288 val_loss:10.8286 train_time:0ms step_avg:0.03ms
step:1/1288 train_time:87ms step_avg:86.68ms
step:2/1288 train_time:113ms step_avg:56.37ms
step:3/1288 train_time:134ms step_avg:44.57ms
step:4/1288 train_time:160ms step_avg:39.89ms
step:5/1288 train_time:187ms step_avg:37.33ms
step:6/1288 train_time:224ms step_avg:37.35ms
step:7/1288 train_time:252ms step_avg:35.93ms
step:8/1288 train_time:289ms step_avg:36.12ms
step:9/1288 train_time:317ms step_avg:35.21ms
step:10/1288 train_time:354ms step_avg:35.42ms
step:11/1288 train_time:382ms step_avg:34.68ms
step:12/1288 train_time:419ms step_avg:34.88ms
step:13/1288 train_time:446ms step_avg:34.33ms
step:14/1288 train_time:484ms step_avg:34.58ms
step:15/1288 train_time:512ms step_avg:34.13ms
step:16/1288 train_time:549ms step_avg:34.31ms
step:17/1288 train_time:577ms step_avg:33.94ms
step:18/1288 train_time:614ms step_avg:34.14ms
step:19/1288 train_time:642ms step_avg:33.80ms
step:20/1288 train_time:679ms step_avg:33.97ms
step:21/1288 train_time:707ms step_avg:33.67ms
step:22/1288 train_time:744ms step_avg:33.84ms
step:23/1288 train_time:772ms step_avg:33.58ms
step:24/1288 train_time:810ms step_avg:33.73ms
step:25/1288 train_time:837ms step_avg:33.49ms
step:26/1288 train_time:875ms step_avg:33.64ms
step:27/1288 train_time:902ms step_avg:33.42ms
step:28/1288 train_time:939ms step_avg:33.54ms
step:29/1288 train_time:967ms step_avg:33.36ms
step:30/1288 train_time:1005ms step_avg:33.48ms
step:31/1288 train_time:1033ms step_avg:33.32ms
step:32/1288 train_time:1071ms step_avg:33.46ms
step:33/1288 train_time:1099ms step_avg:33.29ms
step:34/1288 train_time:1136ms step_avg:33.40ms
step:35/1288 train_time:1164ms step_avg:33.25ms
step:36/1288 train_time:1201ms step_avg:33.36ms
step:37/1288 train_time:1229ms step_avg:33.22ms
step:38/1288 train_time:1266ms step_avg:33.32ms
step:39/1288 train_time:1294ms step_avg:33.19ms
step:40/1288 train_time:1331ms step_avg:33.29ms
step:41/1288 train_time:1360ms step_avg:33.16ms
step:42/1288 train_time:1396ms step_avg:33.25ms
step:43/1288 train_time:1425ms step_avg:33.13ms
step:44/1288 train_time:1462ms step_avg:33.23ms
step:45/1288 train_time:1490ms step_avg:33.10ms
step:46/1288 train_time:1527ms step_avg:33.19ms
step:47/1288 train_time:1555ms step_avg:33.08ms
step:48/1288 train_time:1592ms step_avg:33.17ms
step:49/1288 train_time:1621ms step_avg:33.08ms
step:50/1288 train_time:1658ms step_avg:33.15ms
step:51/1288 train_time:1685ms step_avg:33.05ms
step:52/1288 train_time:1723ms step_avg:33.13ms
step:53/1288 train_time:1750ms step_avg:33.03ms
step:54/1288 train_time:1788ms step_avg:33.11ms
step:55/1288 train_time:1816ms step_avg:33.01ms
step:56/1288 train_time:1853ms step_avg:33.08ms
step:57/1288 train_time:1881ms step_avg:32.99ms
step:58/1288 train_time:1918ms step_avg:33.07ms
step:59/1288 train_time:1945ms step_avg:32.97ms
step:60/1288 train_time:1983ms step_avg:33.05ms
step:61/1288 train_time:2011ms step_avg:32.97ms
step:62/1288 train_time:2048ms step_avg:33.03ms
step:63/1288 train_time:2076ms step_avg:32.96ms
step:64/1288 train_time:2114ms step_avg:33.03ms
step:65/1288 train_time:2141ms step_avg:32.94ms
step:66/1288 train_time:2178ms step_avg:33.00ms
step:67/1288 train_time:2206ms step_avg:32.92ms
step:68/1288 train_time:2244ms step_avg:32.99ms
step:69/1288 train_time:2271ms step_avg:32.91ms
step:70/1288 train_time:2309ms step_avg:32.98ms
step:71/1288 train_time:2337ms step_avg:32.91ms
step:72/1288 train_time:2373ms step_avg:32.96ms
step:73/1288 train_time:2402ms step_avg:32.90ms
step:74/1288 train_time:2439ms step_avg:32.95ms
step:75/1288 train_time:2467ms step_avg:32.89ms
step:76/1288 train_time:2504ms step_avg:32.95ms
step:77/1288 train_time:2532ms step_avg:32.88ms
step:78/1288 train_time:2569ms step_avg:32.93ms
step:79/1288 train_time:2597ms step_avg:32.87ms
step:80/1288 train_time:2634ms step_avg:32.92ms
step:81/1288 train_time:2662ms step_avg:32.86ms
step:82/1288 train_time:2699ms step_avg:32.92ms
step:83/1288 train_time:2727ms step_avg:32.85ms
step:84/1288 train_time:2764ms step_avg:32.90ms
step:85/1288 train_time:2792ms step_avg:32.85ms
step:86/1288 train_time:2829ms step_avg:32.89ms
step:87/1288 train_time:2857ms step_avg:32.84ms
step:88/1288 train_time:2894ms step_avg:32.89ms
step:89/1288 train_time:2923ms step_avg:32.84ms
step:90/1288 train_time:2959ms step_avg:32.88ms
step:91/1288 train_time:2987ms step_avg:32.82ms
step:92/1288 train_time:3024ms step_avg:32.87ms
step:93/1288 train_time:3053ms step_avg:32.82ms
step:94/1288 train_time:3090ms step_avg:32.87ms
step:95/1288 train_time:3118ms step_avg:32.82ms
step:96/1288 train_time:3155ms step_avg:32.87ms
step:97/1288 train_time:3182ms step_avg:32.81ms
step:98/1288 train_time:3220ms step_avg:32.85ms
step:99/1288 train_time:3247ms step_avg:32.80ms
step:100/1288 train_time:3285ms step_avg:32.85ms
step:101/1288 train_time:3312ms step_avg:32.79ms
step:102/1288 train_time:3349ms step_avg:32.84ms
step:103/1288 train_time:3377ms step_avg:32.79ms
step:104/1288 train_time:3415ms step_avg:32.83ms
step:105/1288 train_time:3443ms step_avg:32.79ms
step:106/1288 train_time:3479ms step_avg:32.82ms
step:107/1288 train_time:3507ms step_avg:32.78ms
step:108/1288 train_time:3545ms step_avg:32.82ms
step:109/1288 train_time:3573ms step_avg:32.78ms
step:110/1288 train_time:3610ms step_avg:32.81ms
step:111/1288 train_time:3638ms step_avg:32.77ms
step:112/1288 train_time:3675ms step_avg:32.82ms
step:113/1288 train_time:3703ms step_avg:32.77ms
step:114/1288 train_time:3741ms step_avg:32.81ms
step:115/1288 train_time:3768ms step_avg:32.76ms
step:116/1288 train_time:3805ms step_avg:32.80ms
step:117/1288 train_time:3832ms step_avg:32.76ms
step:118/1288 train_time:3870ms step_avg:32.79ms
step:119/1288 train_time:3898ms step_avg:32.75ms
step:120/1288 train_time:3935ms step_avg:32.79ms
step:121/1288 train_time:3962ms step_avg:32.75ms
step:122/1288 train_time:3999ms step_avg:32.78ms
step:123/1288 train_time:4028ms step_avg:32.74ms
step:124/1288 train_time:4064ms step_avg:32.78ms
step:125/1288 train_time:4092ms step_avg:32.74ms
step:126/1288 train_time:4129ms step_avg:32.77ms
step:127/1288 train_time:4157ms step_avg:32.73ms
step:128/1288 train_time:4195ms step_avg:32.77ms
step:129/1288 train_time:4222ms step_avg:32.73ms
step:130/1288 train_time:4260ms step_avg:32.77ms
step:131/1288 train_time:4288ms step_avg:32.73ms
step:132/1288 train_time:4326ms step_avg:32.77ms
step:133/1288 train_time:4353ms step_avg:32.73ms
step:134/1288 train_time:4390ms step_avg:32.76ms
step:135/1288 train_time:4418ms step_avg:32.72ms
step:136/1288 train_time:4455ms step_avg:32.76ms
step:137/1288 train_time:4483ms step_avg:32.72ms
step:138/1288 train_time:4520ms step_avg:32.76ms
step:139/1288 train_time:4548ms step_avg:32.72ms
step:140/1288 train_time:4585ms step_avg:32.75ms
step:141/1288 train_time:4613ms step_avg:32.72ms
step:142/1288 train_time:4650ms step_avg:32.75ms
step:143/1288 train_time:4678ms step_avg:32.72ms
step:144/1288 train_time:4715ms step_avg:32.74ms
step:145/1288 train_time:4743ms step_avg:32.71ms
step:146/1288 train_time:4780ms step_avg:32.74ms
step:147/1288 train_time:4808ms step_avg:32.71ms
step:148/1288 train_time:4844ms step_avg:32.73ms
step:149/1288 train_time:4873ms step_avg:32.70ms
step:150/1288 train_time:4910ms step_avg:32.73ms
step:151/1288 train_time:4938ms step_avg:32.70ms
step:152/1288 train_time:4976ms step_avg:32.73ms
step:153/1288 train_time:5003ms step_avg:32.70ms
step:154/1288 train_time:5041ms step_avg:32.73ms
step:155/1288 train_time:5069ms step_avg:32.70ms
step:156/1288 train_time:5105ms step_avg:32.73ms
step:157/1288 train_time:5134ms step_avg:32.70ms
step:158/1288 train_time:5171ms step_avg:32.73ms
step:159/1288 train_time:5199ms step_avg:32.70ms
step:160/1288 train_time:5236ms step_avg:32.72ms
step:161/1288 train_time:5264ms step_avg:32.69ms
step:162/1288 train_time:5301ms step_avg:32.72ms
step:163/1288 train_time:5328ms step_avg:32.69ms
step:164/1288 train_time:5366ms step_avg:32.72ms
step:165/1288 train_time:5393ms step_avg:32.69ms
step:166/1288 train_time:5430ms step_avg:32.71ms
step:167/1288 train_time:5458ms step_avg:32.68ms
step:168/1288 train_time:5496ms step_avg:32.71ms
step:169/1288 train_time:5524ms step_avg:32.69ms
step:170/1288 train_time:5561ms step_avg:32.71ms
step:171/1288 train_time:5589ms step_avg:32.68ms
step:172/1288 train_time:5627ms step_avg:32.71ms
step:173/1288 train_time:5654ms step_avg:32.68ms
step:174/1288 train_time:5692ms step_avg:32.71ms
step:175/1288 train_time:5719ms step_avg:32.68ms
step:176/1288 train_time:5756ms step_avg:32.71ms
step:177/1288 train_time:5784ms step_avg:32.68ms
step:178/1288 train_time:5821ms step_avg:32.70ms
step:179/1288 train_time:5849ms step_avg:32.67ms
step:180/1288 train_time:5886ms step_avg:32.70ms
step:181/1288 train_time:5914ms step_avg:32.68ms
step:182/1288 train_time:5951ms step_avg:32.70ms
step:183/1288 train_time:5979ms step_avg:32.67ms
step:184/1288 train_time:6016ms step_avg:32.69ms
step:185/1288 train_time:6044ms step_avg:32.67ms
step:186/1288 train_time:6080ms step_avg:32.69ms
step:187/1288 train_time:6108ms step_avg:32.66ms
step:188/1288 train_time:6146ms step_avg:32.69ms
step:189/1288 train_time:6173ms step_avg:32.66ms
step:190/1288 train_time:6211ms step_avg:32.69ms
step:191/1288 train_time:6241ms step_avg:32.67ms
step:192/1288 train_time:6276ms step_avg:32.69ms
step:193/1288 train_time:6304ms step_avg:32.66ms
step:194/1288 train_time:6341ms step_avg:32.69ms
step:195/1288 train_time:6369ms step_avg:32.66ms
step:196/1288 train_time:6406ms step_avg:32.68ms
step:197/1288 train_time:6434ms step_avg:32.66ms
step:198/1288 train_time:6471ms step_avg:32.68ms
step:199/1288 train_time:6499ms step_avg:32.66ms
step:200/1288 train_time:6536ms step_avg:32.68ms
step:201/1288 train_time:6564ms step_avg:32.66ms
step:202/1288 train_time:6601ms step_avg:32.68ms
step:203/1288 train_time:6629ms step_avg:32.65ms
step:204/1288 train_time:6666ms step_avg:32.68ms
step:205/1288 train_time:6694ms step_avg:32.65ms
step:206/1288 train_time:6731ms step_avg:32.68ms
step:207/1288 train_time:6759ms step_avg:32.65ms
step:208/1288 train_time:6796ms step_avg:32.67ms
step:209/1288 train_time:6824ms step_avg:32.65ms
step:210/1288 train_time:6861ms step_avg:32.67ms
step:211/1288 train_time:6888ms step_avg:32.65ms
step:212/1288 train_time:6925ms step_avg:32.67ms
step:213/1288 train_time:6954ms step_avg:32.65ms
step:214/1288 train_time:6991ms step_avg:32.67ms
step:215/1288 train_time:7019ms step_avg:32.65ms
step:216/1288 train_time:7056ms step_avg:32.67ms
step:217/1288 train_time:7084ms step_avg:32.65ms
step:218/1288 train_time:7121ms step_avg:32.67ms
step:219/1288 train_time:7149ms step_avg:32.64ms
step:220/1288 train_time:7186ms step_avg:32.66ms
step:221/1288 train_time:7214ms step_avg:32.64ms
step:222/1288 train_time:7251ms step_avg:32.66ms
step:223/1288 train_time:7279ms step_avg:32.64ms
step:224/1288 train_time:7316ms step_avg:32.66ms
step:225/1288 train_time:7344ms step_avg:32.64ms
step:226/1288 train_time:7381ms step_avg:32.66ms
step:227/1288 train_time:7409ms step_avg:32.64ms
step:228/1288 train_time:7446ms step_avg:32.66ms
step:229/1288 train_time:7474ms step_avg:32.64ms
step:230/1288 train_time:7511ms step_avg:32.66ms
step:231/1288 train_time:7539ms step_avg:32.64ms
step:232/1288 train_time:7576ms step_avg:32.66ms
step:233/1288 train_time:7604ms step_avg:32.64ms
step:234/1288 train_time:7641ms step_avg:32.66ms
step:235/1288 train_time:7669ms step_avg:32.63ms
step:236/1288 train_time:7706ms step_avg:32.65ms
step:237/1288 train_time:7734ms step_avg:32.63ms
step:238/1288 train_time:7771ms step_avg:32.65ms
step:239/1288 train_time:7799ms step_avg:32.63ms
step:240/1288 train_time:7836ms step_avg:32.65ms
step:241/1288 train_time:7863ms step_avg:32.63ms
step:242/1288 train_time:7900ms step_avg:32.65ms
step:243/1288 train_time:7928ms step_avg:32.63ms
step:244/1288 train_time:7965ms step_avg:32.64ms
step:245/1288 train_time:7993ms step_avg:32.63ms
step:246/1288 train_time:8030ms step_avg:32.64ms
step:247/1288 train_time:8059ms step_avg:32.63ms
step:248/1288 train_time:8096ms step_avg:32.64ms
step:249/1288 train_time:8123ms step_avg:32.62ms
step:250/1288 train_time:8160ms step_avg:32.64ms
step:250/1288 val_loss:4.4301 train_time:8197ms step_avg:32.79ms
step:251/1288 train_time:8217ms step_avg:32.74ms
step:252/1288 train_time:8238ms step_avg:32.69ms
step:253/1288 train_time:8256ms step_avg:32.63ms
step:254/1288 train_time:8294ms step_avg:32.65ms
step:255/1288 train_time:8322ms step_avg:32.63ms
step:256/1288 train_time:8359ms step_avg:32.65ms
step:257/1288 train_time:8387ms step_avg:32.63ms
step:258/1288 train_time:8424ms step_avg:32.65ms
step:259/1288 train_time:8453ms step_avg:32.64ms
step:260/1288 train_time:8489ms step_avg:32.65ms
step:261/1288 train_time:8517ms step_avg:32.63ms
step:262/1288 train_time:8554ms step_avg:32.65ms
step:263/1288 train_time:8582ms step_avg:32.63ms
step:264/1288 train_time:8618ms step_avg:32.65ms
step:265/1288 train_time:8646ms step_avg:32.63ms
step:266/1288 train_time:8683ms step_avg:32.64ms
step:267/1288 train_time:8711ms step_avg:32.62ms
step:268/1288 train_time:8748ms step_avg:32.64ms
step:269/1288 train_time:8776ms step_avg:32.62ms
step:270/1288 train_time:8812ms step_avg:32.64ms
step:271/1288 train_time:8840ms step_avg:32.62ms
step:272/1288 train_time:8877ms step_avg:32.64ms
step:273/1288 train_time:8905ms step_avg:32.62ms
step:274/1288 train_time:8942ms step_avg:32.63ms
step:275/1288 train_time:8970ms step_avg:32.62ms
step:276/1288 train_time:9006ms step_avg:32.63ms
step:277/1288 train_time:9034ms step_avg:32.61ms
step:278/1288 train_time:9071ms step_avg:32.63ms
step:279/1288 train_time:9098ms step_avg:32.61ms
step:280/1288 train_time:9136ms step_avg:32.63ms
step:281/1288 train_time:9163ms step_avg:32.61ms
step:282/1288 train_time:9201ms step_avg:32.63ms
step:283/1288 train_time:9229ms step_avg:32.61ms
step:284/1288 train_time:9266ms step_avg:32.63ms
step:285/1288 train_time:9295ms step_avg:32.61ms
step:286/1288 train_time:9332ms step_avg:32.63ms
step:287/1288 train_time:9360ms step_avg:32.61ms
step:288/1288 train_time:9397ms step_avg:32.63ms
step:289/1288 train_time:9425ms step_avg:32.61ms
step:290/1288 train_time:9462ms step_avg:32.63ms
step:291/1288 train_time:9490ms step_avg:32.61ms
step:292/1288 train_time:9527ms step_avg:32.63ms
step:293/1288 train_time:9555ms step_avg:32.61ms
step:294/1288 train_time:9592ms step_avg:32.62ms
step:295/1288 train_time:9619ms step_avg:32.61ms
step:296/1288 train_time:9657ms step_avg:32.63ms
step:297/1288 train_time:9684ms step_avg:32.61ms
step:298/1288 train_time:9721ms step_avg:32.62ms
step:299/1288 train_time:9749ms step_avg:32.61ms
step:300/1288 train_time:9786ms step_avg:32.62ms
step:301/1288 train_time:9814ms step_avg:32.60ms
step:302/1288 train_time:9851ms step_avg:32.62ms
step:303/1288 train_time:9879ms step_avg:32.60ms
step:304/1288 train_time:9916ms step_avg:32.62ms
step:305/1288 train_time:9943ms step_avg:32.60ms
step:306/1288 train_time:9980ms step_avg:32.62ms
step:307/1288 train_time:10008ms step_avg:32.60ms
step:308/1288 train_time:10045ms step_avg:32.61ms
step:309/1288 train_time:10073ms step_avg:32.60ms
step:310/1288 train_time:10110ms step_avg:32.61ms
step:311/1288 train_time:10137ms step_avg:32.60ms
step:312/1288 train_time:10174ms step_avg:32.61ms
step:313/1288 train_time:10202ms step_avg:32.59ms
step:314/1288 train_time:10239ms step_avg:32.61ms
step:315/1288 train_time:10267ms step_avg:32.59ms
step:316/1288 train_time:10304ms step_avg:32.61ms
step:317/1288 train_time:10332ms step_avg:32.59ms
step:318/1288 train_time:10369ms step_avg:32.61ms
step:319/1288 train_time:10397ms step_avg:32.59ms
step:320/1288 train_time:10434ms step_avg:32.61ms
step:321/1288 train_time:10462ms step_avg:32.59ms
step:322/1288 train_time:10499ms step_avg:32.61ms
step:323/1288 train_time:10527ms step_avg:32.59ms
step:324/1288 train_time:10565ms step_avg:32.61ms
step:325/1288 train_time:10592ms step_avg:32.59ms
step:326/1288 train_time:10629ms step_avg:32.60ms
step:327/1288 train_time:10657ms step_avg:32.59ms
step:328/1288 train_time:10694ms step_avg:32.60ms
step:329/1288 train_time:10721ms step_avg:32.59ms
step:330/1288 train_time:10758ms step_avg:32.60ms
step:331/1288 train_time:10786ms step_avg:32.59ms
step:332/1288 train_time:10823ms step_avg:32.60ms
step:333/1288 train_time:10850ms step_avg:32.58ms
step:334/1288 train_time:10887ms step_avg:32.60ms
step:335/1288 train_time:10915ms step_avg:32.58ms
step:336/1288 train_time:10952ms step_avg:32.59ms
step:337/1288 train_time:10980ms step_avg:32.58ms
step:338/1288 train_time:11017ms step_avg:32.59ms
step:339/1288 train_time:11044ms step_avg:32.58ms
step:340/1288 train_time:11081ms step_avg:32.59ms
step:341/1288 train_time:11109ms step_avg:32.58ms
step:342/1288 train_time:11145ms step_avg:32.59ms
step:343/1288 train_time:11173ms step_avg:32.58ms
step:344/1288 train_time:11210ms step_avg:32.59ms
step:345/1288 train_time:11238ms step_avg:32.57ms
step:346/1288 train_time:11275ms step_avg:32.59ms
step:347/1288 train_time:11303ms step_avg:32.57ms
step:348/1288 train_time:11340ms step_avg:32.59ms
step:349/1288 train_time:11368ms step_avg:32.57ms
step:350/1288 train_time:11405ms step_avg:32.59ms
step:351/1288 train_time:11433ms step_avg:32.57ms
step:352/1288 train_time:11470ms step_avg:32.59ms
step:353/1288 train_time:11498ms step_avg:32.57ms
step:354/1288 train_time:11536ms step_avg:32.59ms
step:355/1288 train_time:11563ms step_avg:32.57ms
step:356/1288 train_time:11601ms step_avg:32.59ms
step:357/1288 train_time:11628ms step_avg:32.57ms
step:358/1288 train_time:11665ms step_avg:32.58ms
step:359/1288 train_time:11693ms step_avg:32.57ms
step:360/1288 train_time:11730ms step_avg:32.58ms
step:361/1288 train_time:11758ms step_avg:32.57ms
step:362/1288 train_time:11795ms step_avg:32.58ms
step:363/1288 train_time:11822ms step_avg:32.57ms
step:364/1288 train_time:11859ms step_avg:32.58ms
step:365/1288 train_time:11887ms step_avg:32.57ms
step:366/1288 train_time:11924ms step_avg:32.58ms
step:367/1288 train_time:11952ms step_avg:32.57ms
step:368/1288 train_time:11989ms step_avg:32.58ms
step:369/1288 train_time:12017ms step_avg:32.57ms
step:370/1288 train_time:12053ms step_avg:32.58ms
step:371/1288 train_time:12081ms step_avg:32.56ms
step:372/1288 train_time:12118ms step_avg:32.57ms
step:373/1288 train_time:12146ms step_avg:32.56ms
step:374/1288 train_time:12182ms step_avg:32.57ms
step:375/1288 train_time:12211ms step_avg:32.56ms
step:376/1288 train_time:12247ms step_avg:32.57ms
step:377/1288 train_time:12275ms step_avg:32.56ms
step:378/1288 train_time:12312ms step_avg:32.57ms
step:379/1288 train_time:12340ms step_avg:32.56ms
step:380/1288 train_time:12377ms step_avg:32.57ms
step:381/1288 train_time:12405ms step_avg:32.56ms
step:382/1288 train_time:12442ms step_avg:32.57ms
step:383/1288 train_time:12471ms step_avg:32.56ms
step:384/1288 train_time:12507ms step_avg:32.57ms
step:385/1288 train_time:12535ms step_avg:32.56ms
step:386/1288 train_time:12573ms step_avg:32.57ms
step:387/1288 train_time:12600ms step_avg:32.56ms
step:388/1288 train_time:12637ms step_avg:32.57ms
step:389/1288 train_time:12664ms step_avg:32.56ms
step:390/1288 train_time:12701ms step_avg:32.57ms
step:391/1288 train_time:12729ms step_avg:32.56ms
step:392/1288 train_time:12766ms step_avg:32.57ms
step:393/1288 train_time:12794ms step_avg:32.56ms
step:394/1288 train_time:12831ms step_avg:32.57ms
step:395/1288 train_time:12859ms step_avg:32.55ms
step:396/1288 train_time:12896ms step_avg:32.56ms
step:397/1288 train_time:12923ms step_avg:32.55ms
step:398/1288 train_time:12960ms step_avg:32.56ms
step:399/1288 train_time:12988ms step_avg:32.55ms
step:400/1288 train_time:13025ms step_avg:32.56ms
step:401/1288 train_time:13053ms step_avg:32.55ms
step:402/1288 train_time:13090ms step_avg:32.56ms
step:403/1288 train_time:13117ms step_avg:32.55ms
step:404/1288 train_time:13154ms step_avg:32.56ms
step:405/1288 train_time:13182ms step_avg:32.55ms
step:406/1288 train_time:13219ms step_avg:32.56ms
step:407/1288 train_time:13246ms step_avg:32.55ms
step:408/1288 train_time:13283ms step_avg:32.56ms
step:409/1288 train_time:13311ms step_avg:32.55ms
step:410/1288 train_time:13348ms step_avg:32.56ms
step:411/1288 train_time:13376ms step_avg:32.55ms
step:412/1288 train_time:13413ms step_avg:32.56ms
step:413/1288 train_time:13441ms step_avg:32.54ms
step:414/1288 train_time:13479ms step_avg:32.56ms
step:415/1288 train_time:13506ms step_avg:32.55ms
step:416/1288 train_time:13544ms step_avg:32.56ms
step:417/1288 train_time:13571ms step_avg:32.55ms
step:418/1288 train_time:13609ms step_avg:32.56ms
step:419/1288 train_time:13637ms step_avg:32.55ms
step:420/1288 train_time:13674ms step_avg:32.56ms
step:421/1288 train_time:13701ms step_avg:32.54ms
step:422/1288 train_time:13738ms step_avg:32.56ms
step:423/1288 train_time:13766ms step_avg:32.54ms
step:424/1288 train_time:13803ms step_avg:32.56ms
step:425/1288 train_time:13833ms step_avg:32.55ms
step:426/1288 train_time:13897ms step_avg:32.62ms
step:427/1288 train_time:13950ms step_avg:32.67ms
step:428/1288 train_time:14012ms step_avg:32.74ms
step:429/1288 train_time:14066ms step_avg:32.79ms
step:430/1288 train_time:14129ms step_avg:32.86ms
step:431/1288 train_time:14183ms step_avg:32.91ms
step:432/1288 train_time:14244ms step_avg:32.97ms
step:433/1288 train_time:14298ms step_avg:33.02ms
step:434/1288 train_time:14361ms step_avg:33.09ms
step:435/1288 train_time:14414ms step_avg:33.14ms
step:436/1288 train_time:14477ms step_avg:33.20ms
step:437/1288 train_time:14531ms step_avg:33.25ms
step:438/1288 train_time:14593ms step_avg:33.32ms
step:439/1288 train_time:14647ms step_avg:33.36ms
step:440/1288 train_time:14709ms step_avg:33.43ms
step:441/1288 train_time:14763ms step_avg:33.48ms
step:442/1288 train_time:14826ms step_avg:33.54ms
step:443/1288 train_time:14880ms step_avg:33.59ms
step:444/1288 train_time:14942ms step_avg:33.65ms
step:445/1288 train_time:14996ms step_avg:33.70ms
step:446/1288 train_time:15059ms step_avg:33.76ms
step:447/1288 train_time:15113ms step_avg:33.81ms
step:448/1288 train_time:15175ms step_avg:33.87ms
step:449/1288 train_time:15229ms step_avg:33.92ms
step:450/1288 train_time:15291ms step_avg:33.98ms
step:451/1288 train_time:15345ms step_avg:34.02ms
step:452/1288 train_time:15407ms step_avg:34.09ms
step:453/1288 train_time:15461ms step_avg:34.13ms
step:454/1288 train_time:15524ms step_avg:34.19ms
step:455/1288 train_time:15579ms step_avg:34.24ms
step:456/1288 train_time:15642ms step_avg:34.30ms
step:457/1288 train_time:15696ms step_avg:34.35ms
step:458/1288 train_time:15758ms step_avg:34.41ms
step:459/1288 train_time:15812ms step_avg:34.45ms
step:460/1288 train_time:15874ms step_avg:34.51ms
step:461/1288 train_time:15928ms step_avg:34.55ms
step:462/1288 train_time:15990ms step_avg:34.61ms
step:463/1288 train_time:16043ms step_avg:34.65ms
step:464/1288 train_time:16105ms step_avg:34.71ms
step:465/1288 train_time:16160ms step_avg:34.75ms
step:466/1288 train_time:16223ms step_avg:34.81ms
step:467/1288 train_time:16276ms step_avg:34.85ms
step:468/1288 train_time:16339ms step_avg:34.91ms
step:469/1288 train_time:16393ms step_avg:34.95ms
step:470/1288 train_time:16454ms step_avg:35.01ms
step:471/1288 train_time:16508ms step_avg:35.05ms
step:472/1288 train_time:16570ms step_avg:35.11ms
step:473/1288 train_time:16626ms step_avg:35.15ms
step:474/1288 train_time:16688ms step_avg:35.21ms
step:475/1288 train_time:16741ms step_avg:35.25ms
step:476/1288 train_time:16804ms step_avg:35.30ms
step:477/1288 train_time:16859ms step_avg:35.34ms
step:478/1288 train_time:16922ms step_avg:35.40ms
step:479/1288 train_time:16976ms step_avg:35.44ms
step:480/1288 train_time:17038ms step_avg:35.50ms
step:481/1288 train_time:17092ms step_avg:35.53ms
step:482/1288 train_time:17153ms step_avg:35.59ms
step:483/1288 train_time:17207ms step_avg:35.62ms
step:484/1288 train_time:17269ms step_avg:35.68ms
step:485/1288 train_time:17322ms step_avg:35.72ms
step:486/1288 train_time:17384ms step_avg:35.77ms
step:487/1288 train_time:17438ms step_avg:35.81ms
step:488/1288 train_time:17501ms step_avg:35.86ms
step:489/1288 train_time:17556ms step_avg:35.90ms
step:490/1288 train_time:17619ms step_avg:35.96ms
step:491/1288 train_time:17673ms step_avg:35.99ms
step:492/1288 train_time:17735ms step_avg:36.05ms
step:493/1288 train_time:17789ms step_avg:36.08ms
step:494/1288 train_time:17851ms step_avg:36.14ms
step:495/1288 train_time:17904ms step_avg:36.17ms
step:496/1288 train_time:17967ms step_avg:36.22ms
step:497/1288 train_time:18021ms step_avg:36.26ms
step:498/1288 train_time:18083ms step_avg:36.31ms
step:499/1288 train_time:18138ms step_avg:36.35ms
step:500/1288 train_time:18201ms step_avg:36.40ms
step:500/1288 val_loss:4.0794 train_time:18265ms step_avg:36.53ms
step:501/1288 train_time:18285ms step_avg:36.50ms
step:502/1288 train_time:18320ms step_avg:36.49ms
step:503/1288 train_time:18378ms step_avg:36.54ms
step:504/1288 train_time:18444ms step_avg:36.59ms
step:505/1288 train_time:18497ms step_avg:36.63ms
step:506/1288 train_time:18561ms step_avg:36.68ms
step:507/1288 train_time:18614ms step_avg:36.71ms
step:508/1288 train_time:18676ms step_avg:36.76ms
step:509/1288 train_time:18730ms step_avg:36.80ms
step:510/1288 train_time:18793ms step_avg:36.85ms
step:511/1288 train_time:18846ms step_avg:36.88ms
step:512/1288 train_time:18908ms step_avg:36.93ms
step:513/1288 train_time:18961ms step_avg:36.96ms
step:514/1288 train_time:19023ms step_avg:37.01ms
step:515/1288 train_time:19076ms step_avg:37.04ms
step:516/1288 train_time:19138ms step_avg:37.09ms
step:517/1288 train_time:19191ms step_avg:37.12ms
step:518/1288 train_time:19254ms step_avg:37.17ms
step:519/1288 train_time:19309ms step_avg:37.20ms
step:520/1288 train_time:19373ms step_avg:37.26ms
step:521/1288 train_time:19429ms step_avg:37.29ms
step:522/1288 train_time:19492ms step_avg:37.34ms
step:523/1288 train_time:19546ms step_avg:37.37ms
step:524/1288 train_time:19610ms step_avg:37.42ms
step:525/1288 train_time:19663ms step_avg:37.45ms
step:526/1288 train_time:19724ms step_avg:37.50ms
step:527/1288 train_time:19777ms step_avg:37.53ms
step:528/1288 train_time:19840ms step_avg:37.58ms
step:529/1288 train_time:19894ms step_avg:37.61ms
step:530/1288 train_time:19955ms step_avg:37.65ms
step:531/1288 train_time:20008ms step_avg:37.68ms
step:532/1288 train_time:20071ms step_avg:37.73ms
step:533/1288 train_time:20125ms step_avg:37.76ms
step:534/1288 train_time:20187ms step_avg:37.80ms
step:535/1288 train_time:20240ms step_avg:37.83ms
step:536/1288 train_time:20301ms step_avg:37.88ms
step:537/1288 train_time:20356ms step_avg:37.91ms
step:538/1288 train_time:20419ms step_avg:37.95ms
step:539/1288 train_time:20473ms step_avg:37.98ms
step:540/1288 train_time:20536ms step_avg:38.03ms
step:541/1288 train_time:20591ms step_avg:38.06ms
step:542/1288 train_time:20653ms step_avg:38.11ms
step:543/1288 train_time:20708ms step_avg:38.14ms
step:544/1288 train_time:20770ms step_avg:38.18ms
step:545/1288 train_time:20825ms step_avg:38.21ms
step:546/1288 train_time:20886ms step_avg:38.25ms
step:547/1288 train_time:20939ms step_avg:38.28ms
step:548/1288 train_time:21001ms step_avg:38.32ms
step:549/1288 train_time:21055ms step_avg:38.35ms
step:550/1288 train_time:21116ms step_avg:38.39ms
step:551/1288 train_time:21170ms step_avg:38.42ms
step:552/1288 train_time:21233ms step_avg:38.46ms
step:553/1288 train_time:21287ms step_avg:38.49ms
step:554/1288 train_time:21349ms step_avg:38.54ms
step:555/1288 train_time:21403ms step_avg:38.56ms
step:556/1288 train_time:21466ms step_avg:38.61ms
step:557/1288 train_time:21520ms step_avg:38.63ms
step:558/1288 train_time:21581ms step_avg:38.68ms
step:559/1288 train_time:21636ms step_avg:38.71ms
step:560/1288 train_time:21698ms step_avg:38.75ms
step:561/1288 train_time:21752ms step_avg:38.77ms
step:562/1288 train_time:21814ms step_avg:38.81ms
step:563/1288 train_time:21867ms step_avg:38.84ms
step:564/1288 train_time:21930ms step_avg:38.88ms
step:565/1288 train_time:21984ms step_avg:38.91ms
step:566/1288 train_time:22046ms step_avg:38.95ms
step:567/1288 train_time:22100ms step_avg:38.98ms
step:568/1288 train_time:22161ms step_avg:39.02ms
step:569/1288 train_time:22214ms step_avg:39.04ms
step:570/1288 train_time:22276ms step_avg:39.08ms
step:571/1288 train_time:22331ms step_avg:39.11ms
step:572/1288 train_time:22393ms step_avg:39.15ms
step:573/1288 train_time:22447ms step_avg:39.17ms
step:574/1288 train_time:22509ms step_avg:39.21ms
step:575/1288 train_time:22565ms step_avg:39.24ms
step:576/1288 train_time:22627ms step_avg:39.28ms
step:577/1288 train_time:22680ms step_avg:39.31ms
step:578/1288 train_time:22742ms step_avg:39.35ms
step:579/1288 train_time:22796ms step_avg:39.37ms
step:580/1288 train_time:22859ms step_avg:39.41ms
step:581/1288 train_time:22912ms step_avg:39.44ms
step:582/1288 train_time:22974ms step_avg:39.47ms
step:583/1288 train_time:23028ms step_avg:39.50ms
step:584/1288 train_time:23090ms step_avg:39.54ms
step:585/1288 train_time:23144ms step_avg:39.56ms
step:586/1288 train_time:23206ms step_avg:39.60ms
step:587/1288 train_time:23260ms step_avg:39.63ms
step:588/1288 train_time:23322ms step_avg:39.66ms
step:589/1288 train_time:23377ms step_avg:39.69ms
step:590/1288 train_time:23439ms step_avg:39.73ms
step:591/1288 train_time:23492ms step_avg:39.75ms
step:592/1288 train_time:23555ms step_avg:39.79ms
step:593/1288 train_time:23609ms step_avg:39.81ms
step:594/1288 train_time:23671ms step_avg:39.85ms
step:595/1288 train_time:23727ms step_avg:39.88ms
step:596/1288 train_time:23790ms step_avg:39.92ms
step:597/1288 train_time:23844ms step_avg:39.94ms
step:598/1288 train_time:23905ms step_avg:39.97ms
step:599/1288 train_time:23958ms step_avg:40.00ms
step:600/1288 train_time:24021ms step_avg:40.03ms
step:601/1288 train_time:24074ms step_avg:40.06ms
step:602/1288 train_time:24136ms step_avg:40.09ms
step:603/1288 train_time:24190ms step_avg:40.12ms
step:604/1288 train_time:24253ms step_avg:40.15ms
step:605/1288 train_time:24307ms step_avg:40.18ms
step:606/1288 train_time:24369ms step_avg:40.21ms
step:607/1288 train_time:24423ms step_avg:40.24ms
step:608/1288 train_time:24485ms step_avg:40.27ms
step:609/1288 train_time:24539ms step_avg:40.29ms
step:610/1288 train_time:24601ms step_avg:40.33ms
step:611/1288 train_time:24656ms step_avg:40.35ms
step:612/1288 train_time:24718ms step_avg:40.39ms
step:613/1288 train_time:24772ms step_avg:40.41ms
step:614/1288 train_time:24834ms step_avg:40.45ms
step:615/1288 train_time:24888ms step_avg:40.47ms
step:616/1288 train_time:24951ms step_avg:40.50ms
step:617/1288 train_time:25005ms step_avg:40.53ms
step:618/1288 train_time:25067ms step_avg:40.56ms
step:619/1288 train_time:25121ms step_avg:40.58ms
step:620/1288 train_time:25183ms step_avg:40.62ms
step:621/1288 train_time:25237ms step_avg:40.64ms
step:622/1288 train_time:25298ms step_avg:40.67ms
step:623/1288 train_time:25351ms step_avg:40.69ms
step:624/1288 train_time:25414ms step_avg:40.73ms
step:625/1288 train_time:25468ms step_avg:40.75ms
step:626/1288 train_time:25531ms step_avg:40.78ms
step:627/1288 train_time:25585ms step_avg:40.81ms
step:628/1288 train_time:25648ms step_avg:40.84ms
step:629/1288 train_time:25702ms step_avg:40.86ms
step:630/1288 train_time:25763ms step_avg:40.89ms
step:631/1288 train_time:25817ms step_avg:40.91ms
step:632/1288 train_time:25878ms step_avg:40.95ms
step:633/1288 train_time:25932ms step_avg:40.97ms
step:634/1288 train_time:25995ms step_avg:41.00ms
step:635/1288 train_time:26048ms step_avg:41.02ms
step:636/1288 train_time:26113ms step_avg:41.06ms
step:637/1288 train_time:26167ms step_avg:41.08ms
step:638/1288 train_time:26229ms step_avg:41.11ms
step:639/1288 train_time:26283ms step_avg:41.13ms
step:640/1288 train_time:26345ms step_avg:41.16ms
step:641/1288 train_time:26401ms step_avg:41.19ms
step:642/1288 train_time:26462ms step_avg:41.22ms
step:643/1288 train_time:26516ms step_avg:41.24ms
step:644/1288 train_time:26578ms step_avg:41.27ms
step:645/1288 train_time:26633ms step_avg:41.29ms
step:646/1288 train_time:26696ms step_avg:41.33ms
step:647/1288 train_time:26751ms step_avg:41.35ms
step:648/1288 train_time:26814ms step_avg:41.38ms
step:649/1288 train_time:26868ms step_avg:41.40ms
step:650/1288 train_time:26930ms step_avg:41.43ms
step:651/1288 train_time:26984ms step_avg:41.45ms
step:652/1288 train_time:27046ms step_avg:41.48ms
step:653/1288 train_time:27100ms step_avg:41.50ms
step:654/1288 train_time:27162ms step_avg:41.53ms
step:655/1288 train_time:27216ms step_avg:41.55ms
step:656/1288 train_time:27278ms step_avg:41.58ms
step:657/1288 train_time:27331ms step_avg:41.60ms
step:658/1288 train_time:27394ms step_avg:41.63ms
step:659/1288 train_time:27449ms step_avg:41.65ms
step:660/1288 train_time:27512ms step_avg:41.68ms
step:661/1288 train_time:27566ms step_avg:41.70ms
step:662/1288 train_time:27629ms step_avg:41.74ms
step:663/1288 train_time:27683ms step_avg:41.75ms
step:664/1288 train_time:27746ms step_avg:41.79ms
step:665/1288 train_time:27799ms step_avg:41.80ms
step:666/1288 train_time:27860ms step_avg:41.83ms
step:667/1288 train_time:27914ms step_avg:41.85ms
step:668/1288 train_time:27977ms step_avg:41.88ms
step:669/1288 train_time:28031ms step_avg:41.90ms
step:670/1288 train_time:28094ms step_avg:41.93ms
step:671/1288 train_time:28147ms step_avg:41.95ms
step:672/1288 train_time:28210ms step_avg:41.98ms
step:673/1288 train_time:28265ms step_avg:42.00ms
step:674/1288 train_time:28327ms step_avg:42.03ms
step:675/1288 train_time:28380ms step_avg:42.04ms
step:676/1288 train_time:28443ms step_avg:42.08ms
step:677/1288 train_time:28497ms step_avg:42.09ms
step:678/1288 train_time:28558ms step_avg:42.12ms
step:679/1288 train_time:28611ms step_avg:42.14ms
step:680/1288 train_time:28674ms step_avg:42.17ms
step:681/1288 train_time:28729ms step_avg:42.19ms
step:682/1288 train_time:28792ms step_avg:42.22ms
step:683/1288 train_time:28846ms step_avg:42.23ms
step:684/1288 train_time:28908ms step_avg:42.26ms
step:685/1288 train_time:28962ms step_avg:42.28ms
step:686/1288 train_time:29024ms step_avg:42.31ms
step:687/1288 train_time:29077ms step_avg:42.32ms
step:688/1288 train_time:29139ms step_avg:42.35ms
step:689/1288 train_time:29194ms step_avg:42.37ms
step:690/1288 train_time:29256ms step_avg:42.40ms
step:691/1288 train_time:29309ms step_avg:42.42ms
step:692/1288 train_time:29372ms step_avg:42.45ms
step:693/1288 train_time:29427ms step_avg:42.46ms
step:694/1288 train_time:29489ms step_avg:42.49ms
step:695/1288 train_time:29542ms step_avg:42.51ms
step:696/1288 train_time:29604ms step_avg:42.53ms
step:697/1288 train_time:29657ms step_avg:42.55ms
step:698/1288 train_time:29719ms step_avg:42.58ms
step:699/1288 train_time:29774ms step_avg:42.59ms
step:700/1288 train_time:29837ms step_avg:42.62ms
step:701/1288 train_time:29891ms step_avg:42.64ms
step:702/1288 train_time:29953ms step_avg:42.67ms
step:703/1288 train_time:30007ms step_avg:42.68ms
step:704/1288 train_time:30069ms step_avg:42.71ms
step:705/1288 train_time:30124ms step_avg:42.73ms
step:706/1288 train_time:30186ms step_avg:42.76ms
step:707/1288 train_time:30240ms step_avg:42.77ms
step:708/1288 train_time:30302ms step_avg:42.80ms
step:709/1288 train_time:30356ms step_avg:42.82ms
step:710/1288 train_time:30418ms step_avg:42.84ms
step:711/1288 train_time:30471ms step_avg:42.86ms
step:712/1288 train_time:30534ms step_avg:42.89ms
step:713/1288 train_time:30588ms step_avg:42.90ms
step:714/1288 train_time:30650ms step_avg:42.93ms
step:715/1288 train_time:30705ms step_avg:42.94ms
step:716/1288 train_time:30767ms step_avg:42.97ms
step:717/1288 train_time:30821ms step_avg:42.99ms
step:718/1288 train_time:30883ms step_avg:43.01ms
step:719/1288 train_time:30937ms step_avg:43.03ms
step:720/1288 train_time:30999ms step_avg:43.05ms
step:721/1288 train_time:31053ms step_avg:43.07ms
step:722/1288 train_time:31115ms step_avg:43.09ms
step:723/1288 train_time:31169ms step_avg:43.11ms
step:724/1288 train_time:31232ms step_avg:43.14ms
step:725/1288 train_time:31286ms step_avg:43.15ms
step:726/1288 train_time:31349ms step_avg:43.18ms
step:727/1288 train_time:31403ms step_avg:43.20ms
step:728/1288 train_time:31465ms step_avg:43.22ms
step:729/1288 train_time:31518ms step_avg:43.24ms
step:730/1288 train_time:31580ms step_avg:43.26ms
step:731/1288 train_time:31635ms step_avg:43.28ms
step:732/1288 train_time:31697ms step_avg:43.30ms
step:733/1288 train_time:31751ms step_avg:43.32ms
step:734/1288 train_time:31813ms step_avg:43.34ms
step:735/1288 train_time:31868ms step_avg:43.36ms
step:736/1288 train_time:31932ms step_avg:43.39ms
step:737/1288 train_time:31985ms step_avg:43.40ms
step:738/1288 train_time:32048ms step_avg:43.43ms
step:739/1288 train_time:32102ms step_avg:43.44ms
step:740/1288 train_time:32163ms step_avg:43.46ms
step:741/1288 train_time:32217ms step_avg:43.48ms
step:742/1288 train_time:32279ms step_avg:43.50ms
step:743/1288 train_time:32334ms step_avg:43.52ms
step:744/1288 train_time:32396ms step_avg:43.54ms
step:745/1288 train_time:32450ms step_avg:43.56ms
step:746/1288 train_time:32513ms step_avg:43.58ms
step:747/1288 train_time:32567ms step_avg:43.60ms
step:748/1288 train_time:32629ms step_avg:43.62ms
step:749/1288 train_time:32682ms step_avg:43.63ms
step:750/1288 train_time:32745ms step_avg:43.66ms
step:750/1288 val_loss:3.6586 train_time:32809ms step_avg:43.75ms
step:751/1288 train_time:32829ms step_avg:43.71ms
step:752/1288 train_time:32865ms step_avg:43.70ms
step:753/1288 train_time:32920ms step_avg:43.72ms
step:754/1288 train_time:32983ms step_avg:43.74ms
step:755/1288 train_time:33037ms step_avg:43.76ms
step:756/1288 train_time:33099ms step_avg:43.78ms
step:757/1288 train_time:33153ms step_avg:43.80ms
step:758/1288 train_time:33214ms step_avg:43.82ms
step:759/1288 train_time:33268ms step_avg:43.83ms
step:760/1288 train_time:33329ms step_avg:43.85ms
step:761/1288 train_time:33383ms step_avg:43.87ms
step:762/1288 train_time:33445ms step_avg:43.89ms
step:763/1288 train_time:33499ms step_avg:43.90ms
step:764/1288 train_time:33560ms step_avg:43.93ms
step:765/1288 train_time:33614ms step_avg:43.94ms
step:766/1288 train_time:33675ms step_avg:43.96ms
step:767/1288 train_time:33729ms step_avg:43.98ms
step:768/1288 train_time:33792ms step_avg:44.00ms
step:769/1288 train_time:33848ms step_avg:44.01ms
step:770/1288 train_time:33911ms step_avg:44.04ms
step:771/1288 train_time:33965ms step_avg:44.05ms
step:772/1288 train_time:34027ms step_avg:44.08ms
step:773/1288 train_time:34082ms step_avg:44.09ms
step:774/1288 train_time:34144ms step_avg:44.11ms
step:775/1288 train_time:34197ms step_avg:44.13ms
step:776/1288 train_time:34260ms step_avg:44.15ms
step:777/1288 train_time:34314ms step_avg:44.16ms
step:778/1288 train_time:34376ms step_avg:44.19ms
step:779/1288 train_time:34431ms step_avg:44.20ms
step:780/1288 train_time:34494ms step_avg:44.22ms
step:781/1288 train_time:34548ms step_avg:44.23ms
step:782/1288 train_time:34609ms step_avg:44.26ms
step:783/1288 train_time:34663ms step_avg:44.27ms
step:784/1288 train_time:34724ms step_avg:44.29ms
step:785/1288 train_time:34779ms step_avg:44.30ms
step:786/1288 train_time:34842ms step_avg:44.33ms
step:787/1288 train_time:34896ms step_avg:44.34ms
step:788/1288 train_time:34959ms step_avg:44.36ms
step:789/1288 train_time:35013ms step_avg:44.38ms
step:790/1288 train_time:35076ms step_avg:44.40ms
step:791/1288 train_time:35130ms step_avg:44.41ms
step:792/1288 train_time:35192ms step_avg:44.43ms
step:793/1288 train_time:35247ms step_avg:44.45ms
step:794/1288 train_time:35310ms step_avg:44.47ms
step:795/1288 train_time:35362ms step_avg:44.48ms
step:796/1288 train_time:35425ms step_avg:44.50ms
step:797/1288 train_time:35478ms step_avg:44.51ms
step:798/1288 train_time:35541ms step_avg:44.54ms
step:799/1288 train_time:35595ms step_avg:44.55ms
step:800/1288 train_time:35657ms step_avg:44.57ms
step:801/1288 train_time:35710ms step_avg:44.58ms
step:802/1288 train_time:35774ms step_avg:44.61ms
step:803/1288 train_time:35829ms step_avg:44.62ms
step:804/1288 train_time:35892ms step_avg:44.64ms
step:805/1288 train_time:35946ms step_avg:44.65ms
step:806/1288 train_time:36008ms step_avg:44.67ms
step:807/1288 train_time:36062ms step_avg:44.69ms
step:808/1288 train_time:36124ms step_avg:44.71ms
step:809/1288 train_time:36178ms step_avg:44.72ms
step:810/1288 train_time:36241ms step_avg:44.74ms
step:811/1288 train_time:36295ms step_avg:44.75ms
step:812/1288 train_time:36357ms step_avg:44.77ms
step:813/1288 train_time:36411ms step_avg:44.79ms
step:814/1288 train_time:36474ms step_avg:44.81ms
step:815/1288 train_time:36528ms step_avg:44.82ms
step:816/1288 train_time:36589ms step_avg:44.84ms
step:817/1288 train_time:36643ms step_avg:44.85ms
step:818/1288 train_time:36705ms step_avg:44.87ms
step:819/1288 train_time:36759ms step_avg:44.88ms
step:820/1288 train_time:36821ms step_avg:44.90ms
step:821/1288 train_time:36876ms step_avg:44.92ms
step:822/1288 train_time:36938ms step_avg:44.94ms
step:823/1288 train_time:36993ms step_avg:44.95ms
step:824/1288 train_time:37056ms step_avg:44.97ms
step:825/1288 train_time:37110ms step_avg:44.98ms
step:826/1288 train_time:37172ms step_avg:45.00ms
step:827/1288 train_time:37226ms step_avg:45.01ms
step:828/1288 train_time:37287ms step_avg:45.03ms
step:829/1288 train_time:37342ms step_avg:45.04ms
step:830/1288 train_time:37404ms step_avg:45.06ms
step:831/1288 train_time:37457ms step_avg:45.07ms
step:832/1288 train_time:37520ms step_avg:45.10ms
step:833/1288 train_time:37573ms step_avg:45.11ms
step:834/1288 train_time:37636ms step_avg:45.13ms
step:835/1288 train_time:37690ms step_avg:45.14ms
step:836/1288 train_time:37751ms step_avg:45.16ms
step:837/1288 train_time:37805ms step_avg:45.17ms
step:838/1288 train_time:37868ms step_avg:45.19ms
step:839/1288 train_time:37922ms step_avg:45.20ms
step:840/1288 train_time:37983ms step_avg:45.22ms
step:841/1288 train_time:38038ms step_avg:45.23ms
step:842/1288 train_time:38100ms step_avg:45.25ms
step:843/1288 train_time:38154ms step_avg:45.26ms
step:844/1288 train_time:38217ms step_avg:45.28ms
step:845/1288 train_time:38271ms step_avg:45.29ms
step:846/1288 train_time:38334ms step_avg:45.31ms
step:847/1288 train_time:38388ms step_avg:45.32ms
step:848/1288 train_time:38451ms step_avg:45.34ms
step:849/1288 train_time:38503ms step_avg:45.35ms
step:850/1288 train_time:38568ms step_avg:45.37ms
step:851/1288 train_time:38649ms step_avg:45.42ms
step:852/1288 train_time:38736ms step_avg:45.47ms
step:853/1288 train_time:38818ms step_avg:45.51ms
step:854/1288 train_time:38906ms step_avg:45.56ms
step:855/1288 train_time:38987ms step_avg:45.60ms
step:856/1288 train_time:39075ms step_avg:45.65ms
step:857/1288 train_time:39157ms step_avg:45.69ms
step:858/1288 train_time:39245ms step_avg:45.74ms
step:859/1288 train_time:39325ms step_avg:45.78ms
step:860/1288 train_time:39412ms step_avg:45.83ms
step:861/1288 train_time:39494ms step_avg:45.87ms
step:862/1288 train_time:39582ms step_avg:45.92ms
step:863/1288 train_time:39662ms step_avg:45.96ms
step:864/1288 train_time:39749ms step_avg:46.01ms
step:865/1288 train_time:39830ms step_avg:46.05ms
step:866/1288 train_time:39919ms step_avg:46.10ms
step:867/1288 train_time:40001ms step_avg:46.14ms
step:868/1288 train_time:40088ms step_avg:46.18ms
step:869/1288 train_time:40168ms step_avg:46.22ms
step:870/1288 train_time:40256ms step_avg:46.27ms
step:871/1288 train_time:40337ms step_avg:46.31ms
step:872/1288 train_time:40425ms step_avg:46.36ms
step:873/1288 train_time:40506ms step_avg:46.40ms
step:874/1288 train_time:40593ms step_avg:46.45ms
step:875/1288 train_time:40674ms step_avg:46.48ms
step:876/1288 train_time:40764ms step_avg:46.53ms
step:877/1288 train_time:40844ms step_avg:46.57ms
step:878/1288 train_time:40930ms step_avg:46.62ms
step:879/1288 train_time:41012ms step_avg:46.66ms
step:880/1288 train_time:41100ms step_avg:46.70ms
step:881/1288 train_time:41181ms step_avg:46.74ms
step:882/1288 train_time:41268ms step_avg:46.79ms
step:883/1288 train_time:41348ms step_avg:46.83ms
step:884/1288 train_time:41436ms step_avg:46.87ms
step:885/1288 train_time:41517ms step_avg:46.91ms
step:886/1288 train_time:41605ms step_avg:46.96ms
step:887/1288 train_time:41686ms step_avg:47.00ms
step:888/1288 train_time:41772ms step_avg:47.04ms
step:889/1288 train_time:41853ms step_avg:47.08ms
step:890/1288 train_time:41941ms step_avg:47.12ms
step:891/1288 train_time:42021ms step_avg:47.16ms
step:892/1288 train_time:42109ms step_avg:47.21ms
step:893/1288 train_time:42190ms step_avg:47.25ms
step:894/1288 train_time:42278ms step_avg:47.29ms
step:895/1288 train_time:42359ms step_avg:47.33ms
step:896/1288 train_time:42446ms step_avg:47.37ms
step:897/1288 train_time:42527ms step_avg:47.41ms
step:898/1288 train_time:42615ms step_avg:47.46ms
step:899/1288 train_time:42697ms step_avg:47.49ms
step:900/1288 train_time:42784ms step_avg:47.54ms
step:901/1288 train_time:42865ms step_avg:47.57ms
step:902/1288 train_time:42951ms step_avg:47.62ms
step:903/1288 train_time:43032ms step_avg:47.65ms
step:904/1288 train_time:43120ms step_avg:47.70ms
step:905/1288 train_time:43201ms step_avg:47.74ms
step:906/1288 train_time:43288ms step_avg:47.78ms
step:907/1288 train_time:43368ms step_avg:47.82ms
step:908/1288 train_time:43456ms step_avg:47.86ms
step:909/1288 train_time:43537ms step_avg:47.90ms
step:910/1288 train_time:43624ms step_avg:47.94ms
step:911/1288 train_time:43705ms step_avg:47.98ms
step:912/1288 train_time:43794ms step_avg:48.02ms
step:913/1288 train_time:43876ms step_avg:48.06ms
step:914/1288 train_time:43963ms step_avg:48.10ms
step:915/1288 train_time:44044ms step_avg:48.14ms
step:916/1288 train_time:44131ms step_avg:48.18ms
step:917/1288 train_time:44211ms step_avg:48.21ms
step:918/1288 train_time:44299ms step_avg:48.26ms
step:919/1288 train_time:44380ms step_avg:48.29ms
step:920/1288 train_time:44468ms step_avg:48.33ms
step:921/1288 train_time:44549ms step_avg:48.37ms
step:922/1288 train_time:44635ms step_avg:48.41ms
step:923/1288 train_time:44718ms step_avg:48.45ms
step:924/1288 train_time:44806ms step_avg:48.49ms
step:925/1288 train_time:44886ms step_avg:48.53ms
step:926/1288 train_time:44973ms step_avg:48.57ms
step:927/1288 train_time:45056ms step_avg:48.60ms
step:928/1288 train_time:45143ms step_avg:48.65ms
step:929/1288 train_time:45224ms step_avg:48.68ms
step:930/1288 train_time:45311ms step_avg:48.72ms
step:931/1288 train_time:45393ms step_avg:48.76ms
step:932/1288 train_time:45480ms step_avg:48.80ms
step:933/1288 train_time:45561ms step_avg:48.83ms
step:934/1288 train_time:45647ms step_avg:48.87ms
step:935/1288 train_time:45728ms step_avg:48.91ms
step:936/1288 train_time:45817ms step_avg:48.95ms
step:937/1288 train_time:45898ms step_avg:48.98ms
step:938/1288 train_time:45987ms step_avg:49.03ms
step:939/1288 train_time:46067ms step_avg:49.06ms
step:940/1288 train_time:46154ms step_avg:49.10ms
step:941/1288 train_time:46236ms step_avg:49.13ms
step:942/1288 train_time:46323ms step_avg:49.18ms
step:943/1288 train_time:46404ms step_avg:49.21ms
step:944/1288 train_time:46492ms step_avg:49.25ms
step:945/1288 train_time:46574ms step_avg:49.29ms
step:946/1288 train_time:46662ms step_avg:49.33ms
step:947/1288 train_time:46742ms step_avg:49.36ms
step:948/1288 train_time:46829ms step_avg:49.40ms
step:949/1288 train_time:46911ms step_avg:49.43ms
step:950/1288 train_time:46999ms step_avg:49.47ms
step:951/1288 train_time:47081ms step_avg:49.51ms
step:952/1288 train_time:47167ms step_avg:49.55ms
step:953/1288 train_time:47248ms step_avg:49.58ms
step:954/1288 train_time:47334ms step_avg:49.62ms
step:955/1288 train_time:47417ms step_avg:49.65ms
step:956/1288 train_time:47505ms step_avg:49.69ms
step:957/1288 train_time:47586ms step_avg:49.72ms
step:958/1288 train_time:47674ms step_avg:49.76ms
step:959/1288 train_time:47755ms step_avg:49.80ms
step:960/1288 train_time:47842ms step_avg:49.84ms
step:961/1288 train_time:47923ms step_avg:49.87ms
step:962/1288 train_time:48010ms step_avg:49.91ms
step:963/1288 train_time:48091ms step_avg:49.94ms
step:964/1288 train_time:48179ms step_avg:49.98ms
step:965/1288 train_time:48260ms step_avg:50.01ms
step:966/1288 train_time:48347ms step_avg:50.05ms
step:967/1288 train_time:48428ms step_avg:50.08ms
step:968/1288 train_time:48515ms step_avg:50.12ms
step:969/1288 train_time:48597ms step_avg:50.15ms
step:970/1288 train_time:48685ms step_avg:50.19ms
step:971/1288 train_time:48767ms step_avg:50.22ms
step:972/1288 train_time:48854ms step_avg:50.26ms
step:973/1288 train_time:48936ms step_avg:50.29ms
step:974/1288 train_time:49023ms step_avg:50.33ms
step:975/1288 train_time:49104ms step_avg:50.36ms
step:976/1288 train_time:49191ms step_avg:50.40ms
step:977/1288 train_time:49273ms step_avg:50.43ms
step:978/1288 train_time:49361ms step_avg:50.47ms
step:979/1288 train_time:49441ms step_avg:50.50ms
step:980/1288 train_time:49528ms step_avg:50.54ms
step:981/1288 train_time:49610ms step_avg:50.57ms
step:982/1288 train_time:49697ms step_avg:50.61ms
step:983/1288 train_time:49778ms step_avg:50.64ms
step:984/1288 train_time:49867ms step_avg:50.68ms
step:985/1288 train_time:49947ms step_avg:50.71ms
step:986/1288 train_time:50033ms step_avg:50.74ms
step:987/1288 train_time:50115ms step_avg:50.77ms
step:988/1288 train_time:50204ms step_avg:50.81ms
step:989/1288 train_time:50286ms step_avg:50.84ms
step:990/1288 train_time:50374ms step_avg:50.88ms
step:991/1288 train_time:50455ms step_avg:50.91ms
step:992/1288 train_time:50542ms step_avg:50.95ms
step:993/1288 train_time:50623ms step_avg:50.98ms
step:994/1288 train_time:50711ms step_avg:51.02ms
step:995/1288 train_time:50792ms step_avg:51.05ms
step:996/1288 train_time:50879ms step_avg:51.08ms
step:997/1288 train_time:50960ms step_avg:51.11ms
step:998/1288 train_time:51047ms step_avg:51.15ms
step:999/1288 train_time:51127ms step_avg:51.18ms
step:1000/1288 train_time:51214ms step_avg:51.21ms
step:1000/1288 val_loss:3.4188 train_time:51309ms step_avg:51.31ms
step:1001/1288 train_time:51330ms step_avg:51.28ms
step:1002/1288 train_time:51389ms step_avg:51.29ms
step:1003/1288 train_time:51475ms step_avg:51.32ms
step:1004/1288 train_time:51568ms step_avg:51.36ms
step:1005/1288 train_time:51647ms step_avg:51.39ms
step:1006/1288 train_time:51733ms step_avg:51.42ms
step:1007/1288 train_time:51814ms step_avg:51.45ms
step:1008/1288 train_time:51901ms step_avg:51.49ms
step:1009/1288 train_time:51980ms step_avg:51.52ms
step:1010/1288 train_time:52067ms step_avg:51.55ms
step:1011/1288 train_time:52146ms step_avg:51.58ms
step:1012/1288 train_time:52233ms step_avg:51.61ms
step:1013/1288 train_time:52317ms step_avg:51.65ms
step:1014/1288 train_time:52408ms step_avg:51.68ms
step:1015/1288 train_time:52491ms step_avg:51.72ms
step:1016/1288 train_time:52580ms step_avg:51.75ms
step:1017/1288 train_time:52660ms step_avg:51.78ms
step:1018/1288 train_time:52746ms step_avg:51.81ms
step:1019/1288 train_time:52826ms step_avg:51.84ms
step:1020/1288 train_time:52912ms step_avg:51.87ms
step:1021/1288 train_time:52993ms step_avg:51.90ms
step:1022/1288 train_time:53081ms step_avg:51.94ms
step:1023/1288 train_time:53161ms step_avg:51.97ms
step:1024/1288 train_time:53248ms step_avg:52.00ms
step:1025/1288 train_time:53330ms step_avg:52.03ms
step:1026/1288 train_time:53421ms step_avg:52.07ms
step:1027/1288 train_time:53503ms step_avg:52.10ms
step:1028/1288 train_time:53591ms step_avg:52.13ms
step:1029/1288 train_time:53673ms step_avg:52.16ms
step:1030/1288 train_time:53760ms step_avg:52.19ms
step:1031/1288 train_time:53840ms step_avg:52.22ms
step:1032/1288 train_time:53927ms step_avg:52.25ms
step:1033/1288 train_time:54006ms step_avg:52.28ms
step:1034/1288 train_time:54094ms step_avg:52.32ms
step:1035/1288 train_time:54176ms step_avg:52.34ms
step:1036/1288 train_time:54265ms step_avg:52.38ms
step:1037/1288 train_time:54346ms step_avg:52.41ms
step:1038/1288 train_time:54434ms step_avg:52.44ms
step:1039/1288 train_time:54517ms step_avg:52.47ms
step:1040/1288 train_time:54605ms step_avg:52.51ms
step:1041/1288 train_time:54686ms step_avg:52.53ms
step:1042/1288 train_time:54773ms step_avg:52.57ms
step:1043/1288 train_time:54855ms step_avg:52.59ms
step:1044/1288 train_time:54942ms step_avg:52.63ms
step:1045/1288 train_time:55022ms step_avg:52.65ms
step:1046/1288 train_time:55108ms step_avg:52.68ms
step:1047/1288 train_time:55189ms step_avg:52.71ms
step:1048/1288 train_time:55278ms step_avg:52.75ms
step:1049/1288 train_time:55360ms step_avg:52.77ms
step:1050/1288 train_time:55447ms step_avg:52.81ms
step:1051/1288 train_time:55528ms step_avg:52.83ms
step:1052/1288 train_time:55617ms step_avg:52.87ms
step:1053/1288 train_time:55698ms step_avg:52.89ms
step:1054/1288 train_time:55786ms step_avg:52.93ms
step:1055/1288 train_time:55867ms step_avg:52.95ms
step:1056/1288 train_time:55953ms step_avg:52.99ms
step:1057/1288 train_time:56035ms step_avg:53.01ms
step:1058/1288 train_time:56121ms step_avg:53.04ms
step:1059/1288 train_time:56203ms step_avg:53.07ms
step:1060/1288 train_time:56290ms step_avg:53.10ms
step:1061/1288 train_time:56372ms step_avg:53.13ms
step:1062/1288 train_time:56460ms step_avg:53.16ms
step:1063/1288 train_time:56541ms step_avg:53.19ms
step:1064/1288 train_time:56628ms step_avg:53.22ms
step:1065/1288 train_time:56710ms step_avg:53.25ms
step:1066/1288 train_time:56798ms step_avg:53.28ms
step:1067/1288 train_time:56879ms step_avg:53.31ms
step:1068/1288 train_time:56965ms step_avg:53.34ms
step:1069/1288 train_time:57046ms step_avg:53.36ms
step:1070/1288 train_time:57133ms step_avg:53.40ms
step:1071/1288 train_time:57215ms step_avg:53.42ms
step:1072/1288 train_time:57304ms step_avg:53.45ms
step:1073/1288 train_time:57385ms step_avg:53.48ms
step:1074/1288 train_time:57473ms step_avg:53.51ms
step:1075/1288 train_time:57556ms step_avg:53.54ms
step:1076/1288 train_time:57643ms step_avg:53.57ms
step:1077/1288 train_time:57724ms step_avg:53.60ms
step:1078/1288 train_time:57812ms step_avg:53.63ms
step:1079/1288 train_time:57893ms step_avg:53.65ms
step:1080/1288 train_time:57980ms step_avg:53.69ms
step:1081/1288 train_time:58061ms step_avg:53.71ms
step:1082/1288 train_time:58148ms step_avg:53.74ms
step:1083/1288 train_time:58228ms step_avg:53.77ms
step:1084/1288 train_time:58317ms step_avg:53.80ms
step:1085/1288 train_time:58399ms step_avg:53.82ms
step:1086/1288 train_time:58487ms step_avg:53.86ms
step:1087/1288 train_time:58568ms step_avg:53.88ms
step:1088/1288 train_time:58656ms step_avg:53.91ms
step:1089/1288 train_time:58737ms step_avg:53.94ms
step:1090/1288 train_time:58824ms step_avg:53.97ms
step:1091/1288 train_time:58905ms step_avg:53.99ms
step:1092/1288 train_time:58992ms step_avg:54.02ms
step:1093/1288 train_time:59074ms step_avg:54.05ms
step:1094/1288 train_time:59161ms step_avg:54.08ms
step:1095/1288 train_time:59241ms step_avg:54.10ms
step:1096/1288 train_time:59330ms step_avg:54.13ms
step:1097/1288 train_time:59413ms step_avg:54.16ms
step:1098/1288 train_time:59501ms step_avg:54.19ms
step:1099/1288 train_time:59582ms step_avg:54.21ms
step:1100/1288 train_time:59669ms step_avg:54.24ms
step:1101/1288 train_time:59750ms step_avg:54.27ms
step:1102/1288 train_time:59838ms step_avg:54.30ms
step:1103/1288 train_time:59920ms step_avg:54.32ms
step:1104/1288 train_time:60007ms step_avg:54.35ms
step:1105/1288 train_time:60087ms step_avg:54.38ms
step:1106/1288 train_time:60173ms step_avg:54.41ms
step:1107/1288 train_time:60255ms step_avg:54.43ms
step:1108/1288 train_time:60343ms step_avg:54.46ms
step:1109/1288 train_time:60425ms step_avg:54.49ms
step:1110/1288 train_time:60513ms step_avg:54.52ms
step:1111/1288 train_time:60594ms step_avg:54.54ms
step:1112/1288 train_time:60682ms step_avg:54.57ms
step:1113/1288 train_time:60763ms step_avg:54.59ms
step:1114/1288 train_time:60850ms step_avg:54.62ms
step:1115/1288 train_time:60931ms step_avg:54.65ms
step:1116/1288 train_time:61019ms step_avg:54.68ms
step:1117/1288 train_time:61100ms step_avg:54.70ms
step:1118/1288 train_time:61187ms step_avg:54.73ms
step:1119/1288 train_time:61268ms step_avg:54.75ms
step:1120/1288 train_time:61357ms step_avg:54.78ms
step:1121/1288 train_time:61439ms step_avg:54.81ms
step:1122/1288 train_time:61527ms step_avg:54.84ms
step:1123/1288 train_time:61607ms step_avg:54.86ms
step:1124/1288 train_time:61696ms step_avg:54.89ms
step:1125/1288 train_time:61778ms step_avg:54.91ms
step:1126/1288 train_time:61865ms step_avg:54.94ms
step:1127/1288 train_time:61946ms step_avg:54.96ms
step:1128/1288 train_time:62033ms step_avg:54.99ms
step:1129/1288 train_time:62116ms step_avg:55.02ms
step:1130/1288 train_time:62203ms step_avg:55.05ms
step:1131/1288 train_time:62283ms step_avg:55.07ms
step:1132/1288 train_time:62370ms step_avg:55.10ms
step:1133/1288 train_time:62451ms step_avg:55.12ms
step:1134/1288 train_time:62539ms step_avg:55.15ms
step:1135/1288 train_time:62620ms step_avg:55.17ms
step:1136/1288 train_time:62708ms step_avg:55.20ms
step:1137/1288 train_time:62788ms step_avg:55.22ms
step:1138/1288 train_time:62877ms step_avg:55.25ms
step:1139/1288 train_time:62958ms step_avg:55.28ms
step:1140/1288 train_time:63046ms step_avg:55.30ms
step:1141/1288 train_time:63126ms step_avg:55.32ms
step:1142/1288 train_time:63213ms step_avg:55.35ms
step:1143/1288 train_time:63295ms step_avg:55.38ms
step:1144/1288 train_time:63383ms step_avg:55.41ms
step:1145/1288 train_time:63464ms step_avg:55.43ms
step:1146/1288 train_time:63552ms step_avg:55.46ms
step:1147/1288 train_time:63634ms step_avg:55.48ms
step:1148/1288 train_time:63722ms step_avg:55.51ms
step:1149/1288 train_time:63803ms step_avg:55.53ms
step:1150/1288 train_time:63889ms step_avg:55.56ms
step:1151/1288 train_time:63971ms step_avg:55.58ms
step:1152/1288 train_time:64059ms step_avg:55.61ms
step:1153/1288 train_time:64140ms step_avg:55.63ms
step:1154/1288 train_time:64227ms step_avg:55.66ms
step:1155/1288 train_time:64307ms step_avg:55.68ms
step:1156/1288 train_time:64396ms step_avg:55.71ms
step:1157/1288 train_time:64478ms step_avg:55.73ms
step:1158/1288 train_time:64565ms step_avg:55.76ms
step:1159/1288 train_time:64646ms step_avg:55.78ms
step:1160/1288 train_time:64734ms step_avg:55.81ms
step:1161/1288 train_time:64816ms step_avg:55.83ms
step:1162/1288 train_time:64905ms step_avg:55.86ms
step:1163/1288 train_time:64986ms step_avg:55.88ms
step:1164/1288 train_time:65073ms step_avg:55.90ms
step:1165/1288 train_time:65156ms step_avg:55.93ms
step:1166/1288 train_time:65243ms step_avg:55.95ms
step:1167/1288 train_time:65324ms step_avg:55.98ms
step:1168/1288 train_time:65410ms step_avg:56.00ms
step:1169/1288 train_time:65492ms step_avg:56.02ms
step:1170/1288 train_time:65580ms step_avg:56.05ms
step:1171/1288 train_time:65660ms step_avg:56.07ms
step:1172/1288 train_time:65749ms step_avg:56.10ms
step:1173/1288 train_time:65830ms step_avg:56.12ms
step:1174/1288 train_time:65918ms step_avg:56.15ms
step:1175/1288 train_time:66000ms step_avg:56.17ms
step:1176/1288 train_time:66087ms step_avg:56.20ms
step:1177/1288 train_time:66168ms step_avg:56.22ms
step:1178/1288 train_time:66255ms step_avg:56.24ms
step:1179/1288 train_time:66336ms step_avg:56.26ms
step:1180/1288 train_time:66423ms step_avg:56.29ms
step:1181/1288 train_time:66505ms step_avg:56.31ms
step:1182/1288 train_time:66593ms step_avg:56.34ms
step:1183/1288 train_time:66675ms step_avg:56.36ms
step:1184/1288 train_time:66762ms step_avg:56.39ms
step:1185/1288 train_time:66843ms step_avg:56.41ms
step:1186/1288 train_time:66930ms step_avg:56.43ms
step:1187/1288 train_time:67013ms step_avg:56.46ms
step:1188/1288 train_time:67101ms step_avg:56.48ms
step:1189/1288 train_time:67181ms step_avg:56.50ms
step:1190/1288 train_time:67269ms step_avg:56.53ms
step:1191/1288 train_time:67349ms step_avg:56.55ms
step:1192/1288 train_time:67437ms step_avg:56.57ms
step:1193/1288 train_time:67519ms step_avg:56.60ms
step:1194/1288 train_time:67607ms step_avg:56.62ms
step:1195/1288 train_time:67687ms step_avg:56.64ms
step:1196/1288 train_time:67775ms step_avg:56.67ms
step:1197/1288 train_time:67856ms step_avg:56.69ms
step:1198/1288 train_time:67944ms step_avg:56.71ms
step:1199/1288 train_time:68025ms step_avg:56.74ms
step:1200/1288 train_time:68113ms step_avg:56.76ms
step:1201/1288 train_time:68195ms step_avg:56.78ms
step:1202/1288 train_time:68282ms step_avg:56.81ms
step:1203/1288 train_time:68364ms step_avg:56.83ms
step:1204/1288 train_time:68451ms step_avg:56.85ms
step:1205/1288 train_time:68532ms step_avg:56.87ms
step:1206/1288 train_time:68620ms step_avg:56.90ms
step:1207/1288 train_time:68701ms step_avg:56.92ms
step:1208/1288 train_time:68788ms step_avg:56.94ms
step:1209/1288 train_time:68868ms step_avg:56.96ms
step:1210/1288 train_time:68956ms step_avg:56.99ms
step:1211/1288 train_time:69038ms step_avg:57.01ms
step:1212/1288 train_time:69125ms step_avg:57.03ms
step:1213/1288 train_time:69206ms step_avg:57.05ms
step:1214/1288 train_time:69293ms step_avg:57.08ms
step:1215/1288 train_time:69376ms step_avg:57.10ms
step:1216/1288 train_time:69463ms step_avg:57.12ms
step:1217/1288 train_time:69544ms step_avg:57.14ms
step:1218/1288 train_time:69632ms step_avg:57.17ms
step:1219/1288 train_time:69714ms step_avg:57.19ms
step:1220/1288 train_time:69802ms step_avg:57.21ms
step:1221/1288 train_time:69882ms step_avg:57.23ms
step:1222/1288 train_time:69970ms step_avg:57.26ms
step:1223/1288 train_time:70052ms step_avg:57.28ms
step:1224/1288 train_time:70139ms step_avg:57.30ms
step:1225/1288 train_time:70219ms step_avg:57.32ms
step:1226/1288 train_time:70307ms step_avg:57.35ms
step:1227/1288 train_time:70388ms step_avg:57.37ms
step:1228/1288 train_time:70476ms step_avg:57.39ms
step:1229/1288 train_time:70558ms step_avg:57.41ms
step:1230/1288 train_time:70645ms step_avg:57.44ms
step:1231/1288 train_time:70725ms step_avg:57.45ms
step:1232/1288 train_time:70814ms step_avg:57.48ms
step:1233/1288 train_time:70897ms step_avg:57.50ms
step:1234/1288 train_time:70984ms step_avg:57.52ms
step:1235/1288 train_time:71065ms step_avg:57.54ms
step:1236/1288 train_time:71153ms step_avg:57.57ms
step:1237/1288 train_time:71236ms step_avg:57.59ms
step:1238/1288 train_time:71325ms step_avg:57.61ms
step:1239/1288 train_time:71405ms step_avg:57.63ms
step:1240/1288 train_time:71493ms step_avg:57.66ms
step:1241/1288 train_time:71576ms step_avg:57.68ms
step:1242/1288 train_time:71663ms step_avg:57.70ms
step:1243/1288 train_time:71743ms step_avg:57.72ms
step:1244/1288 train_time:71830ms step_avg:57.74ms
step:1245/1288 train_time:71912ms step_avg:57.76ms
step:1246/1288 train_time:72001ms step_avg:57.79ms
step:1247/1288 train_time:72083ms step_avg:57.80ms
step:1248/1288 train_time:72170ms step_avg:57.83ms
step:1249/1288 train_time:72251ms step_avg:57.85ms
step:1250/1288 train_time:72339ms step_avg:57.87ms
step:1250/1288 val_loss:3.2967 train_time:72431ms step_avg:57.94ms
step:1251/1288 train_time:72452ms step_avg:57.92ms
step:1252/1288 train_time:72514ms step_avg:57.92ms
step:1253/1288 train_time:72597ms step_avg:57.94ms
step:1254/1288 train_time:72685ms step_avg:57.96ms
step:1255/1288 train_time:72765ms step_avg:57.98ms
step:1256/1288 train_time:72852ms step_avg:58.00ms
step:1257/1288 train_time:72933ms step_avg:58.02ms
step:1258/1288 train_time:73019ms step_avg:58.04ms
step:1259/1288 train_time:73101ms step_avg:58.06ms
step:1260/1288 train_time:73188ms step_avg:58.09ms
step:1261/1288 train_time:73269ms step_avg:58.10ms
step:1262/1288 train_time:73356ms step_avg:58.13ms
step:1263/1288 train_time:73439ms step_avg:58.15ms
step:1264/1288 train_time:73529ms step_avg:58.17ms
step:1265/1288 train_time:73611ms step_avg:58.19ms
step:1266/1288 train_time:73698ms step_avg:58.21ms
step:1267/1288 train_time:73779ms step_avg:58.23ms
step:1268/1288 train_time:73867ms step_avg:58.25ms
step:1269/1288 train_time:73947ms step_avg:58.27ms
step:1270/1288 train_time:74034ms step_avg:58.29ms
step:1271/1288 train_time:74114ms step_avg:58.31ms
step:1272/1288 train_time:74201ms step_avg:58.33ms
step:1273/1288 train_time:74282ms step_avg:58.35ms
step:1274/1288 train_time:74373ms step_avg:58.38ms
step:1275/1288 train_time:74458ms step_avg:58.40ms
step:1276/1288 train_time:74548ms step_avg:58.42ms
step:1277/1288 train_time:74630ms step_avg:58.44ms
step:1278/1288 train_time:74717ms step_avg:58.46ms
step:1279/1288 train_time:74797ms step_avg:58.48ms
step:1280/1288 train_time:74887ms step_avg:58.51ms
step:1281/1288 train_time:74968ms step_avg:58.52ms
step:1282/1288 train_time:75057ms step_avg:58.55ms
step:1283/1288 train_time:75137ms step_avg:58.56ms
step:1284/1288 train_time:75225ms step_avg:58.59ms
step:1285/1288 train_time:75308ms step_avg:58.61ms
step:1286/1288 train_time:75395ms step_avg:58.63ms
step:1287/1288 train_time:75477ms step_avg:58.65ms
step:1288/1288 train_time:75567ms step_avg:58.67ms
W0727 22:34:39.729000 78915 torch/distributed/elastic/agent/server/api.py:739] Received 15 death signal, shutting down workers
W0727 22:34:39.730000 78915 torch/distributed/elastic/multiprocessing/api.py:1010] Sending process 79068 closing signal SIGTERM
W0727 22:34:39.730000 78915 torch/distributed/elastic/multiprocessing/api.py:1010] Sending process 79069 closing signal SIGTERM
W0727 22:34:39.732000 78915 torch/distributed/elastic/multiprocessing/api.py:1010] Sending process 79070 closing signal SIGTERM
W0727 22:34:39.733000 78915 torch/distributed/elastic/multiprocessing/api.py:1010] Sending process 79071 closing signal SIGTERM
W0727 22:34:39.733000 78915 torch/distributed/elastic/multiprocessing/api.py:1010] Sending process 79072 closing signal SIGTERM
W0727 22:34:39.734000 78915 torch/distributed/elastic/multiprocessing/api.py:1010] Sending process 79073 closing signal SIGTERM
W0727 22:34:39.734000 78915 torch/distributed/elastic/multiprocessing/api.py:1010] Sending process 79074 closing signal SIGTERM
W0727 22:34:39.735000 78915 torch/distributed/elastic/multiprocessing/api.py:1010] Sending process 79075 closing signal SIGTERM
Traceback (most recent call last):
  File "/home/karan/speedrun/venv/bin/torchrun", line 6, in <module>
    sys.exit(main())
             ^^^^^^
  File "/home/karan/speedrun/venv/lib/python3.12/site-packages/torch/distributed/elastic/multiprocessing/errors/__init__.py", line 362, in wrapper
    return f(*args, **kwargs)
           ^^^^^^^^^^^^^^^^^^
  File "/home/karan/speedrun/venv/lib/python3.12/site-packages/torch/distributed/run.py", line 991, in main
    run(args)
  File "/home/karan/speedrun/venv/lib/python3.12/site-packages/torch/distributed/run.py", line 982, in run
    elastic_launch(
  File "/home/karan/speedrun/venv/lib/python3.12/site-packages/torch/distributed/launcher/api.py", line 170, in __call__
    return launch_agent(self._config, self._entrypoint, list(args))
           ^^^^^^^^^^^^^^^^^^^^^^^^^^^^^^^^^^^^^^^^^^^^^^^^^^^^^^^^
  File "/home/karan/speedrun/venv/lib/python3.12/site-packages/torch/distributed/launcher/api.py", line 308, in launch_agent
    result = agent.run()
             ^^^^^^^^^^^
  File "/home/karan/speedrun/venv/lib/python3.12/site-packages/torch/distributed/elastic/metrics/api.py", line 134, in wrapper
    result = f(*args, **kwargs)
             ^^^^^^^^^^^^^^^^^^
  File "/home/karan/speedrun/venv/lib/python3.12/site-packages/torch/distributed/elastic/agent/server/api.py", line 731, in run
    result = self._invoke_run(role)
             ^^^^^^^^^^^^^^^^^^^^^^
  File "/home/karan/speedrun/venv/lib/python3.12/site-packages/torch/distributed/elastic/agent/server/api.py", line 908, in _invoke_run
    time.sleep(monitor_interval)
  File "/home/karan/speedrun/venv/lib/python3.12/site-packages/torch/distributed/elastic/multiprocessing/api.py", line 86, in _terminate_process_handler
    raise SignalException(f"Process {os.getpid()} got signal: {sigval}", sigval=sigval)
torch.distributed.elastic.multiprocessing.api.SignalException: Process 78915 got signal: 15
INFRASTRUCTURE_FAILURE 09-candidate exit=1
