BEGIN 09-candidate scheduled_steps=1273
W0727 22:37:02.789000 85370 torch/distributed/run.py:852] 
W0727 22:37:02.789000 85370 torch/distributed/run.py:852] *****************************************
W0727 22:37:02.789000 85370 torch/distributed/run.py:852] Setting OMP_NUM_THREADS environment variable for each process to be 1 in default, to avoid your system being overloaded, please further tune the variable for optimal performance in your application as needed. 
W0727 22:37:02.789000 85370 torch/distributed/run.py:852] *****************************************
[Gloo] Rank 0 is connected to 7 peer ranks. Expected number of connected peer ranks is : 7
[Gloo] Rank 2 is connected to 7 peer ranks. Expected number of connected peer ranks is : 7
[Gloo] Rank 4 is connected to 7 peer ranks. Expected number of connected peer ranks is : 7
[Gloo] Rank 1 is connected to 7 peer ranks. Expected number of connected peer ranks is : 7
[Gloo] Rank 3 is connected to 7 peer ranks. Expected number of connected peer ranks is : 7
[Gloo] Rank 6 is connected to 7 peer ranks. Expected number of connected peer ranks is : 7
[Gloo] Rank 5 is connected to 7 peer ranks. Expected number of connected peer ranks is : 7
[Gloo] Rank 7 is connected to 7 peer ranks. Expected number of connected peer ranks is : 7
Warning: You are sending unauthenticated requests to the HF Hub. Please set a HF_TOKEN to enable higher rate limits and faster downloads.
Warning: You are sending unauthenticated requests to the HF Hub. Please set a HF_TOKEN to enable higher rate limits and faster downloads.
Warning: You are sending unauthenticated requests to the HF Hub. Please set a HF_TOKEN to enable higher rate limits and faster downloads.
Warning: You are sending unauthenticated requests to the HF Hub. Please set a HF_TOKEN to enable higher rate limits and faster downloads.
Warning: You are sending unauthenticated requests to the HF Hub. Please set a HF_TOKEN to enable higher rate limits and faster downloads.
Warning: You are sending unauthenticated requests to the HF Hub. Please set a HF_TOKEN to enable higher rate limits and faster downloads.
Warning: You are sending unauthenticated requests to the HF Hub. Please set a HF_TOKEN to enable higher rate limits and faster downloads.
Fetching 8 files:   0%|          | 0/8 [00:00<?, ?it/s]Fetching 8 files:   0%|          | 0/8 [00:00<?, ?it/s]Fetching 8 files: 100%|██████████| 8/8 [00:00<00:00, 2334.22it/s]
Fetching 8 files: 100%|██████████| 8/8 [00:00<00:00, 2365.82it/s]
Fetching 8 files:   0%|          | 0/8 [00:00<?, ?it/s]Fetching 8 files: 100%|██████████| 8/8 [00:00<00:00, 2527.83it/s]
Fetching 8 files:   0%|          | 0/8 [00:00<?, ?it/s]Fetching 8 files: 100%|██████████| 8/8 [00:00<00:00, 2467.06it/s]
Fetching 8 files:   0%|          | 0/8 [00:00<?, ?it/s]Fetching 8 files: 100%|██████████| 8/8 [00:00<00:00, 2218.62it/s]
Fetching 8 files:   0%|          | 0/8 [00:00<?, ?it/s]Fetching 8 files: 100%|██████████| 8/8 [00:00<00:00, 2490.49it/s]
Fetching 8 files:   0%|          | 0/8 [00:00<?, ?it/s]Fetching 8 files: 100%|██████████| 8/8 [00:00<00:00, 2771.95it/s]
Fetching 8 files:   0%|          | 0/8 [00:00<?, ?it/s]Fetching 8 files: 100%|██████████| 8/8 [00:00<00:00, 2403.44it/s]
logs/6a5d1bf3-22e1-4102-9069-0d12a86def47.txt
Compiling model and warming up kernels (~7 minutes on first execution)
Sampling steps [0, 1, 422, 423, 424, 425, 847, 848, 849, 850, 1271, 1272, 1273, 1274, 1287] for warmup
Resetting Model
Terminal-blended sharded TailEMA scope=readout start=848 every=1 decay=0.9933 blend=0.65
step:0/1288 val_loss:10.8305 train_time:0ms step_avg:0.03ms
step:1/1288 train_time:73ms step_avg:73.24ms
step:2/1288 train_time:98ms step_avg:49.12ms
step:3/1288 train_time:118ms step_avg:39.32ms
step:4/1288 train_time:150ms step_avg:37.49ms
step:5/1288 train_time:177ms step_avg:35.46ms
step:6/1288 train_time:214ms step_avg:35.73ms
step:7/1288 train_time:242ms step_avg:34.52ms
step:8/1288 train_time:279ms step_avg:34.88ms
step:9/1288 train_time:307ms step_avg:34.08ms
step:10/1288 train_time:348ms step_avg:34.80ms
step:11/1288 train_time:377ms step_avg:34.30ms
step:12/1288 train_time:412ms step_avg:34.33ms
step:13/1288 train_time:440ms step_avg:33.85ms
step:14/1288 train_time:477ms step_avg:34.07ms
step:15/1288 train_time:504ms step_avg:33.63ms
step:16/1288 train_time:542ms step_avg:33.89ms
step:17/1288 train_time:567ms step_avg:33.35ms
step:18/1288 train_time:604ms step_avg:33.56ms
step:19/1288 train_time:632ms step_avg:33.27ms
step:20/1288 train_time:669ms step_avg:33.44ms
step:21/1288 train_time:697ms step_avg:33.18ms
step:22/1288 train_time:734ms step_avg:33.34ms
step:23/1288 train_time:762ms step_avg:33.12ms
step:24/1288 train_time:799ms step_avg:33.29ms
step:25/1288 train_time:827ms step_avg:33.07ms
step:26/1288 train_time:864ms step_avg:33.22ms
step:27/1288 train_time:892ms step_avg:33.04ms
step:28/1288 train_time:929ms step_avg:33.17ms
step:29/1288 train_time:957ms step_avg:32.99ms
step:30/1288 train_time:994ms step_avg:33.14ms
step:31/1288 train_time:1023ms step_avg:32.99ms
step:32/1288 train_time:1060ms step_avg:33.12ms
step:33/1288 train_time:1088ms step_avg:32.97ms
step:34/1288 train_time:1125ms step_avg:33.09ms
step:35/1288 train_time:1153ms step_avg:32.95ms
step:36/1288 train_time:1190ms step_avg:33.07ms
step:37/1288 train_time:1218ms step_avg:32.92ms
step:38/1288 train_time:1255ms step_avg:33.03ms
step:39/1288 train_time:1283ms step_avg:32.91ms
step:40/1288 train_time:1320ms step_avg:33.01ms
step:41/1288 train_time:1348ms step_avg:32.89ms
step:42/1288 train_time:1385ms step_avg:32.98ms
step:43/1288 train_time:1413ms step_avg:32.87ms
step:44/1288 train_time:1450ms step_avg:32.96ms
step:45/1288 train_time:1478ms step_avg:32.84ms
step:46/1288 train_time:1515ms step_avg:32.94ms
step:47/1288 train_time:1543ms step_avg:32.83ms
step:48/1288 train_time:1581ms step_avg:32.93ms
step:49/1288 train_time:1609ms step_avg:32.84ms
step:50/1288 train_time:1646ms step_avg:32.91ms
step:51/1288 train_time:1674ms step_avg:32.82ms
step:52/1288 train_time:1711ms step_avg:32.90ms
step:53/1288 train_time:1739ms step_avg:32.80ms
step:54/1288 train_time:1776ms step_avg:32.88ms
step:55/1288 train_time:1804ms step_avg:32.80ms
step:56/1288 train_time:1841ms step_avg:32.87ms
step:57/1288 train_time:1869ms step_avg:32.79ms
step:58/1288 train_time:1906ms step_avg:32.86ms
step:59/1288 train_time:1933ms step_avg:32.77ms
step:60/1288 train_time:1970ms step_avg:32.84ms
step:61/1288 train_time:1998ms step_avg:32.75ms
step:62/1288 train_time:2035ms step_avg:32.83ms
step:63/1288 train_time:2063ms step_avg:32.75ms
step:64/1288 train_time:2100ms step_avg:32.81ms
step:65/1288 train_time:2128ms step_avg:32.73ms
step:66/1288 train_time:2165ms step_avg:32.80ms
step:67/1288 train_time:2193ms step_avg:32.73ms
step:68/1288 train_time:2230ms step_avg:32.79ms
step:69/1288 train_time:2258ms step_avg:32.72ms
step:70/1288 train_time:2295ms step_avg:32.79ms
step:71/1288 train_time:2323ms step_avg:32.72ms
step:72/1288 train_time:2360ms step_avg:32.78ms
step:73/1288 train_time:2388ms step_avg:32.71ms
step:74/1288 train_time:2425ms step_avg:32.77ms
step:75/1288 train_time:2453ms step_avg:32.70ms
step:76/1288 train_time:2490ms step_avg:32.76ms
step:77/1288 train_time:2517ms step_avg:32.69ms
step:78/1288 train_time:2555ms step_avg:32.76ms
step:79/1288 train_time:2582ms step_avg:32.69ms
step:80/1288 train_time:2619ms step_avg:32.74ms
step:81/1288 train_time:2648ms step_avg:32.69ms
step:82/1288 train_time:2685ms step_avg:32.74ms
step:83/1288 train_time:2713ms step_avg:32.69ms
step:84/1288 train_time:2750ms step_avg:32.74ms
step:85/1288 train_time:2778ms step_avg:32.68ms
step:86/1288 train_time:2815ms step_avg:32.73ms
step:87/1288 train_time:2843ms step_avg:32.67ms
step:88/1288 train_time:2880ms step_avg:32.73ms
step:89/1288 train_time:2908ms step_avg:32.67ms
step:90/1288 train_time:2945ms step_avg:32.72ms
step:91/1288 train_time:2973ms step_avg:32.67ms
step:92/1288 train_time:3010ms step_avg:32.71ms
step:93/1288 train_time:3037ms step_avg:32.66ms
step:94/1288 train_time:3075ms step_avg:32.71ms
step:95/1288 train_time:3102ms step_avg:32.66ms
step:96/1288 train_time:3140ms step_avg:32.70ms
step:97/1288 train_time:3167ms step_avg:32.65ms
step:98/1288 train_time:3205ms step_avg:32.70ms
step:99/1288 train_time:3233ms step_avg:32.65ms
step:100/1288 train_time:3270ms step_avg:32.70ms
step:101/1288 train_time:3297ms step_avg:32.65ms
step:102/1288 train_time:3335ms step_avg:32.69ms
step:103/1288 train_time:3362ms step_avg:32.64ms
step:104/1288 train_time:3400ms step_avg:32.69ms
step:105/1288 train_time:3427ms step_avg:32.64ms
step:106/1288 train_time:3464ms step_avg:32.68ms
step:107/1288 train_time:3492ms step_avg:32.64ms
step:108/1288 train_time:3529ms step_avg:32.68ms
step:109/1288 train_time:3557ms step_avg:32.63ms
step:110/1288 train_time:3594ms step_avg:32.68ms
step:111/1288 train_time:3622ms step_avg:32.63ms
step:112/1288 train_time:3659ms step_avg:32.67ms
step:113/1288 train_time:3687ms step_avg:32.63ms
step:114/1288 train_time:3725ms step_avg:32.67ms
step:115/1288 train_time:3753ms step_avg:32.63ms
step:116/1288 train_time:3790ms step_avg:32.67ms
step:117/1288 train_time:3818ms step_avg:32.63ms
step:118/1288 train_time:3855ms step_avg:32.67ms
step:119/1288 train_time:3882ms step_avg:32.62ms
step:120/1288 train_time:3920ms step_avg:32.67ms
step:121/1288 train_time:3948ms step_avg:32.63ms
step:122/1288 train_time:3985ms step_avg:32.66ms
step:123/1288 train_time:4013ms step_avg:32.62ms
step:124/1288 train_time:4050ms step_avg:32.66ms
step:125/1288 train_time:4078ms step_avg:32.62ms
step:126/1288 train_time:4115ms step_avg:32.66ms
step:127/1288 train_time:4143ms step_avg:32.62ms
step:128/1288 train_time:4180ms step_avg:32.65ms
step:129/1288 train_time:4207ms step_avg:32.62ms
step:130/1288 train_time:4244ms step_avg:32.65ms
step:131/1288 train_time:4272ms step_avg:32.61ms
step:132/1288 train_time:4309ms step_avg:32.64ms
step:133/1288 train_time:4337ms step_avg:32.61ms
step:134/1288 train_time:4374ms step_avg:32.64ms
step:135/1288 train_time:4402ms step_avg:32.61ms
step:136/1288 train_time:4439ms step_avg:32.64ms
step:137/1288 train_time:4467ms step_avg:32.61ms
step:138/1288 train_time:4504ms step_avg:32.64ms
step:139/1288 train_time:4533ms step_avg:32.61ms
step:140/1288 train_time:4570ms step_avg:32.64ms
step:141/1288 train_time:4598ms step_avg:32.61ms
step:142/1288 train_time:4634ms step_avg:32.64ms
step:143/1288 train_time:4662ms step_avg:32.60ms
step:144/1288 train_time:4699ms step_avg:32.63ms
step:145/1288 train_time:4727ms step_avg:32.60ms
step:146/1288 train_time:4764ms step_avg:32.63ms
step:147/1288 train_time:4792ms step_avg:32.60ms
step:148/1288 train_time:4829ms step_avg:32.63ms
step:149/1288 train_time:4857ms step_avg:32.60ms
step:150/1288 train_time:4894ms step_avg:32.63ms
step:151/1288 train_time:4922ms step_avg:32.59ms
step:152/1288 train_time:4959ms step_avg:32.63ms
step:153/1288 train_time:4987ms step_avg:32.59ms
step:154/1288 train_time:5024ms step_avg:32.62ms
step:155/1288 train_time:5052ms step_avg:32.59ms
step:156/1288 train_time:5089ms step_avg:32.62ms
step:157/1288 train_time:5116ms step_avg:32.59ms
step:158/1288 train_time:5154ms step_avg:32.62ms
step:159/1288 train_time:5182ms step_avg:32.59ms
step:160/1288 train_time:5219ms step_avg:32.62ms
step:161/1288 train_time:5247ms step_avg:32.59ms
step:162/1288 train_time:5284ms step_avg:32.62ms
step:163/1288 train_time:5312ms step_avg:32.59ms
step:164/1288 train_time:5348ms step_avg:32.61ms
step:165/1288 train_time:5376ms step_avg:32.58ms
step:166/1288 train_time:5414ms step_avg:32.61ms
step:167/1288 train_time:5442ms step_avg:32.59ms
step:168/1288 train_time:5479ms step_avg:32.61ms
step:169/1288 train_time:5506ms step_avg:32.58ms
step:170/1288 train_time:5543ms step_avg:32.61ms
step:171/1288 train_time:5571ms step_avg:32.58ms
step:172/1288 train_time:5608ms step_avg:32.61ms
step:173/1288 train_time:5636ms step_avg:32.58ms
step:174/1288 train_time:5673ms step_avg:32.60ms
step:175/1288 train_time:5701ms step_avg:32.58ms
step:176/1288 train_time:5738ms step_avg:32.60ms
step:177/1288 train_time:5766ms step_avg:32.58ms
step:178/1288 train_time:5803ms step_avg:32.60ms
step:179/1288 train_time:5831ms step_avg:32.58ms
step:180/1288 train_time:5868ms step_avg:32.60ms
step:181/1288 train_time:5895ms step_avg:32.57ms
step:182/1288 train_time:5932ms step_avg:32.60ms
step:183/1288 train_time:5960ms step_avg:32.57ms
step:184/1288 train_time:5997ms step_avg:32.59ms
step:185/1288 train_time:6025ms step_avg:32.57ms
step:186/1288 train_time:6062ms step_avg:32.59ms
step:187/1288 train_time:6089ms step_avg:32.56ms
step:188/1288 train_time:6127ms step_avg:32.59ms
step:189/1288 train_time:6154ms step_avg:32.56ms
step:190/1288 train_time:6191ms step_avg:32.59ms
step:191/1288 train_time:6218ms step_avg:32.56ms
step:192/1288 train_time:6256ms step_avg:32.58ms
step:193/1288 train_time:6284ms step_avg:32.56ms
step:194/1288 train_time:6320ms step_avg:32.58ms
step:195/1288 train_time:6348ms step_avg:32.56ms
step:196/1288 train_time:6385ms step_avg:32.58ms
step:197/1288 train_time:6413ms step_avg:32.55ms
step:198/1288 train_time:6450ms step_avg:32.57ms
step:199/1288 train_time:6478ms step_avg:32.55ms
step:200/1288 train_time:6515ms step_avg:32.57ms
step:201/1288 train_time:6542ms step_avg:32.55ms
step:202/1288 train_time:6579ms step_avg:32.57ms
step:203/1288 train_time:6607ms step_avg:32.55ms
step:204/1288 train_time:6644ms step_avg:32.57ms
step:205/1288 train_time:6672ms step_avg:32.55ms
step:206/1288 train_time:6709ms step_avg:32.57ms
step:207/1288 train_time:6737ms step_avg:32.54ms
step:208/1288 train_time:6774ms step_avg:32.57ms
step:209/1288 train_time:6802ms step_avg:32.54ms
step:210/1288 train_time:6839ms step_avg:32.57ms
step:211/1288 train_time:6867ms step_avg:32.54ms
step:212/1288 train_time:6904ms step_avg:32.57ms
step:213/1288 train_time:6932ms step_avg:32.54ms
step:214/1288 train_time:6969ms step_avg:32.56ms
step:215/1288 train_time:6997ms step_avg:32.54ms
step:216/1288 train_time:7034ms step_avg:32.56ms
step:217/1288 train_time:7062ms step_avg:32.54ms
step:218/1288 train_time:7099ms step_avg:32.56ms
step:219/1288 train_time:7126ms step_avg:32.54ms
step:220/1288 train_time:7164ms step_avg:32.56ms
step:221/1288 train_time:7191ms step_avg:32.54ms
step:222/1288 train_time:7228ms step_avg:32.56ms
step:223/1288 train_time:7256ms step_avg:32.54ms
step:224/1288 train_time:7293ms step_avg:32.56ms
step:225/1288 train_time:7321ms step_avg:32.54ms
step:226/1288 train_time:7358ms step_avg:32.56ms
step:227/1288 train_time:7386ms step_avg:32.54ms
step:228/1288 train_time:7423ms step_avg:32.56ms
step:229/1288 train_time:7451ms step_avg:32.54ms
step:230/1288 train_time:7488ms step_avg:32.56ms
step:231/1288 train_time:7516ms step_avg:32.54ms
step:232/1288 train_time:7553ms step_avg:32.56ms
step:233/1288 train_time:7581ms step_avg:32.54ms
step:234/1288 train_time:7618ms step_avg:32.56ms
step:235/1288 train_time:7646ms step_avg:32.54ms
step:236/1288 train_time:7683ms step_avg:32.55ms
step:237/1288 train_time:7711ms step_avg:32.53ms
step:238/1288 train_time:7748ms step_avg:32.55ms
step:239/1288 train_time:7775ms step_avg:32.53ms
step:240/1288 train_time:7813ms step_avg:32.55ms
step:241/1288 train_time:7840ms step_avg:32.53ms
step:242/1288 train_time:7877ms step_avg:32.55ms
step:243/1288 train_time:7905ms step_avg:32.53ms
step:244/1288 train_time:7942ms step_avg:32.55ms
step:245/1288 train_time:7970ms step_avg:32.53ms
step:246/1288 train_time:8007ms step_avg:32.55ms
step:247/1288 train_time:8035ms step_avg:32.53ms
step:248/1288 train_time:8071ms step_avg:32.55ms
step:249/1288 train_time:8099ms step_avg:32.53ms
step:250/1288 train_time:8135ms step_avg:32.54ms
step:250/1288 val_loss:4.4555 train_time:8173ms step_avg:32.69ms
step:251/1288 train_time:8192ms step_avg:32.64ms
step:252/1288 train_time:8213ms step_avg:32.59ms
step:253/1288 train_time:8232ms step_avg:32.54ms
step:254/1288 train_time:8269ms step_avg:32.56ms
step:255/1288 train_time:8298ms step_avg:32.54ms
step:256/1288 train_time:8336ms step_avg:32.56ms
step:257/1288 train_time:8364ms step_avg:32.55ms
step:258/1288 train_time:8401ms step_avg:32.56ms
step:259/1288 train_time:8429ms step_avg:32.55ms
step:260/1288 train_time:8467ms step_avg:32.56ms
step:261/1288 train_time:8495ms step_avg:32.55ms
step:262/1288 train_time:8531ms step_avg:32.56ms
step:263/1288 train_time:8559ms step_avg:32.54ms
step:264/1288 train_time:8596ms step_avg:32.56ms
step:265/1288 train_time:8623ms step_avg:32.54ms
step:266/1288 train_time:8660ms step_avg:32.56ms
step:267/1288 train_time:8687ms step_avg:32.54ms
step:268/1288 train_time:8724ms step_avg:32.55ms
step:269/1288 train_time:8752ms step_avg:32.54ms
step:270/1288 train_time:8789ms step_avg:32.55ms
step:271/1288 train_time:8817ms step_avg:32.54ms
step:272/1288 train_time:8854ms step_avg:32.55ms
step:273/1288 train_time:8882ms step_avg:32.53ms
step:274/1288 train_time:8919ms step_avg:32.55ms
step:275/1288 train_time:8946ms step_avg:32.53ms
step:276/1288 train_time:8983ms step_avg:32.55ms
step:277/1288 train_time:9011ms step_avg:32.53ms
step:278/1288 train_time:9048ms step_avg:32.55ms
step:279/1288 train_time:9076ms step_avg:32.53ms
step:280/1288 train_time:9113ms step_avg:32.54ms
step:281/1288 train_time:9141ms step_avg:32.53ms
step:282/1288 train_time:9177ms step_avg:32.54ms
step:283/1288 train_time:9205ms step_avg:32.53ms
step:284/1288 train_time:9242ms step_avg:32.54ms
step:285/1288 train_time:9271ms step_avg:32.53ms
step:286/1288 train_time:9307ms step_avg:32.54ms
step:287/1288 train_time:9335ms step_avg:32.53ms
step:288/1288 train_time:9372ms step_avg:32.54ms
step:289/1288 train_time:9400ms step_avg:32.53ms
step:290/1288 train_time:9437ms step_avg:32.54ms
step:291/1288 train_time:9464ms step_avg:32.52ms
step:292/1288 train_time:9502ms step_avg:32.54ms
step:293/1288 train_time:9530ms step_avg:32.52ms
step:294/1288 train_time:9566ms step_avg:32.54ms
step:295/1288 train_time:9594ms step_avg:32.52ms
step:296/1288 train_time:9631ms step_avg:32.54ms
step:297/1288 train_time:9659ms step_avg:32.52ms
step:298/1288 train_time:9696ms step_avg:32.54ms
step:299/1288 train_time:9724ms step_avg:32.52ms
step:300/1288 train_time:9760ms step_avg:32.53ms
step:301/1288 train_time:9788ms step_avg:32.52ms
step:302/1288 train_time:9825ms step_avg:32.53ms
step:303/1288 train_time:9853ms step_avg:32.52ms
step:304/1288 train_time:9889ms step_avg:32.53ms
step:305/1288 train_time:9917ms step_avg:32.52ms
step:306/1288 train_time:9954ms step_avg:32.53ms
step:307/1288 train_time:9981ms step_avg:32.51ms
step:308/1288 train_time:10019ms step_avg:32.53ms
step:309/1288 train_time:10046ms step_avg:32.51ms
step:310/1288 train_time:10083ms step_avg:32.53ms
step:311/1288 train_time:10111ms step_avg:32.51ms
step:312/1288 train_time:10148ms step_avg:32.53ms
step:313/1288 train_time:10176ms step_avg:32.51ms
step:314/1288 train_time:10213ms step_avg:32.53ms
step:315/1288 train_time:10241ms step_avg:32.51ms
step:316/1288 train_time:10278ms step_avg:32.53ms
step:317/1288 train_time:10305ms step_avg:32.51ms
step:318/1288 train_time:10342ms step_avg:32.52ms
step:319/1288 train_time:10370ms step_avg:32.51ms
step:320/1288 train_time:10407ms step_avg:32.52ms
step:321/1288 train_time:10434ms step_avg:32.50ms
step:322/1288 train_time:10471ms step_avg:32.52ms
step:323/1288 train_time:10499ms step_avg:32.50ms
step:324/1288 train_time:10535ms step_avg:32.52ms
step:325/1288 train_time:10563ms step_avg:32.50ms
step:326/1288 train_time:10600ms step_avg:32.52ms
step:327/1288 train_time:10628ms step_avg:32.50ms
step:328/1288 train_time:10664ms step_avg:32.51ms
step:329/1288 train_time:10692ms step_avg:32.50ms
step:330/1288 train_time:10730ms step_avg:32.51ms
step:331/1288 train_time:10757ms step_avg:32.50ms
step:332/1288 train_time:10794ms step_avg:32.51ms
step:333/1288 train_time:10821ms step_avg:32.50ms
step:334/1288 train_time:10858ms step_avg:32.51ms
step:335/1288 train_time:10886ms step_avg:32.49ms
step:336/1288 train_time:10923ms step_avg:32.51ms
step:337/1288 train_time:10950ms step_avg:32.49ms
step:338/1288 train_time:10988ms step_avg:32.51ms
step:339/1288 train_time:11016ms step_avg:32.49ms
step:340/1288 train_time:11052ms step_avg:32.51ms
step:341/1288 train_time:11080ms step_avg:32.49ms
step:342/1288 train_time:11116ms step_avg:32.50ms
step:343/1288 train_time:11144ms step_avg:32.49ms
step:344/1288 train_time:11181ms step_avg:32.50ms
step:345/1288 train_time:11209ms step_avg:32.49ms
step:346/1288 train_time:11246ms step_avg:32.50ms
step:347/1288 train_time:11274ms step_avg:32.49ms
step:348/1288 train_time:11310ms step_avg:32.50ms
step:349/1288 train_time:11338ms step_avg:32.49ms
step:350/1288 train_time:11375ms step_avg:32.50ms
step:351/1288 train_time:11403ms step_avg:32.49ms
step:352/1288 train_time:11440ms step_avg:32.50ms
step:353/1288 train_time:11468ms step_avg:32.49ms
step:354/1288 train_time:11505ms step_avg:32.50ms
step:355/1288 train_time:11532ms step_avg:32.49ms
step:356/1288 train_time:11569ms step_avg:32.50ms
step:357/1288 train_time:11597ms step_avg:32.48ms
step:358/1288 train_time:11634ms step_avg:32.50ms
step:359/1288 train_time:11662ms step_avg:32.48ms
step:360/1288 train_time:11698ms step_avg:32.50ms
step:361/1288 train_time:11726ms step_avg:32.48ms
step:362/1288 train_time:11763ms step_avg:32.49ms
step:363/1288 train_time:11791ms step_avg:32.48ms
step:364/1288 train_time:11827ms step_avg:32.49ms
step:365/1288 train_time:11856ms step_avg:32.48ms
step:366/1288 train_time:11893ms step_avg:32.49ms
step:367/1288 train_time:11920ms step_avg:32.48ms
step:368/1288 train_time:11956ms step_avg:32.49ms
step:369/1288 train_time:11984ms step_avg:32.48ms
step:370/1288 train_time:12021ms step_avg:32.49ms
step:371/1288 train_time:12049ms step_avg:32.48ms
step:372/1288 train_time:12086ms step_avg:32.49ms
step:373/1288 train_time:12113ms step_avg:32.48ms
step:374/1288 train_time:12151ms step_avg:32.49ms
step:375/1288 train_time:12178ms step_avg:32.47ms
step:376/1288 train_time:12215ms step_avg:32.49ms
step:377/1288 train_time:12242ms step_avg:32.47ms
step:378/1288 train_time:12280ms step_avg:32.49ms
step:379/1288 train_time:12307ms step_avg:32.47ms
step:380/1288 train_time:12344ms step_avg:32.48ms
step:381/1288 train_time:12372ms step_avg:32.47ms
step:382/1288 train_time:12409ms step_avg:32.48ms
step:383/1288 train_time:12437ms step_avg:32.47ms
step:384/1288 train_time:12473ms step_avg:32.48ms
step:385/1288 train_time:12501ms step_avg:32.47ms
step:386/1288 train_time:12538ms step_avg:32.48ms
step:387/1288 train_time:12566ms step_avg:32.47ms
step:388/1288 train_time:12603ms step_avg:32.48ms
step:389/1288 train_time:12631ms step_avg:32.47ms
step:390/1288 train_time:12667ms step_avg:32.48ms
step:391/1288 train_time:12695ms step_avg:32.47ms
step:392/1288 train_time:12731ms step_avg:32.48ms
step:393/1288 train_time:12760ms step_avg:32.47ms
step:394/1288 train_time:12796ms step_avg:32.48ms
step:395/1288 train_time:12824ms step_avg:32.47ms
step:396/1288 train_time:12861ms step_avg:32.48ms
step:397/1288 train_time:12888ms step_avg:32.46ms
step:398/1288 train_time:12925ms step_avg:32.48ms
step:399/1288 train_time:12953ms step_avg:32.46ms
step:400/1288 train_time:12990ms step_avg:32.47ms
step:401/1288 train_time:13018ms step_avg:32.46ms
step:402/1288 train_time:13054ms step_avg:32.47ms
step:403/1288 train_time:13082ms step_avg:32.46ms
step:404/1288 train_time:13119ms step_avg:32.47ms
step:405/1288 train_time:13146ms step_avg:32.46ms
step:406/1288 train_time:13183ms step_avg:32.47ms
step:407/1288 train_time:13212ms step_avg:32.46ms
step:408/1288 train_time:13249ms step_avg:32.47ms
step:409/1288 train_time:13276ms step_avg:32.46ms
step:410/1288 train_time:13313ms step_avg:32.47ms
step:411/1288 train_time:13340ms step_avg:32.46ms
step:412/1288 train_time:13377ms step_avg:32.47ms
step:413/1288 train_time:13405ms step_avg:32.46ms
step:414/1288 train_time:13441ms step_avg:32.47ms
step:415/1288 train_time:13469ms step_avg:32.46ms
step:416/1288 train_time:13507ms step_avg:32.47ms
step:417/1288 train_time:13535ms step_avg:32.46ms
step:418/1288 train_time:13571ms step_avg:32.47ms
step:419/1288 train_time:13599ms step_avg:32.46ms
step:420/1288 train_time:13636ms step_avg:32.47ms
step:421/1288 train_time:13663ms step_avg:32.45ms
step:422/1288 train_time:13700ms step_avg:32.47ms
step:423/1288 train_time:13728ms step_avg:32.45ms
step:424/1288 train_time:13765ms step_avg:32.46ms
step:425/1288 train_time:13794ms step_avg:32.46ms
step:426/1288 train_time:13858ms step_avg:32.53ms
step:427/1288 train_time:13912ms step_avg:32.58ms
step:428/1288 train_time:13974ms step_avg:32.65ms
step:429/1288 train_time:14027ms step_avg:32.70ms
step:430/1288 train_time:14089ms step_avg:32.76ms
step:431/1288 train_time:14142ms step_avg:32.81ms
step:432/1288 train_time:14205ms step_avg:32.88ms
step:433/1288 train_time:14260ms step_avg:32.93ms
step:434/1288 train_time:14321ms step_avg:33.00ms
step:435/1288 train_time:14375ms step_avg:33.05ms
step:436/1288 train_time:14437ms step_avg:33.11ms
step:437/1288 train_time:14491ms step_avg:33.16ms
step:438/1288 train_time:14553ms step_avg:33.23ms
step:439/1288 train_time:14608ms step_avg:33.28ms
step:440/1288 train_time:14670ms step_avg:33.34ms
step:441/1288 train_time:14724ms step_avg:33.39ms
step:442/1288 train_time:14786ms step_avg:33.45ms
step:443/1288 train_time:14840ms step_avg:33.50ms
step:444/1288 train_time:14902ms step_avg:33.56ms
step:445/1288 train_time:14956ms step_avg:33.61ms
step:446/1288 train_time:15017ms step_avg:33.67ms
step:447/1288 train_time:15071ms step_avg:33.72ms
step:448/1288 train_time:15132ms step_avg:33.78ms
step:449/1288 train_time:15186ms step_avg:33.82ms
step:450/1288 train_time:15248ms step_avg:33.88ms
step:451/1288 train_time:15302ms step_avg:33.93ms
step:452/1288 train_time:15365ms step_avg:33.99ms
step:453/1288 train_time:15419ms step_avg:34.04ms
step:454/1288 train_time:15482ms step_avg:34.10ms
step:455/1288 train_time:15535ms step_avg:34.14ms
step:456/1288 train_time:15598ms step_avg:34.21ms
step:457/1288 train_time:15652ms step_avg:34.25ms
step:458/1288 train_time:15713ms step_avg:34.31ms
step:459/1288 train_time:15767ms step_avg:34.35ms
step:460/1288 train_time:15829ms step_avg:34.41ms
step:461/1288 train_time:15883ms step_avg:34.45ms
step:462/1288 train_time:15945ms step_avg:34.51ms
step:463/1288 train_time:16000ms step_avg:34.56ms
step:464/1288 train_time:16062ms step_avg:34.62ms
step:465/1288 train_time:16116ms step_avg:34.66ms
step:466/1288 train_time:16177ms step_avg:34.71ms
step:467/1288 train_time:16231ms step_avg:34.76ms
step:468/1288 train_time:16292ms step_avg:34.81ms
step:469/1288 train_time:16346ms step_avg:34.85ms
step:470/1288 train_time:16407ms step_avg:34.91ms
step:471/1288 train_time:16462ms step_avg:34.95ms
step:472/1288 train_time:16524ms step_avg:35.01ms
step:473/1288 train_time:16579ms step_avg:35.05ms
step:474/1288 train_time:16641ms step_avg:35.11ms
step:475/1288 train_time:16695ms step_avg:35.15ms
step:476/1288 train_time:16756ms step_avg:35.20ms
step:477/1288 train_time:16811ms step_avg:35.24ms
step:478/1288 train_time:16873ms step_avg:35.30ms
step:479/1288 train_time:16926ms step_avg:35.34ms
step:480/1288 train_time:16989ms step_avg:35.39ms
step:481/1288 train_time:17041ms step_avg:35.43ms
step:482/1288 train_time:17104ms step_avg:35.49ms
step:483/1288 train_time:17159ms step_avg:35.53ms
step:484/1288 train_time:17222ms step_avg:35.58ms
step:485/1288 train_time:17275ms step_avg:35.62ms
step:486/1288 train_time:17336ms step_avg:35.67ms
step:487/1288 train_time:17390ms step_avg:35.71ms
step:488/1288 train_time:17452ms step_avg:35.76ms
step:489/1288 train_time:17505ms step_avg:35.80ms
step:490/1288 train_time:17569ms step_avg:35.85ms
step:491/1288 train_time:17622ms step_avg:35.89ms
step:492/1288 train_time:17684ms step_avg:35.94ms
step:493/1288 train_time:17739ms step_avg:35.98ms
step:494/1288 train_time:17801ms step_avg:36.03ms
step:495/1288 train_time:17855ms step_avg:36.07ms
step:496/1288 train_time:17917ms step_avg:36.12ms
step:497/1288 train_time:17971ms step_avg:36.16ms
step:498/1288 train_time:18033ms step_avg:36.21ms
step:499/1288 train_time:18086ms step_avg:36.25ms
step:500/1288 train_time:18149ms step_avg:36.30ms
step:500/1288 val_loss:4.0977 train_time:18213ms step_avg:36.43ms
step:501/1288 train_time:18233ms step_avg:36.39ms
step:502/1288 train_time:18266ms step_avg:36.39ms
step:503/1288 train_time:18322ms step_avg:36.43ms
step:504/1288 train_time:18386ms step_avg:36.48ms
step:505/1288 train_time:18441ms step_avg:36.52ms
step:506/1288 train_time:18503ms step_avg:36.57ms
step:507/1288 train_time:18558ms step_avg:36.60ms
step:508/1288 train_time:18619ms step_avg:36.65ms
step:509/1288 train_time:18672ms step_avg:36.68ms
step:510/1288 train_time:18734ms step_avg:36.73ms
step:511/1288 train_time:18788ms step_avg:36.77ms
step:512/1288 train_time:18849ms step_avg:36.81ms
step:513/1288 train_time:18902ms step_avg:36.85ms
step:514/1288 train_time:18964ms step_avg:36.89ms
step:515/1288 train_time:19018ms step_avg:36.93ms
step:516/1288 train_time:19080ms step_avg:36.98ms
step:517/1288 train_time:19134ms step_avg:37.01ms
step:518/1288 train_time:19197ms step_avg:37.06ms
step:519/1288 train_time:19252ms step_avg:37.09ms
step:520/1288 train_time:19316ms step_avg:37.15ms
step:521/1288 train_time:19370ms step_avg:37.18ms
step:522/1288 train_time:19434ms step_avg:37.23ms
step:523/1288 train_time:19487ms step_avg:37.26ms
step:524/1288 train_time:19550ms step_avg:37.31ms
step:525/1288 train_time:19604ms step_avg:37.34ms
step:526/1288 train_time:19666ms step_avg:37.39ms
step:527/1288 train_time:19720ms step_avg:37.42ms
step:528/1288 train_time:19781ms step_avg:37.46ms
step:529/1288 train_time:19835ms step_avg:37.49ms
step:530/1288 train_time:19896ms step_avg:37.54ms
step:531/1288 train_time:19949ms step_avg:37.57ms
step:532/1288 train_time:20011ms step_avg:37.61ms
step:533/1288 train_time:20065ms step_avg:37.65ms
step:534/1288 train_time:20127ms step_avg:37.69ms
step:535/1288 train_time:20182ms step_avg:37.72ms
step:536/1288 train_time:20244ms step_avg:37.77ms
step:537/1288 train_time:20298ms step_avg:37.80ms
step:538/1288 train_time:20360ms step_avg:37.84ms
step:539/1288 train_time:20415ms step_avg:37.88ms
step:540/1288 train_time:20477ms step_avg:37.92ms
step:541/1288 train_time:20531ms step_avg:37.95ms
step:542/1288 train_time:20594ms step_avg:38.00ms
step:543/1288 train_time:20647ms step_avg:38.02ms
step:544/1288 train_time:20710ms step_avg:38.07ms
step:545/1288 train_time:20765ms step_avg:38.10ms
step:546/1288 train_time:20827ms step_avg:38.14ms
step:547/1288 train_time:20880ms step_avg:38.17ms
step:548/1288 train_time:20941ms step_avg:38.21ms
step:549/1288 train_time:20995ms step_avg:38.24ms
step:550/1288 train_time:21056ms step_avg:38.28ms
step:551/1288 train_time:21110ms step_avg:38.31ms
step:552/1288 train_time:21173ms step_avg:38.36ms
step:553/1288 train_time:21227ms step_avg:38.39ms
step:554/1288 train_time:21290ms step_avg:38.43ms
step:555/1288 train_time:21345ms step_avg:38.46ms
step:556/1288 train_time:21407ms step_avg:38.50ms
step:557/1288 train_time:21462ms step_avg:38.53ms
step:558/1288 train_time:21525ms step_avg:38.57ms
step:559/1288 train_time:21577ms step_avg:38.60ms
step:560/1288 train_time:21639ms step_avg:38.64ms
step:561/1288 train_time:21694ms step_avg:38.67ms
step:562/1288 train_time:21755ms step_avg:38.71ms
step:563/1288 train_time:21809ms step_avg:38.74ms
step:564/1288 train_time:21871ms step_avg:38.78ms
step:565/1288 train_time:21924ms step_avg:38.80ms
step:566/1288 train_time:21986ms step_avg:38.85ms
step:567/1288 train_time:22041ms step_avg:38.87ms
step:568/1288 train_time:22101ms step_avg:38.91ms
step:569/1288 train_time:22155ms step_avg:38.94ms
step:570/1288 train_time:22217ms step_avg:38.98ms
step:571/1288 train_time:22272ms step_avg:39.00ms
step:572/1288 train_time:22334ms step_avg:39.05ms
step:573/1288 train_time:22388ms step_avg:39.07ms
step:574/1288 train_time:22450ms step_avg:39.11ms
step:575/1288 train_time:22505ms step_avg:39.14ms
step:576/1288 train_time:22567ms step_avg:39.18ms
step:577/1288 train_time:22621ms step_avg:39.21ms
step:578/1288 train_time:22683ms step_avg:39.24ms
step:579/1288 train_time:22737ms step_avg:39.27ms
step:580/1288 train_time:22799ms step_avg:39.31ms
step:581/1288 train_time:22852ms step_avg:39.33ms
step:582/1288 train_time:22914ms step_avg:39.37ms
step:583/1288 train_time:22969ms step_avg:39.40ms
step:584/1288 train_time:23030ms step_avg:39.44ms
step:585/1288 train_time:23085ms step_avg:39.46ms
step:586/1288 train_time:23147ms step_avg:39.50ms
step:587/1288 train_time:23201ms step_avg:39.52ms
step:588/1288 train_time:23262ms step_avg:39.56ms
step:589/1288 train_time:23316ms step_avg:39.59ms
step:590/1288 train_time:23379ms step_avg:39.63ms
step:591/1288 train_time:23433ms step_avg:39.65ms
step:592/1288 train_time:23494ms step_avg:39.69ms
step:593/1288 train_time:23548ms step_avg:39.71ms
step:594/1288 train_time:23611ms step_avg:39.75ms
step:595/1288 train_time:23665ms step_avg:39.77ms
step:596/1288 train_time:23727ms step_avg:39.81ms
step:597/1288 train_time:23781ms step_avg:39.83ms
step:598/1288 train_time:23842ms step_avg:39.87ms
step:599/1288 train_time:23896ms step_avg:39.89ms
step:600/1288 train_time:23958ms step_avg:39.93ms
step:601/1288 train_time:24012ms step_avg:39.95ms
step:602/1288 train_time:24074ms step_avg:39.99ms
step:603/1288 train_time:24128ms step_avg:40.01ms
step:604/1288 train_time:24190ms step_avg:40.05ms
step:605/1288 train_time:24245ms step_avg:40.07ms
step:606/1288 train_time:24308ms step_avg:40.11ms
step:607/1288 train_time:24363ms step_avg:40.14ms
step:608/1288 train_time:24424ms step_avg:40.17ms
step:609/1288 train_time:24477ms step_avg:40.19ms
step:610/1288 train_time:24539ms step_avg:40.23ms
step:611/1288 train_time:24593ms step_avg:40.25ms
step:612/1288 train_time:24654ms step_avg:40.28ms
step:613/1288 train_time:24709ms step_avg:40.31ms
step:614/1288 train_time:24771ms step_avg:40.34ms
step:615/1288 train_time:24825ms step_avg:40.37ms
step:616/1288 train_time:24888ms step_avg:40.40ms
step:617/1288 train_time:24942ms step_avg:40.42ms
step:618/1288 train_time:25004ms step_avg:40.46ms
step:619/1288 train_time:25057ms step_avg:40.48ms
step:620/1288 train_time:25118ms step_avg:40.51ms
step:621/1288 train_time:25173ms step_avg:40.54ms
step:622/1288 train_time:25234ms step_avg:40.57ms
step:623/1288 train_time:25288ms step_avg:40.59ms
step:624/1288 train_time:25350ms step_avg:40.63ms
step:625/1288 train_time:25404ms step_avg:40.65ms
step:626/1288 train_time:25467ms step_avg:40.68ms
step:627/1288 train_time:25521ms step_avg:40.70ms
step:628/1288 train_time:25583ms step_avg:40.74ms
step:629/1288 train_time:25636ms step_avg:40.76ms
step:630/1288 train_time:25699ms step_avg:40.79ms
step:631/1288 train_time:25752ms step_avg:40.81ms
step:632/1288 train_time:25814ms step_avg:40.84ms
step:633/1288 train_time:25868ms step_avg:40.87ms
step:634/1288 train_time:25930ms step_avg:40.90ms
step:635/1288 train_time:25984ms step_avg:40.92ms
step:636/1288 train_time:26046ms step_avg:40.95ms
step:637/1288 train_time:26100ms step_avg:40.97ms
step:638/1288 train_time:26162ms step_avg:41.01ms
step:639/1288 train_time:26216ms step_avg:41.03ms
step:640/1288 train_time:26278ms step_avg:41.06ms
step:641/1288 train_time:26332ms step_avg:41.08ms
step:642/1288 train_time:26394ms step_avg:41.11ms
step:643/1288 train_time:26449ms step_avg:41.13ms
step:644/1288 train_time:26511ms step_avg:41.17ms
step:645/1288 train_time:26565ms step_avg:41.19ms
step:646/1288 train_time:26627ms step_avg:41.22ms
step:647/1288 train_time:26681ms step_avg:41.24ms
step:648/1288 train_time:26742ms step_avg:41.27ms
step:649/1288 train_time:26796ms step_avg:41.29ms
step:650/1288 train_time:26859ms step_avg:41.32ms
step:651/1288 train_time:26913ms step_avg:41.34ms
step:652/1288 train_time:26976ms step_avg:41.37ms
step:653/1288 train_time:27029ms step_avg:41.39ms
step:654/1288 train_time:27091ms step_avg:41.42ms
step:655/1288 train_time:27146ms step_avg:41.44ms
step:656/1288 train_time:27208ms step_avg:41.48ms
step:657/1288 train_time:27263ms step_avg:41.50ms
step:658/1288 train_time:27324ms step_avg:41.53ms
step:659/1288 train_time:27377ms step_avg:41.54ms
step:660/1288 train_time:27439ms step_avg:41.57ms
step:661/1288 train_time:27493ms step_avg:41.59ms
step:662/1288 train_time:27555ms step_avg:41.62ms
step:663/1288 train_time:27610ms step_avg:41.64ms
step:664/1288 train_time:27672ms step_avg:41.68ms
step:665/1288 train_time:27726ms step_avg:41.69ms
step:666/1288 train_time:27789ms step_avg:41.72ms
step:667/1288 train_time:27843ms step_avg:41.74ms
step:668/1288 train_time:27905ms step_avg:41.77ms
step:669/1288 train_time:27959ms step_avg:41.79ms
step:670/1288 train_time:28020ms step_avg:41.82ms
step:671/1288 train_time:28074ms step_avg:41.84ms
step:672/1288 train_time:28135ms step_avg:41.87ms
step:673/1288 train_time:28189ms step_avg:41.89ms
step:674/1288 train_time:28251ms step_avg:41.92ms
step:675/1288 train_time:28306ms step_avg:41.93ms
step:676/1288 train_time:28368ms step_avg:41.96ms
step:677/1288 train_time:28422ms step_avg:41.98ms
step:678/1288 train_time:28484ms step_avg:42.01ms
step:679/1288 train_time:28538ms step_avg:42.03ms
step:680/1288 train_time:28600ms step_avg:42.06ms
step:681/1288 train_time:28653ms step_avg:42.08ms
step:682/1288 train_time:28716ms step_avg:42.11ms
step:683/1288 train_time:28770ms step_avg:42.12ms
step:684/1288 train_time:28832ms step_avg:42.15ms
step:685/1288 train_time:28886ms step_avg:42.17ms
step:686/1288 train_time:28949ms step_avg:42.20ms
step:687/1288 train_time:29003ms step_avg:42.22ms
step:688/1288 train_time:29066ms step_avg:42.25ms
step:689/1288 train_time:29118ms step_avg:42.26ms
step:690/1288 train_time:29180ms step_avg:42.29ms
step:691/1288 train_time:29233ms step_avg:42.31ms
step:692/1288 train_time:29295ms step_avg:42.33ms
step:693/1288 train_time:29349ms step_avg:42.35ms
step:694/1288 train_time:29412ms step_avg:42.38ms
step:695/1288 train_time:29466ms step_avg:42.40ms
step:696/1288 train_time:29528ms step_avg:42.43ms
step:697/1288 train_time:29582ms step_avg:42.44ms
step:698/1288 train_time:29644ms step_avg:42.47ms
step:699/1288 train_time:29697ms step_avg:42.49ms
step:700/1288 train_time:29760ms step_avg:42.51ms
step:701/1288 train_time:29813ms step_avg:42.53ms
step:702/1288 train_time:29875ms step_avg:42.56ms
step:703/1288 train_time:29929ms step_avg:42.57ms
step:704/1288 train_time:29991ms step_avg:42.60ms
step:705/1288 train_time:30045ms step_avg:42.62ms
step:706/1288 train_time:30107ms step_avg:42.64ms
step:707/1288 train_time:30161ms step_avg:42.66ms
step:708/1288 train_time:30222ms step_avg:42.69ms
step:709/1288 train_time:30276ms step_avg:42.70ms
step:710/1288 train_time:30337ms step_avg:42.73ms
step:711/1288 train_time:30391ms step_avg:42.74ms
step:712/1288 train_time:30453ms step_avg:42.77ms
step:713/1288 train_time:30507ms step_avg:42.79ms
step:714/1288 train_time:30570ms step_avg:42.81ms
step:715/1288 train_time:30625ms step_avg:42.83ms
step:716/1288 train_time:30687ms step_avg:42.86ms
step:717/1288 train_time:30741ms step_avg:42.88ms
step:718/1288 train_time:30803ms step_avg:42.90ms
step:719/1288 train_time:30857ms step_avg:42.92ms
step:720/1288 train_time:30919ms step_avg:42.94ms
step:721/1288 train_time:30974ms step_avg:42.96ms
step:722/1288 train_time:31035ms step_avg:42.98ms
step:723/1288 train_time:31090ms step_avg:43.00ms
step:724/1288 train_time:31152ms step_avg:43.03ms
step:725/1288 train_time:31206ms step_avg:43.04ms
step:726/1288 train_time:31269ms step_avg:43.07ms
step:727/1288 train_time:31323ms step_avg:43.08ms
step:728/1288 train_time:31384ms step_avg:43.11ms
step:729/1288 train_time:31438ms step_avg:43.12ms
step:730/1288 train_time:31500ms step_avg:43.15ms
step:731/1288 train_time:31553ms step_avg:43.16ms
step:732/1288 train_time:31616ms step_avg:43.19ms
step:733/1288 train_time:31669ms step_avg:43.21ms
step:734/1288 train_time:31732ms step_avg:43.23ms
step:735/1288 train_time:31786ms step_avg:43.25ms
step:736/1288 train_time:31848ms step_avg:43.27ms
step:737/1288 train_time:31903ms step_avg:43.29ms
step:738/1288 train_time:31964ms step_avg:43.31ms
step:739/1288 train_time:32018ms step_avg:43.33ms
step:740/1288 train_time:32080ms step_avg:43.35ms
step:741/1288 train_time:32134ms step_avg:43.37ms
step:742/1288 train_time:32197ms step_avg:43.39ms
step:743/1288 train_time:32251ms step_avg:43.41ms
step:744/1288 train_time:32313ms step_avg:43.43ms
step:745/1288 train_time:32367ms step_avg:43.45ms
step:746/1288 train_time:32429ms step_avg:43.47ms
step:747/1288 train_time:32483ms step_avg:43.49ms
step:748/1288 train_time:32545ms step_avg:43.51ms
step:749/1288 train_time:32599ms step_avg:43.52ms
step:750/1288 train_time:32661ms step_avg:43.55ms
step:750/1288 val_loss:3.6642 train_time:32726ms step_avg:43.63ms
step:751/1288 train_time:32746ms step_avg:43.60ms
step:752/1288 train_time:32779ms step_avg:43.59ms
step:753/1288 train_time:32836ms step_avg:43.61ms
step:754/1288 train_time:32900ms step_avg:43.63ms
step:755/1288 train_time:32955ms step_avg:43.65ms
step:756/1288 train_time:33018ms step_avg:43.67ms
step:757/1288 train_time:33072ms step_avg:43.69ms
step:758/1288 train_time:33133ms step_avg:43.71ms
step:759/1288 train_time:33188ms step_avg:43.73ms
step:760/1288 train_time:33250ms step_avg:43.75ms
step:761/1288 train_time:33303ms step_avg:43.76ms
step:762/1288 train_time:33365ms step_avg:43.79ms
step:763/1288 train_time:33419ms step_avg:43.80ms
step:764/1288 train_time:33480ms step_avg:43.82ms
step:765/1288 train_time:33533ms step_avg:43.83ms
step:766/1288 train_time:33594ms step_avg:43.86ms
step:767/1288 train_time:33648ms step_avg:43.87ms
step:768/1288 train_time:33711ms step_avg:43.89ms
step:769/1288 train_time:33765ms step_avg:43.91ms
step:770/1288 train_time:33828ms step_avg:43.93ms
step:771/1288 train_time:33883ms step_avg:43.95ms
step:772/1288 train_time:33946ms step_avg:43.97ms
step:773/1288 train_time:34000ms step_avg:43.98ms
step:774/1288 train_time:34063ms step_avg:44.01ms
step:775/1288 train_time:34117ms step_avg:44.02ms
step:776/1288 train_time:34180ms step_avg:44.05ms
step:777/1288 train_time:34234ms step_avg:44.06ms
step:778/1288 train_time:34295ms step_avg:44.08ms
step:779/1288 train_time:34349ms step_avg:44.09ms
step:780/1288 train_time:34410ms step_avg:44.12ms
step:781/1288 train_time:34463ms step_avg:44.13ms
step:782/1288 train_time:34525ms step_avg:44.15ms
step:783/1288 train_time:34580ms step_avg:44.16ms
step:784/1288 train_time:34641ms step_avg:44.19ms
step:785/1288 train_time:34696ms step_avg:44.20ms
step:786/1288 train_time:34759ms step_avg:44.22ms
step:787/1288 train_time:34815ms step_avg:44.24ms
step:788/1288 train_time:34877ms step_avg:44.26ms
step:789/1288 train_time:34931ms step_avg:44.27ms
step:790/1288 train_time:34993ms step_avg:44.30ms
step:791/1288 train_time:35047ms step_avg:44.31ms
step:792/1288 train_time:35109ms step_avg:44.33ms
step:793/1288 train_time:35163ms step_avg:44.34ms
step:794/1288 train_time:35227ms step_avg:44.37ms
step:795/1288 train_time:35279ms step_avg:44.38ms
step:796/1288 train_time:35341ms step_avg:44.40ms
step:797/1288 train_time:35394ms step_avg:44.41ms
step:798/1288 train_time:35456ms step_avg:44.43ms
step:799/1288 train_time:35510ms step_avg:44.44ms
step:800/1288 train_time:35572ms step_avg:44.47ms
step:801/1288 train_time:35626ms step_avg:44.48ms
step:802/1288 train_time:35688ms step_avg:44.50ms
step:803/1288 train_time:35742ms step_avg:44.51ms
step:804/1288 train_time:35804ms step_avg:44.53ms
step:805/1288 train_time:35858ms step_avg:44.54ms
step:806/1288 train_time:35921ms step_avg:44.57ms
step:807/1288 train_time:35977ms step_avg:44.58ms
step:808/1288 train_time:36039ms step_avg:44.60ms
step:809/1288 train_time:36094ms step_avg:44.62ms
step:810/1288 train_time:36155ms step_avg:44.64ms
step:811/1288 train_time:36210ms step_avg:44.65ms
step:812/1288 train_time:36271ms step_avg:44.67ms
step:813/1288 train_time:36325ms step_avg:44.68ms
step:814/1288 train_time:36387ms step_avg:44.70ms
step:815/1288 train_time:36441ms step_avg:44.71ms
step:816/1288 train_time:36502ms step_avg:44.73ms
step:817/1288 train_time:36555ms step_avg:44.74ms
step:818/1288 train_time:36618ms step_avg:44.77ms
step:819/1288 train_time:36673ms step_avg:44.78ms
step:820/1288 train_time:36734ms step_avg:44.80ms
step:821/1288 train_time:36788ms step_avg:44.81ms
step:822/1288 train_time:36850ms step_avg:44.83ms
step:823/1288 train_time:36904ms step_avg:44.84ms
step:824/1288 train_time:36965ms step_avg:44.86ms
step:825/1288 train_time:37020ms step_avg:44.87ms
step:826/1288 train_time:37084ms step_avg:44.90ms
step:827/1288 train_time:37137ms step_avg:44.91ms
step:828/1288 train_time:37200ms step_avg:44.93ms
step:829/1288 train_time:37255ms step_avg:44.94ms
step:830/1288 train_time:37317ms step_avg:44.96ms
step:831/1288 train_time:37371ms step_avg:44.97ms
step:832/1288 train_time:37433ms step_avg:44.99ms
step:833/1288 train_time:37487ms step_avg:45.00ms
step:834/1288 train_time:37548ms step_avg:45.02ms
step:835/1288 train_time:37603ms step_avg:45.03ms
step:836/1288 train_time:37664ms step_avg:45.05ms
step:837/1288 train_time:37718ms step_avg:45.06ms
step:838/1288 train_time:37781ms step_avg:45.09ms
step:839/1288 train_time:37835ms step_avg:45.10ms
step:840/1288 train_time:37897ms step_avg:45.12ms
step:841/1288 train_time:37951ms step_avg:45.13ms
step:842/1288 train_time:38012ms step_avg:45.15ms
step:843/1288 train_time:38067ms step_avg:45.16ms
step:844/1288 train_time:38129ms step_avg:45.18ms
step:845/1288 train_time:38183ms step_avg:45.19ms
step:846/1288 train_time:38244ms step_avg:45.21ms
step:847/1288 train_time:38298ms step_avg:45.22ms
step:848/1288 train_time:38360ms step_avg:45.24ms
step:849/1288 train_time:38414ms step_avg:45.25ms
step:850/1288 train_time:38478ms step_avg:45.27ms
step:851/1288 train_time:38560ms step_avg:45.31ms
step:852/1288 train_time:38649ms step_avg:45.36ms
step:853/1288 train_time:38730ms step_avg:45.40ms
step:854/1288 train_time:38817ms step_avg:45.45ms
step:855/1288 train_time:38898ms step_avg:45.49ms
step:856/1288 train_time:38985ms step_avg:45.54ms
step:857/1288 train_time:39066ms step_avg:45.58ms
step:858/1288 train_time:39152ms step_avg:45.63ms
step:859/1288 train_time:39232ms step_avg:45.67ms
step:860/1288 train_time:39320ms step_avg:45.72ms
step:861/1288 train_time:39402ms step_avg:45.76ms
step:862/1288 train_time:39488ms step_avg:45.81ms
step:863/1288 train_time:39569ms step_avg:45.85ms
step:864/1288 train_time:39657ms step_avg:45.90ms
step:865/1288 train_time:39739ms step_avg:45.94ms
step:866/1288 train_time:39826ms step_avg:45.99ms
step:867/1288 train_time:39907ms step_avg:46.03ms
step:868/1288 train_time:39993ms step_avg:46.07ms
step:869/1288 train_time:40073ms step_avg:46.11ms
step:870/1288 train_time:40160ms step_avg:46.16ms
step:871/1288 train_time:40242ms step_avg:46.20ms
step:872/1288 train_time:40329ms step_avg:46.25ms
step:873/1288 train_time:40409ms step_avg:46.29ms
step:874/1288 train_time:40497ms step_avg:46.33ms
step:875/1288 train_time:40578ms step_avg:46.37ms
step:876/1288 train_time:40666ms step_avg:46.42ms
step:877/1288 train_time:40747ms step_avg:46.46ms
step:878/1288 train_time:40834ms step_avg:46.51ms
step:879/1288 train_time:40915ms step_avg:46.55ms
step:880/1288 train_time:41003ms step_avg:46.59ms
step:881/1288 train_time:41084ms step_avg:46.63ms
step:882/1288 train_time:41170ms step_avg:46.68ms
step:883/1288 train_time:41250ms step_avg:46.72ms
step:884/1288 train_time:41337ms step_avg:46.76ms
step:885/1288 train_time:41419ms step_avg:46.80ms
step:886/1288 train_time:41506ms step_avg:46.85ms
step:887/1288 train_time:41588ms step_avg:46.89ms
step:888/1288 train_time:41674ms step_avg:46.93ms
step:889/1288 train_time:41755ms step_avg:46.97ms
step:890/1288 train_time:41843ms step_avg:47.01ms
step:891/1288 train_time:41924ms step_avg:47.05ms
step:892/1288 train_time:42012ms step_avg:47.10ms
step:893/1288 train_time:42091ms step_avg:47.13ms
step:894/1288 train_time:42178ms step_avg:47.18ms
step:895/1288 train_time:42261ms step_avg:47.22ms
step:896/1288 train_time:42348ms step_avg:47.26ms
step:897/1288 train_time:42429ms step_avg:47.30ms
step:898/1288 train_time:42515ms step_avg:47.34ms
step:899/1288 train_time:42595ms step_avg:47.38ms
step:900/1288 train_time:42683ms step_avg:47.43ms
step:901/1288 train_time:42764ms step_avg:47.46ms
step:902/1288 train_time:42852ms step_avg:47.51ms
step:903/1288 train_time:42932ms step_avg:47.54ms
step:904/1288 train_time:43019ms step_avg:47.59ms
step:905/1288 train_time:43101ms step_avg:47.62ms
step:906/1288 train_time:43187ms step_avg:47.67ms
step:907/1288 train_time:43268ms step_avg:47.70ms
step:908/1288 train_time:43354ms step_avg:47.75ms
step:909/1288 train_time:43435ms step_avg:47.78ms
step:910/1288 train_time:43522ms step_avg:47.83ms
step:911/1288 train_time:43603ms step_avg:47.86ms
step:912/1288 train_time:43690ms step_avg:47.91ms
step:913/1288 train_time:43770ms step_avg:47.94ms
step:914/1288 train_time:43858ms step_avg:47.98ms
step:915/1288 train_time:43939ms step_avg:48.02ms
step:916/1288 train_time:44027ms step_avg:48.06ms
step:917/1288 train_time:44107ms step_avg:48.10ms
step:918/1288 train_time:44195ms step_avg:48.14ms
step:919/1288 train_time:44275ms step_avg:48.18ms
step:920/1288 train_time:44363ms step_avg:48.22ms
step:921/1288 train_time:44444ms step_avg:48.26ms
step:922/1288 train_time:44531ms step_avg:48.30ms
step:923/1288 train_time:44612ms step_avg:48.33ms
step:924/1288 train_time:44699ms step_avg:48.38ms
step:925/1288 train_time:44779ms step_avg:48.41ms
step:926/1288 train_time:44868ms step_avg:48.45ms
step:927/1288 train_time:44949ms step_avg:48.49ms
step:928/1288 train_time:45035ms step_avg:48.53ms
step:929/1288 train_time:45116ms step_avg:48.56ms
step:930/1288 train_time:45204ms step_avg:48.61ms
step:931/1288 train_time:45284ms step_avg:48.64ms
step:932/1288 train_time:45371ms step_avg:48.68ms
step:933/1288 train_time:45451ms step_avg:48.72ms
step:934/1288 train_time:45539ms step_avg:48.76ms
step:935/1288 train_time:45620ms step_avg:48.79ms
step:936/1288 train_time:45708ms step_avg:48.83ms
step:937/1288 train_time:45788ms step_avg:48.87ms
step:938/1288 train_time:45874ms step_avg:48.91ms
step:939/1288 train_time:45955ms step_avg:48.94ms
step:940/1288 train_time:46044ms step_avg:48.98ms
step:941/1288 train_time:46126ms step_avg:49.02ms
step:942/1288 train_time:46213ms step_avg:49.06ms
step:943/1288 train_time:46292ms step_avg:49.09ms
step:944/1288 train_time:46379ms step_avg:49.13ms
step:945/1288 train_time:46461ms step_avg:49.16ms
step:946/1288 train_time:46548ms step_avg:49.21ms
step:947/1288 train_time:46629ms step_avg:49.24ms
step:948/1288 train_time:46716ms step_avg:49.28ms
step:949/1288 train_time:46797ms step_avg:49.31ms
step:950/1288 train_time:46884ms step_avg:49.35ms
step:951/1288 train_time:46965ms step_avg:49.39ms
step:952/1288 train_time:47053ms step_avg:49.43ms
step:953/1288 train_time:47134ms step_avg:49.46ms
step:954/1288 train_time:47222ms step_avg:49.50ms
step:955/1288 train_time:47302ms step_avg:49.53ms
step:956/1288 train_time:47388ms step_avg:49.57ms
step:957/1288 train_time:47470ms step_avg:49.60ms
step:958/1288 train_time:47556ms step_avg:49.64ms
step:959/1288 train_time:47639ms step_avg:49.68ms
step:960/1288 train_time:47726ms step_avg:49.71ms
step:961/1288 train_time:47806ms step_avg:49.75ms
step:962/1288 train_time:47893ms step_avg:49.78ms
step:963/1288 train_time:47973ms step_avg:49.82ms
step:964/1288 train_time:48061ms step_avg:49.86ms
step:965/1288 train_time:48142ms step_avg:49.89ms
step:966/1288 train_time:48230ms step_avg:49.93ms
step:967/1288 train_time:48310ms step_avg:49.96ms
step:968/1288 train_time:48397ms step_avg:50.00ms
step:969/1288 train_time:48479ms step_avg:50.03ms
step:970/1288 train_time:48565ms step_avg:50.07ms
step:971/1288 train_time:48647ms step_avg:50.10ms
step:972/1288 train_time:48733ms step_avg:50.14ms
step:973/1288 train_time:48814ms step_avg:50.17ms
step:974/1288 train_time:48901ms step_avg:50.21ms
step:975/1288 train_time:48982ms step_avg:50.24ms
step:976/1288 train_time:49070ms step_avg:50.28ms
step:977/1288 train_time:49150ms step_avg:50.31ms
step:978/1288 train_time:49237ms step_avg:50.35ms
step:979/1288 train_time:49320ms step_avg:50.38ms
step:980/1288 train_time:49407ms step_avg:50.42ms
step:981/1288 train_time:49487ms step_avg:50.45ms
step:982/1288 train_time:49574ms step_avg:50.48ms
step:983/1288 train_time:49655ms step_avg:50.51ms
step:984/1288 train_time:49743ms step_avg:50.55ms
step:985/1288 train_time:49824ms step_avg:50.58ms
step:986/1288 train_time:49910ms step_avg:50.62ms
step:987/1288 train_time:49991ms step_avg:50.65ms
step:988/1288 train_time:50079ms step_avg:50.69ms
step:989/1288 train_time:50160ms step_avg:50.72ms
step:990/1288 train_time:50248ms step_avg:50.76ms
step:991/1288 train_time:50329ms step_avg:50.79ms
step:992/1288 train_time:50416ms step_avg:50.82ms
step:993/1288 train_time:50497ms step_avg:50.85ms
step:994/1288 train_time:50585ms step_avg:50.89ms
step:995/1288 train_time:50665ms step_avg:50.92ms
step:996/1288 train_time:50752ms step_avg:50.96ms
step:997/1288 train_time:50832ms step_avg:50.98ms
step:998/1288 train_time:50919ms step_avg:51.02ms
step:999/1288 train_time:51000ms step_avg:51.05ms
step:1000/1288 train_time:51088ms step_avg:51.09ms
step:1000/1288 val_loss:3.4205 train_time:51179ms step_avg:51.18ms
step:1001/1288 train_time:51200ms step_avg:51.15ms
step:1002/1288 train_time:51263ms step_avg:51.16ms
step:1003/1288 train_time:51346ms step_avg:51.19ms
step:1004/1288 train_time:51436ms step_avg:51.23ms
step:1005/1288 train_time:51517ms step_avg:51.26ms
step:1006/1288 train_time:51605ms step_avg:51.30ms
step:1007/1288 train_time:51685ms step_avg:51.33ms
step:1008/1288 train_time:51770ms step_avg:51.36ms
step:1009/1288 train_time:51849ms step_avg:51.39ms
step:1010/1288 train_time:51937ms step_avg:51.42ms
step:1011/1288 train_time:52017ms step_avg:51.45ms
step:1012/1288 train_time:52105ms step_avg:51.49ms
step:1013/1288 train_time:52187ms step_avg:51.52ms
step:1014/1288 train_time:52276ms step_avg:51.55ms
step:1015/1288 train_time:52358ms step_avg:51.58ms
step:1016/1288 train_time:52446ms step_avg:51.62ms
step:1017/1288 train_time:52527ms step_avg:51.65ms
step:1018/1288 train_time:52614ms step_avg:51.68ms
step:1019/1288 train_time:52695ms step_avg:51.71ms
step:1020/1288 train_time:52782ms step_avg:51.75ms
step:1021/1288 train_time:52862ms step_avg:51.78ms
step:1022/1288 train_time:52948ms step_avg:51.81ms
step:1023/1288 train_time:53028ms step_avg:51.84ms
step:1024/1288 train_time:53116ms step_avg:51.87ms
step:1025/1288 train_time:53200ms step_avg:51.90ms
step:1026/1288 train_time:53289ms step_avg:51.94ms
step:1027/1288 train_time:53370ms step_avg:51.97ms
step:1028/1288 train_time:53458ms step_avg:52.00ms
step:1029/1288 train_time:53540ms step_avg:52.03ms
step:1030/1288 train_time:53628ms step_avg:52.07ms
step:1031/1288 train_time:53709ms step_avg:52.09ms
step:1032/1288 train_time:53795ms step_avg:52.13ms
step:1033/1288 train_time:53876ms step_avg:52.15ms
step:1034/1288 train_time:53962ms step_avg:52.19ms
step:1035/1288 train_time:54044ms step_avg:52.22ms
step:1036/1288 train_time:54131ms step_avg:52.25ms
step:1037/1288 train_time:54211ms step_avg:52.28ms
step:1038/1288 train_time:54299ms step_avg:52.31ms
step:1039/1288 train_time:54381ms step_avg:52.34ms
step:1040/1288 train_time:54469ms step_avg:52.37ms
step:1041/1288 train_time:54550ms step_avg:52.40ms
step:1042/1288 train_time:54639ms step_avg:52.44ms
step:1043/1288 train_time:54721ms step_avg:52.46ms
step:1044/1288 train_time:54807ms step_avg:52.50ms
step:1045/1288 train_time:54887ms step_avg:52.52ms
step:1046/1288 train_time:54973ms step_avg:52.56ms
step:1047/1288 train_time:55054ms step_avg:52.58ms
step:1048/1288 train_time:55142ms step_avg:52.62ms
step:1049/1288 train_time:55223ms step_avg:52.64ms
step:1050/1288 train_time:55310ms step_avg:52.68ms
step:1051/1288 train_time:55391ms step_avg:52.70ms
step:1052/1288 train_time:55479ms step_avg:52.74ms
step:1053/1288 train_time:55561ms step_avg:52.76ms
step:1054/1288 train_time:55649ms step_avg:52.80ms
step:1055/1288 train_time:55731ms step_avg:52.83ms
step:1056/1288 train_time:55818ms step_avg:52.86ms
step:1057/1288 train_time:55899ms step_avg:52.88ms
step:1058/1288 train_time:55986ms step_avg:52.92ms
step:1059/1288 train_time:56067ms step_avg:52.94ms
step:1060/1288 train_time:56154ms step_avg:52.98ms
step:1061/1288 train_time:56236ms step_avg:53.00ms
step:1062/1288 train_time:56324ms step_avg:53.04ms
step:1063/1288 train_time:56405ms step_avg:53.06ms
step:1064/1288 train_time:56491ms step_avg:53.09ms
step:1065/1288 train_time:56572ms step_avg:53.12ms
step:1066/1288 train_time:56660ms step_avg:53.15ms
step:1067/1288 train_time:56740ms step_avg:53.18ms
step:1068/1288 train_time:56829ms step_avg:53.21ms
step:1069/1288 train_time:56910ms step_avg:53.24ms
step:1070/1288 train_time:56997ms step_avg:53.27ms
step:1071/1288 train_time:57077ms step_avg:53.29ms
step:1072/1288 train_time:57166ms step_avg:53.33ms
step:1073/1288 train_time:57247ms step_avg:53.35ms
step:1074/1288 train_time:57334ms step_avg:53.38ms
step:1075/1288 train_time:57415ms step_avg:53.41ms
step:1076/1288 train_time:57503ms step_avg:53.44ms
step:1077/1288 train_time:57584ms step_avg:53.47ms
step:1078/1288 train_time:57671ms step_avg:53.50ms
step:1079/1288 train_time:57750ms step_avg:53.52ms
step:1080/1288 train_time:57839ms step_avg:53.55ms
step:1081/1288 train_time:57920ms step_avg:53.58ms
step:1082/1288 train_time:58008ms step_avg:53.61ms
step:1083/1288 train_time:58088ms step_avg:53.64ms
step:1084/1288 train_time:58175ms step_avg:53.67ms
step:1085/1288 train_time:58257ms step_avg:53.69ms
step:1086/1288 train_time:58345ms step_avg:53.72ms
step:1087/1288 train_time:58427ms step_avg:53.75ms
step:1088/1288 train_time:58514ms step_avg:53.78ms
step:1089/1288 train_time:58595ms step_avg:53.81ms
step:1090/1288 train_time:58682ms step_avg:53.84ms
step:1091/1288 train_time:58763ms step_avg:53.86ms
step:1092/1288 train_time:58850ms step_avg:53.89ms
step:1093/1288 train_time:58930ms step_avg:53.92ms
step:1094/1288 train_time:59017ms step_avg:53.95ms
step:1095/1288 train_time:59099ms step_avg:53.97ms
step:1096/1288 train_time:59187ms step_avg:54.00ms
step:1097/1288 train_time:59268ms step_avg:54.03ms
step:1098/1288 train_time:59356ms step_avg:54.06ms
step:1099/1288 train_time:59440ms step_avg:54.09ms
step:1100/1288 train_time:59527ms step_avg:54.12ms
step:1101/1288 train_time:59608ms step_avg:54.14ms
step:1102/1288 train_time:59694ms step_avg:54.17ms
step:1103/1288 train_time:59775ms step_avg:54.19ms
step:1104/1288 train_time:59863ms step_avg:54.22ms
step:1105/1288 train_time:59944ms step_avg:54.25ms
step:1106/1288 train_time:60030ms step_avg:54.28ms
step:1107/1288 train_time:60111ms step_avg:54.30ms
step:1108/1288 train_time:60198ms step_avg:54.33ms
step:1109/1288 train_time:60279ms step_avg:54.35ms
step:1110/1288 train_time:60367ms step_avg:54.38ms
step:1111/1288 train_time:60449ms step_avg:54.41ms
step:1112/1288 train_time:60536ms step_avg:54.44ms
step:1113/1288 train_time:60618ms step_avg:54.46ms
step:1114/1288 train_time:60706ms step_avg:54.49ms
step:1115/1288 train_time:60786ms step_avg:54.52ms
step:1116/1288 train_time:60873ms step_avg:54.55ms
step:1117/1288 train_time:60954ms step_avg:54.57ms
step:1118/1288 train_time:61041ms step_avg:54.60ms
step:1119/1288 train_time:61123ms step_avg:54.62ms
step:1120/1288 train_time:61210ms step_avg:54.65ms
step:1121/1288 train_time:61290ms step_avg:54.67ms
step:1122/1288 train_time:61378ms step_avg:54.70ms
step:1123/1288 train_time:61460ms step_avg:54.73ms
step:1124/1288 train_time:61548ms step_avg:54.76ms
step:1125/1288 train_time:61629ms step_avg:54.78ms
step:1126/1288 train_time:61717ms step_avg:54.81ms
step:1127/1288 train_time:61798ms step_avg:54.83ms
step:1128/1288 train_time:61886ms step_avg:54.86ms
step:1129/1288 train_time:61966ms step_avg:54.89ms
step:1130/1288 train_time:62052ms step_avg:54.91ms
step:1131/1288 train_time:62133ms step_avg:54.94ms
step:1132/1288 train_time:62222ms step_avg:54.97ms
step:1133/1288 train_time:62303ms step_avg:54.99ms
step:1134/1288 train_time:62390ms step_avg:55.02ms
step:1135/1288 train_time:62470ms step_avg:55.04ms
step:1136/1288 train_time:62558ms step_avg:55.07ms
step:1137/1288 train_time:62640ms step_avg:55.09ms
step:1138/1288 train_time:62727ms step_avg:55.12ms
step:1139/1288 train_time:62808ms step_avg:55.14ms
step:1140/1288 train_time:62896ms step_avg:55.17ms
step:1141/1288 train_time:62977ms step_avg:55.19ms
step:1142/1288 train_time:63064ms step_avg:55.22ms
step:1143/1288 train_time:63145ms step_avg:55.24ms
step:1144/1288 train_time:63232ms step_avg:55.27ms
step:1145/1288 train_time:63312ms step_avg:55.29ms
step:1146/1288 train_time:63400ms step_avg:55.32ms
step:1147/1288 train_time:63481ms step_avg:55.35ms
step:1148/1288 train_time:63568ms step_avg:55.37ms
step:1149/1288 train_time:63650ms step_avg:55.40ms
step:1150/1288 train_time:63737ms step_avg:55.42ms
step:1151/1288 train_time:63819ms step_avg:55.45ms
step:1152/1288 train_time:63907ms step_avg:55.48ms
step:1153/1288 train_time:63987ms step_avg:55.50ms
step:1154/1288 train_time:64075ms step_avg:55.52ms
step:1155/1288 train_time:64157ms step_avg:55.55ms
step:1156/1288 train_time:64244ms step_avg:55.57ms
step:1157/1288 train_time:64325ms step_avg:55.60ms
step:1158/1288 train_time:64411ms step_avg:55.62ms
step:1159/1288 train_time:64491ms step_avg:55.64ms
step:1160/1288 train_time:64579ms step_avg:55.67ms
step:1161/1288 train_time:64661ms step_avg:55.69ms
step:1162/1288 train_time:64749ms step_avg:55.72ms
step:1163/1288 train_time:64829ms step_avg:55.74ms
step:1164/1288 train_time:64916ms step_avg:55.77ms
step:1165/1288 train_time:64998ms step_avg:55.79ms
step:1166/1288 train_time:65086ms step_avg:55.82ms
step:1167/1288 train_time:65166ms step_avg:55.84ms
step:1168/1288 train_time:65253ms step_avg:55.87ms
step:1169/1288 train_time:65335ms step_avg:55.89ms
step:1170/1288 train_time:65423ms step_avg:55.92ms
step:1171/1288 train_time:65503ms step_avg:55.94ms
step:1172/1288 train_time:65590ms step_avg:55.96ms
step:1173/1288 train_time:65670ms step_avg:55.98ms
step:1174/1288 train_time:65758ms step_avg:56.01ms
step:1175/1288 train_time:65840ms step_avg:56.03ms
step:1176/1288 train_time:65927ms step_avg:56.06ms
step:1177/1288 train_time:66010ms step_avg:56.08ms
step:1178/1288 train_time:66096ms step_avg:56.11ms
step:1179/1288 train_time:66178ms step_avg:56.13ms
step:1180/1288 train_time:66265ms step_avg:56.16ms
step:1181/1288 train_time:66347ms step_avg:56.18ms
step:1182/1288 train_time:66433ms step_avg:56.20ms
step:1183/1288 train_time:66514ms step_avg:56.22ms
step:1184/1288 train_time:66601ms step_avg:56.25ms
step:1185/1288 train_time:66682ms step_avg:56.27ms
step:1186/1288 train_time:66769ms step_avg:56.30ms
step:1187/1288 train_time:66850ms step_avg:56.32ms
step:1188/1288 train_time:66938ms step_avg:56.34ms
step:1189/1288 train_time:67019ms step_avg:56.37ms
step:1190/1288 train_time:67107ms step_avg:56.39ms
step:1191/1288 train_time:67188ms step_avg:56.41ms
step:1192/1288 train_time:67274ms step_avg:56.44ms
step:1193/1288 train_time:67357ms step_avg:56.46ms
step:1194/1288 train_time:67445ms step_avg:56.49ms
step:1195/1288 train_time:67527ms step_avg:56.51ms
step:1196/1288 train_time:67614ms step_avg:56.53ms
step:1197/1288 train_time:67694ms step_avg:56.55ms
step:1198/1288 train_time:67782ms step_avg:56.58ms
step:1199/1288 train_time:67864ms step_avg:56.60ms
step:1200/1288 train_time:67951ms step_avg:56.63ms
step:1201/1288 train_time:68031ms step_avg:56.65ms
step:1202/1288 train_time:68121ms step_avg:56.67ms
step:1203/1288 train_time:68202ms step_avg:56.69ms
step:1204/1288 train_time:68289ms step_avg:56.72ms
step:1205/1288 train_time:68369ms step_avg:56.74ms
step:1206/1288 train_time:68457ms step_avg:56.76ms
step:1207/1288 train_time:68539ms step_avg:56.78ms
step:1208/1288 train_time:68627ms step_avg:56.81ms
step:1209/1288 train_time:68707ms step_avg:56.83ms
step:1210/1288 train_time:68795ms step_avg:56.85ms
step:1211/1288 train_time:68876ms step_avg:56.88ms
step:1212/1288 train_time:68963ms step_avg:56.90ms
step:1213/1288 train_time:69044ms step_avg:56.92ms
step:1214/1288 train_time:69132ms step_avg:56.95ms
step:1215/1288 train_time:69213ms step_avg:56.97ms
step:1216/1288 train_time:69300ms step_avg:56.99ms
step:1217/1288 train_time:69382ms step_avg:57.01ms
step:1218/1288 train_time:69469ms step_avg:57.04ms
step:1219/1288 train_time:69550ms step_avg:57.05ms
step:1220/1288 train_time:69637ms step_avg:57.08ms
step:1221/1288 train_time:69718ms step_avg:57.10ms
step:1222/1288 train_time:69806ms step_avg:57.12ms
step:1223/1288 train_time:69887ms step_avg:57.14ms
step:1224/1288 train_time:69974ms step_avg:57.17ms
step:1225/1288 train_time:70056ms step_avg:57.19ms
step:1226/1288 train_time:70145ms step_avg:57.21ms
step:1227/1288 train_time:70225ms step_avg:57.23ms
step:1228/1288 train_time:70312ms step_avg:57.26ms
step:1229/1288 train_time:70392ms step_avg:57.28ms
step:1230/1288 train_time:70479ms step_avg:57.30ms
step:1231/1288 train_time:70561ms step_avg:57.32ms
step:1232/1288 train_time:70649ms step_avg:57.34ms
step:1233/1288 train_time:70729ms step_avg:57.36ms
step:1234/1288 train_time:70818ms step_avg:57.39ms
step:1235/1288 train_time:70900ms step_avg:57.41ms
step:1236/1288 train_time:70987ms step_avg:57.43ms
step:1237/1288 train_time:71068ms step_avg:57.45ms
step:1238/1288 train_time:71156ms step_avg:57.48ms
step:1239/1288 train_time:71238ms step_avg:57.50ms
step:1240/1288 train_time:71325ms step_avg:57.52ms
step:1241/1288 train_time:71406ms step_avg:57.54ms
step:1242/1288 train_time:71493ms step_avg:57.56ms
step:1243/1288 train_time:71573ms step_avg:57.58ms
step:1244/1288 train_time:71661ms step_avg:57.61ms
step:1245/1288 train_time:71743ms step_avg:57.63ms
step:1246/1288 train_time:71830ms step_avg:57.65ms
step:1247/1288 train_time:71911ms step_avg:57.67ms
step:1248/1288 train_time:71999ms step_avg:57.69ms
step:1249/1288 train_time:72080ms step_avg:57.71ms
step:1250/1288 train_time:72168ms step_avg:57.73ms
step:1250/1288 val_loss:3.2982 train_time:72260ms step_avg:57.81ms
step:1251/1288 train_time:72281ms step_avg:57.78ms
step:1252/1288 train_time:72341ms step_avg:57.78ms
step:1253/1288 train_time:72426ms step_avg:57.80ms
step:1254/1288 train_time:72517ms step_avg:57.83ms
step:1255/1288 train_time:72599ms step_avg:57.85ms
step:1256/1288 train_time:72686ms step_avg:57.87ms
step:1257/1288 train_time:72766ms step_avg:57.89ms
step:1258/1288 train_time:72852ms step_avg:57.91ms
step:1259/1288 train_time:72933ms step_avg:57.93ms
step:1260/1288 train_time:73019ms step_avg:57.95ms
step:1261/1288 train_time:73099ms step_avg:57.97ms
step:1262/1288 train_time:73186ms step_avg:57.99ms
step:1263/1288 train_time:73270ms step_avg:58.01ms
step:1264/1288 train_time:73360ms step_avg:58.04ms
step:1265/1288 train_time:73443ms step_avg:58.06ms
step:1266/1288 train_time:73530ms step_avg:58.08ms
step:1267/1288 train_time:73612ms step_avg:58.10ms
step:1268/1288 train_time:73699ms step_avg:58.12ms
step:1269/1288 train_time:73780ms step_avg:58.14ms
step:1270/1288 train_time:73866ms step_avg:58.16ms
step:1271/1288 train_time:73946ms step_avg:58.18ms
step:1272/1288 train_time:74032ms step_avg:58.20ms
step:1273/1288 train_time:74112ms step_avg:58.22ms
step:1274/1288 train_time:74203ms step_avg:58.24ms
step:1275/1288 train_time:74288ms step_avg:58.27ms
step:1276/1288 train_time:74376ms step_avg:58.29ms
step:1277/1288 train_time:74460ms step_avg:58.31ms
step:1278/1288 train_time:74549ms step_avg:58.33ms
step:1279/1288 train_time:74629ms step_avg:58.35ms
step:1280/1288 train_time:74717ms step_avg:58.37ms
step:1281/1288 train_time:74799ms step_avg:58.39ms
step:1282/1288 train_time:74886ms step_avg:58.41ms
step:1283/1288 train_time:74966ms step_avg:58.43ms
step:1284/1288 train_time:75053ms step_avg:58.45ms
step:1285/1288 train_time:75135ms step_avg:58.47ms
step:1286/1288 train_time:75223ms step_avg:58.49ms
step:1287/1288 train_time:75306ms step_avg:58.51ms
step:1288/1288 train_time:75394ms step_avg:58.54ms
step:1288/1288 val_loss:3.2782 train_time:75487ms step_avg:58.61ms
peak memory allocated: 32299 MiB reserved: 47710 MiB
Terminal-blended sharded TailEMA scope=readout start=848 every=1 decay=0.9933 blend=0.65
step:0/1288 val_loss:10.8305 train_time:0ms step_avg:0.03ms
step:250/1288 val_loss:4.4555 train_time:8173ms step_avg:32.69ms
step:500/1288 val_loss:4.0977 train_time:18213ms step_avg:36.43ms
step:750/1288 val_loss:3.6642 train_time:32726ms step_avg:43.63ms
step:1000/1288 val_loss:3.4205 train_time:51179ms step_avg:51.18ms
step:1250/1288 val_loss:3.2982 train_time:72260ms step_avg:57.81ms
step:1288/1288 val_loss:3.2782 train_time:75487ms step_avg:58.61ms
PASS 09-candidate
BEGIN 10-candidate scheduled_steps=1273
W0727 22:40:16.813000 89304 torch/distributed/run.py:852] 
W0727 22:40:16.813000 89304 torch/distributed/run.py:852] *****************************************
W0727 22:40:16.813000 89304 torch/distributed/run.py:852] Setting OMP_NUM_THREADS environment variable for each process to be 1 in default, to avoid your system being overloaded, please further tune the variable for optimal performance in your application as needed. 
W0727 22:40:16.813000 89304 torch/distributed/run.py:852] *****************************************
[Gloo] Rank 5 is connected to 7 peer ranks. Expected number of connected peer ranks is : 7
[Gloo] Rank 0 is connected to 7 peer ranks. Expected number of connected peer ranks is : 7
[Gloo] Rank 2 is connected to 7 peer ranks. Expected number of connected peer ranks is : 7
[Gloo] Rank 3 is connected to 7 peer ranks. Expected number of connected peer ranks is : 7
[Gloo] Rank 1 is connected to 7 peer ranks. Expected number of connected peer ranks is : 7
[Gloo] Rank 4 is connected to 7 peer ranks. Expected number of connected peer ranks is : 7
[Gloo] Rank 7 is connected to 7 peer ranks. Expected number of connected peer ranks is : 7
[Gloo] Rank 6 is connected to 7 peer ranks. Expected number of connected peer ranks is : 7
Warning: You are sending unauthenticated requests to the HF Hub. Please set a HF_TOKEN to enable higher rate limits and faster downloads.
Warning: You are sending unauthenticated requests to the HF Hub. Please set a HF_TOKEN to enable higher rate limits and faster downloads.
Warning: You are sending unauthenticated requests to the HF Hub. Please set a HF_TOKEN to enable higher rate limits and faster downloads.
Warning: You are sending unauthenticated requests to the HF Hub. Please set a HF_TOKEN to enable higher rate limits and faster downloads.
Warning: You are sending unauthenticated requests to the HF Hub. Please set a HF_TOKEN to enable higher rate limits and faster downloads.
Fetching 8 files:   0%|          | 0/8 [00:00<?, ?it/s]Fetching 8 files: 100%|██████████| 8/8 [00:00<00:00, 2450.84it/s]
Fetching 8 files:   0%|          | 0/8 [00:00<?, ?it/s]Fetching 8 files:   0%|          | 0/8 [00:00<?, ?it/s]Fetching 8 files: 100%|██████████| 8/8 [00:00<00:00, 2657.36it/s]
Fetching 8 files: 100%|██████████| 8/8 [00:00<00:00, 2260.78it/s]
Fetching 8 files:   0%|          | 0/8 [00:00<?, ?it/s]Fetching 8 files: 100%|██████████| 8/8 [00:00<00:00, 2696.87it/s]
Fetching 8 files:   0%|          | 0/8 [00:00<?, ?it/s]Fetching 8 files: 100%|██████████| 8/8 [00:00<00:00, 2250.16it/s]
Fetching 8 files:   0%|          | 0/8 [00:00<?, ?it/s]Fetching 8 files: 100%|██████████| 8/8 [00:00<00:00, 2414.16it/s]
logs/add31858-b3d2-4942-8598-df9c42272c8f.txt
Fetching 8 files:   0%|          | 0/8 [00:00<?, ?it/s]Fetching 8 files: 100%|██████████| 8/8 [00:00<00:00, 2582.90it/s]
Fetching 8 files:   0%|          | 0/8 [00:00<?, ?it/s]Fetching 8 files: 100%|██████████| 8/8 [00:00<00:00, 2452.99it/s]
Compiling model and warming up kernels (~7 minutes on first execution)
Sampling steps [0, 1, 422, 423, 424, 425, 847, 848, 849, 850, 1271, 1272, 1273, 1274, 1287] for warmup
Resetting Model
Terminal-blended sharded TailEMA scope=readout start=848 every=1 decay=0.9933 blend=0.65
step:0/1288 val_loss:10.8283 train_time:0ms step_avg:0.03ms
step:1/1288 train_time:74ms step_avg:74.37ms
step:2/1288 train_time:98ms step_avg:49.11ms
step:3/1288 train_time:119ms step_avg:39.59ms
step:4/1288 train_time:151ms step_avg:37.65ms
step:5/1288 train_time:179ms step_avg:35.88ms
step:6/1288 train_time:216ms step_avg:35.93ms
step:7/1288 train_time:243ms step_avg:34.66ms
step:8/1288 train_time:280ms step_avg:34.98ms
step:9/1288 train_time:307ms step_avg:34.15ms
step:10/1288 train_time:345ms step_avg:34.48ms
step:11/1288 train_time:373ms step_avg:33.87ms
step:12/1288 train_time:409ms step_avg:34.10ms
step:13/1288 train_time:437ms step_avg:33.64ms
step:14/1288 train_time:474ms step_avg:33.87ms
step:15/1288 train_time:502ms step_avg:33.46ms
step:16/1288 train_time:539ms step_avg:33.68ms
step:17/1288 train_time:567ms step_avg:33.35ms
step:18/1288 train_time:604ms step_avg:33.57ms
step:19/1288 train_time:633ms step_avg:33.29ms
step:20/1288 train_time:670ms step_avg:33.49ms
step:21/1288 train_time:698ms step_avg:33.24ms
step:22/1288 train_time:735ms step_avg:33.40ms
step:23/1288 train_time:763ms step_avg:33.16ms
step:24/1288 train_time:800ms step_avg:33.32ms
step:25/1288 train_time:828ms step_avg:33.11ms
step:26/1288 train_time:865ms step_avg:33.26ms
step:27/1288 train_time:893ms step_avg:33.08ms
step:28/1288 train_time:930ms step_avg:33.22ms
step:29/1288 train_time:959ms step_avg:33.05ms
step:30/1288 train_time:996ms step_avg:33.19ms
step:31/1288 train_time:1024ms step_avg:33.02ms
step:32/1288 train_time:1061ms step_avg:33.17ms
step:33/1288 train_time:1090ms step_avg:33.02ms
step:34/1288 train_time:1127ms step_avg:33.14ms
step:35/1288 train_time:1155ms step_avg:33.00ms
step:36/1288 train_time:1192ms step_avg:33.12ms
step:37/1288 train_time:1220ms step_avg:32.98ms
step:38/1288 train_time:1257ms step_avg:33.08ms
step:39/1288 train_time:1285ms step_avg:32.96ms
step:40/1288 train_time:1322ms step_avg:33.05ms
step:41/1288 train_time:1350ms step_avg:32.93ms
step:42/1288 train_time:1387ms step_avg:33.03ms
step:43/1288 train_time:1415ms step_avg:32.91ms
step:44/1288 train_time:1452ms step_avg:33.01ms
step:45/1288 train_time:1480ms step_avg:32.90ms
step:46/1288 train_time:1517ms step_avg:32.98ms
step:47/1288 train_time:1545ms step_avg:32.88ms
step:48/1288 train_time:1582ms step_avg:32.96ms
step:49/1288 train_time:1610ms step_avg:32.85ms
step:50/1288 train_time:1647ms step_avg:32.94ms
step:51/1288 train_time:1676ms step_avg:32.86ms
step:52/1288 train_time:1712ms step_avg:32.93ms
step:53/1288 train_time:1741ms step_avg:32.85ms
step:54/1288 train_time:1778ms step_avg:32.93ms
step:55/1288 train_time:1805ms step_avg:32.83ms
step:56/1288 train_time:1843ms step_avg:32.90ms
step:57/1288 train_time:1870ms step_avg:32.81ms
step:58/1288 train_time:1908ms step_avg:32.89ms
step:59/1288 train_time:1936ms step_avg:32.82ms
step:60/1288 train_time:1973ms step_avg:32.88ms
step:61/1288 train_time:2001ms step_avg:32.80ms
step:62/1288 train_time:2038ms step_avg:32.87ms
step:63/1288 train_time:2066ms step_avg:32.80ms
step:64/1288 train_time:2104ms step_avg:32.87ms
step:65/1288 train_time:2132ms step_avg:32.80ms
step:66/1288 train_time:2169ms step_avg:32.86ms
step:67/1288 train_time:2197ms step_avg:32.79ms
step:68/1288 train_time:2234ms step_avg:32.85ms
step:69/1288 train_time:2261ms step_avg:32.78ms
step:70/1288 train_time:2299ms step_avg:32.84ms
step:71/1288 train_time:2327ms step_avg:32.77ms
step:72/1288 train_time:2364ms step_avg:32.83ms
step:73/1288 train_time:2392ms step_avg:32.77ms
step:74/1288 train_time:2429ms step_avg:32.83ms
step:75/1288 train_time:2458ms step_avg:32.77ms
step:76/1288 train_time:2494ms step_avg:32.82ms
step:77/1288 train_time:2522ms step_avg:32.76ms
step:78/1288 train_time:2559ms step_avg:32.81ms
step:79/1288 train_time:2587ms step_avg:32.75ms
step:80/1288 train_time:2624ms step_avg:32.80ms
step:81/1288 train_time:2652ms step_avg:32.74ms
step:82/1288 train_time:2690ms step_avg:32.80ms
step:83/1288 train_time:2718ms step_avg:32.75ms
step:84/1288 train_time:2755ms step_avg:32.80ms
step:85/1288 train_time:2783ms step_avg:32.74ms
step:86/1288 train_time:2820ms step_avg:32.79ms
step:87/1288 train_time:2848ms step_avg:32.74ms
step:88/1288 train_time:2885ms step_avg:32.78ms
step:89/1288 train_time:2913ms step_avg:32.73ms
step:90/1288 train_time:2950ms step_avg:32.78ms
step:91/1288 train_time:2978ms step_avg:32.73ms
step:92/1288 train_time:3015ms step_avg:32.77ms
step:93/1288 train_time:3043ms step_avg:32.72ms
step:94/1288 train_time:3080ms step_avg:32.77ms
step:95/1288 train_time:3109ms step_avg:32.72ms
step:96/1288 train_time:3146ms step_avg:32.77ms
step:97/1288 train_time:3173ms step_avg:32.71ms
step:98/1288 train_time:3211ms step_avg:32.76ms
step:99/1288 train_time:3239ms step_avg:32.71ms
step:100/1288 train_time:3276ms step_avg:32.76ms
step:101/1288 train_time:3304ms step_avg:32.71ms
step:102/1288 train_time:3341ms step_avg:32.75ms
step:103/1288 train_time:3368ms step_avg:32.70ms
step:104/1288 train_time:3406ms step_avg:32.75ms
step:105/1288 train_time:3434ms step_avg:32.71ms
step:106/1288 train_time:3471ms step_avg:32.75ms
step:107/1288 train_time:3499ms step_avg:32.70ms
step:108/1288 train_time:3536ms step_avg:32.74ms
step:109/1288 train_time:3564ms step_avg:32.70ms
step:110/1288 train_time:3601ms step_avg:32.74ms
step:111/1288 train_time:3629ms step_avg:32.69ms
step:112/1288 train_time:3666ms step_avg:32.73ms
step:113/1288 train_time:3694ms step_avg:32.69ms
step:114/1288 train_time:3731ms step_avg:32.73ms
step:115/1288 train_time:3759ms step_avg:32.69ms
step:116/1288 train_time:3796ms step_avg:32.72ms
step:117/1288 train_time:3824ms step_avg:32.68ms
step:118/1288 train_time:3861ms step_avg:32.72ms
step:119/1288 train_time:3889ms step_avg:32.68ms
step:120/1288 train_time:3926ms step_avg:32.72ms
step:121/1288 train_time:3954ms step_avg:32.68ms
step:122/1288 train_time:3991ms step_avg:32.71ms
step:123/1288 train_time:4019ms step_avg:32.68ms
step:124/1288 train_time:4056ms step_avg:32.71ms
step:125/1288 train_time:4084ms step_avg:32.67ms
step:126/1288 train_time:4121ms step_avg:32.70ms
step:127/1288 train_time:4149ms step_avg:32.67ms
step:128/1288 train_time:4186ms step_avg:32.71ms
step:129/1288 train_time:4215ms step_avg:32.67ms
step:130/1288 train_time:4252ms step_avg:32.70ms
step:131/1288 train_time:4280ms step_avg:32.67ms
step:132/1288 train_time:4317ms step_avg:32.70ms
step:133/1288 train_time:4345ms step_avg:32.67ms
step:134/1288 train_time:4382ms step_avg:32.70ms
step:135/1288 train_time:4410ms step_avg:32.67ms
step:136/1288 train_time:4447ms step_avg:32.70ms
step:137/1288 train_time:4475ms step_avg:32.66ms
step:138/1288 train_time:4512ms step_avg:32.70ms
step:139/1288 train_time:4540ms step_avg:32.66ms
step:140/1288 train_time:4577ms step_avg:32.69ms
step:141/1288 train_time:4605ms step_avg:32.66ms
step:142/1288 train_time:4642ms step_avg:32.69ms
step:143/1288 train_time:4670ms step_avg:32.66ms
step:144/1288 train_time:4707ms step_avg:32.69ms
step:145/1288 train_time:4735ms step_avg:32.66ms
step:146/1288 train_time:4772ms step_avg:32.69ms
step:147/1288 train_time:4800ms step_avg:32.66ms
step:148/1288 train_time:4837ms step_avg:32.68ms
step:149/1288 train_time:4865ms step_avg:32.65ms
step:150/1288 train_time:4902ms step_avg:32.68ms
step:151/1288 train_time:4930ms step_avg:32.65ms
step:152/1288 train_time:4967ms step_avg:32.68ms
step:153/1288 train_time:4995ms step_avg:32.65ms
step:154/1288 train_time:5032ms step_avg:32.67ms
step:155/1288 train_time:5060ms step_avg:32.65ms
step:156/1288 train_time:5097ms step_avg:32.67ms
step:157/1288 train_time:5125ms step_avg:32.64ms
step:158/1288 train_time:5162ms step_avg:32.67ms
step:159/1288 train_time:5190ms step_avg:32.64ms
step:160/1288 train_time:5227ms step_avg:32.67ms
step:161/1288 train_time:5255ms step_avg:32.64ms
step:162/1288 train_time:5293ms step_avg:32.67ms
step:163/1288 train_time:5321ms step_avg:32.64ms
step:164/1288 train_time:5358ms step_avg:32.67ms
step:165/1288 train_time:5386ms step_avg:32.64ms
step:166/1288 train_time:5423ms step_avg:32.67ms
step:167/1288 train_time:5450ms step_avg:32.64ms
step:168/1288 train_time:5488ms step_avg:32.66ms
step:169/1288 train_time:5515ms step_avg:32.63ms
step:170/1288 train_time:5552ms step_avg:32.66ms
step:171/1288 train_time:5580ms step_avg:32.63ms
step:172/1288 train_time:5617ms step_avg:32.66ms
step:173/1288 train_time:5645ms step_avg:32.63ms
step:174/1288 train_time:5682ms step_avg:32.66ms
step:175/1288 train_time:5711ms step_avg:32.63ms
step:176/1288 train_time:5747ms step_avg:32.65ms
step:177/1288 train_time:5775ms step_avg:32.63ms
step:178/1288 train_time:5813ms step_avg:32.65ms
step:179/1288 train_time:5840ms step_avg:32.63ms
step:180/1288 train_time:5877ms step_avg:32.65ms
step:181/1288 train_time:5905ms step_avg:32.62ms
step:182/1288 train_time:5942ms step_avg:32.65ms
step:183/1288 train_time:5970ms step_avg:32.62ms
step:184/1288 train_time:6007ms step_avg:32.65ms
step:185/1288 train_time:6035ms step_avg:32.62ms
step:186/1288 train_time:6072ms step_avg:32.65ms
step:187/1288 train_time:6100ms step_avg:32.62ms
step:188/1288 train_time:6137ms step_avg:32.64ms
step:189/1288 train_time:6165ms step_avg:32.62ms
step:190/1288 train_time:6202ms step_avg:32.64ms
step:191/1288 train_time:6230ms step_avg:32.62ms
step:192/1288 train_time:6267ms step_avg:32.64ms
step:193/1288 train_time:6295ms step_avg:32.62ms
step:194/1288 train_time:6332ms step_avg:32.64ms
step:195/1288 train_time:6360ms step_avg:32.62ms
step:196/1288 train_time:6397ms step_avg:32.64ms
step:197/1288 train_time:6425ms step_avg:32.61ms
step:198/1288 train_time:6462ms step_avg:32.64ms
step:199/1288 train_time:6490ms step_avg:32.61ms
step:200/1288 train_time:6527ms step_avg:32.64ms
step:201/1288 train_time:6555ms step_avg:32.61ms
step:202/1288 train_time:6592ms step_avg:32.63ms
step:203/1288 train_time:6619ms step_avg:32.61ms
step:204/1288 train_time:6656ms step_avg:32.63ms
step:205/1288 train_time:6684ms step_avg:32.61ms
step:206/1288 train_time:6721ms step_avg:32.63ms
step:207/1288 train_time:6749ms step_avg:32.60ms
step:208/1288 train_time:6786ms step_avg:32.63ms
step:209/1288 train_time:6814ms step_avg:32.60ms
step:210/1288 train_time:6851ms step_avg:32.62ms
step:211/1288 train_time:6878ms step_avg:32.60ms
step:212/1288 train_time:6915ms step_avg:32.62ms
step:213/1288 train_time:6943ms step_avg:32.60ms
step:214/1288 train_time:6980ms step_avg:32.62ms
step:215/1288 train_time:7008ms step_avg:32.59ms
step:216/1288 train_time:7045ms step_avg:32.61ms
step:217/1288 train_time:7073ms step_avg:32.59ms
step:218/1288 train_time:7110ms step_avg:32.61ms
step:219/1288 train_time:7138ms step_avg:32.59ms
step:220/1288 train_time:7175ms step_avg:32.61ms
step:221/1288 train_time:7203ms step_avg:32.59ms
step:222/1288 train_time:7239ms step_avg:32.61ms
step:223/1288 train_time:7267ms step_avg:32.59ms
step:224/1288 train_time:7305ms step_avg:32.61ms
step:225/1288 train_time:7333ms step_avg:32.59ms
step:226/1288 train_time:7370ms step_avg:32.61ms
step:227/1288 train_time:7398ms step_avg:32.59ms
step:228/1288 train_time:7435ms step_avg:32.61ms
step:229/1288 train_time:7463ms step_avg:32.59ms
step:230/1288 train_time:7500ms step_avg:32.61ms
step:231/1288 train_time:7527ms step_avg:32.59ms
step:232/1288 train_time:7565ms step_avg:32.61ms
step:233/1288 train_time:7592ms step_avg:32.58ms
step:234/1288 train_time:7629ms step_avg:32.60ms
step:235/1288 train_time:7657ms step_avg:32.58ms
step:236/1288 train_time:7694ms step_avg:32.60ms
step:237/1288 train_time:7722ms step_avg:32.58ms
step:238/1288 train_time:7758ms step_avg:32.60ms
step:239/1288 train_time:7786ms step_avg:32.58ms
step:240/1288 train_time:7823ms step_avg:32.60ms
step:241/1288 train_time:7851ms step_avg:32.58ms
step:242/1288 train_time:7888ms step_avg:32.59ms
step:243/1288 train_time:7916ms step_avg:32.58ms
step:244/1288 train_time:7953ms step_avg:32.59ms
step:245/1288 train_time:7981ms step_avg:32.57ms
step:246/1288 train_time:8018ms step_avg:32.59ms
step:247/1288 train_time:8045ms step_avg:32.57ms
step:248/1288 train_time:8082ms step_avg:32.59ms
step:249/1288 train_time:8111ms step_avg:32.57ms
step:250/1288 train_time:8147ms step_avg:32.59ms
step:250/1288 val_loss:4.4232 train_time:8185ms step_avg:32.74ms
step:251/1288 train_time:8204ms step_avg:32.69ms
step:252/1288 train_time:8225ms step_avg:32.64ms
step:253/1288 train_time:8244ms step_avg:32.58ms
step:254/1288 train_time:8283ms step_avg:32.61ms
step:255/1288 train_time:8311ms step_avg:32.59ms
step:256/1288 train_time:8348ms step_avg:32.61ms
step:257/1288 train_time:8376ms step_avg:32.59ms
step:258/1288 train_time:8413ms step_avg:32.61ms
step:259/1288 train_time:8441ms step_avg:32.59ms
step:260/1288 train_time:8478ms step_avg:32.61ms
step:261/1288 train_time:8505ms step_avg:32.59ms
step:262/1288 train_time:8542ms step_avg:32.60ms
step:263/1288 train_time:8570ms step_avg:32.59ms
step:264/1288 train_time:8607ms step_avg:32.60ms
step:265/1288 train_time:8635ms step_avg:32.59ms
step:266/1288 train_time:8672ms step_avg:32.60ms
step:267/1288 train_time:8700ms step_avg:32.58ms
step:268/1288 train_time:8737ms step_avg:32.60ms
step:269/1288 train_time:8764ms step_avg:32.58ms
step:270/1288 train_time:8801ms step_avg:32.60ms
step:271/1288 train_time:8829ms step_avg:32.58ms
step:272/1288 train_time:8866ms step_avg:32.59ms
step:273/1288 train_time:8894ms step_avg:32.58ms
step:274/1288 train_time:8930ms step_avg:32.59ms
step:275/1288 train_time:8958ms step_avg:32.58ms
step:276/1288 train_time:8995ms step_avg:32.59ms
step:277/1288 train_time:9023ms step_avg:32.57ms
step:278/1288 train_time:9059ms step_avg:32.59ms
step:279/1288 train_time:9087ms step_avg:32.57ms
step:280/1288 train_time:9124ms step_avg:32.59ms
step:281/1288 train_time:9152ms step_avg:32.57ms
step:282/1288 train_time:9189ms step_avg:32.58ms
step:283/1288 train_time:9217ms step_avg:32.57ms
step:284/1288 train_time:9253ms step_avg:32.58ms
step:285/1288 train_time:9282ms step_avg:32.57ms
step:286/1288 train_time:9319ms step_avg:32.58ms
step:287/1288 train_time:9347ms step_avg:32.57ms
step:288/1288 train_time:9384ms step_avg:32.58ms
step:289/1288 train_time:9412ms step_avg:32.57ms
step:290/1288 train_time:9449ms step_avg:32.58ms
step:291/1288 train_time:9477ms step_avg:32.57ms
step:292/1288 train_time:9514ms step_avg:32.58ms
step:293/1288 train_time:9542ms step_avg:32.57ms
step:294/1288 train_time:9578ms step_avg:32.58ms
step:295/1288 train_time:9606ms step_avg:32.56ms
step:296/1288 train_time:9643ms step_avg:32.58ms
step:297/1288 train_time:9671ms step_avg:32.56ms
step:298/1288 train_time:9708ms step_avg:32.58ms
step:299/1288 train_time:9736ms step_avg:32.56ms
step:300/1288 train_time:9773ms step_avg:32.58ms
step:301/1288 train_time:9801ms step_avg:32.56ms
step:302/1288 train_time:9838ms step_avg:32.58ms
step:303/1288 train_time:9866ms step_avg:32.56ms
step:304/1288 train_time:9903ms step_avg:32.58ms
step:305/1288 train_time:9931ms step_avg:32.56ms
step:306/1288 train_time:9967ms step_avg:32.57ms
step:307/1288 train_time:9995ms step_avg:32.56ms
step:308/1288 train_time:10032ms step_avg:32.57ms
step:309/1288 train_time:10060ms step_avg:32.56ms
step:310/1288 train_time:10097ms step_avg:32.57ms
step:311/1288 train_time:10124ms step_avg:32.55ms
step:312/1288 train_time:10161ms step_avg:32.57ms
step:313/1288 train_time:10189ms step_avg:32.55ms
step:314/1288 train_time:10227ms step_avg:32.57ms
step:315/1288 train_time:10254ms step_avg:32.55ms
step:316/1288 train_time:10291ms step_avg:32.57ms
step:317/1288 train_time:10319ms step_avg:32.55ms
step:318/1288 train_time:10356ms step_avg:32.57ms
step:319/1288 train_time:10384ms step_avg:32.55ms
step:320/1288 train_time:10421ms step_avg:32.56ms
step:321/1288 train_time:10449ms step_avg:32.55ms
step:322/1288 train_time:10486ms step_avg:32.56ms
step:323/1288 train_time:10514ms step_avg:32.55ms
step:324/1288 train_time:10550ms step_avg:32.56ms
step:325/1288 train_time:10578ms step_avg:32.55ms
step:326/1288 train_time:10615ms step_avg:32.56ms
step:327/1288 train_time:10643ms step_avg:32.55ms
step:328/1288 train_time:10679ms step_avg:32.56ms
step:329/1288 train_time:10707ms step_avg:32.54ms
step:330/1288 train_time:10744ms step_avg:32.56ms
step:331/1288 train_time:10772ms step_avg:32.54ms
step:332/1288 train_time:10809ms step_avg:32.56ms
step:333/1288 train_time:10837ms step_avg:32.54ms
step:334/1288 train_time:10874ms step_avg:32.56ms
step:335/1288 train_time:10902ms step_avg:32.54ms
step:336/1288 train_time:10940ms step_avg:32.56ms
step:337/1288 train_time:10967ms step_avg:32.54ms
step:338/1288 train_time:11004ms step_avg:32.56ms
step:339/1288 train_time:11032ms step_avg:32.54ms
step:340/1288 train_time:11069ms step_avg:32.56ms
step:341/1288 train_time:11097ms step_avg:32.54ms
step:342/1288 train_time:11134ms step_avg:32.55ms
step:343/1288 train_time:11161ms step_avg:32.54ms
step:344/1288 train_time:11198ms step_avg:32.55ms
step:345/1288 train_time:11226ms step_avg:32.54ms
step:346/1288 train_time:11263ms step_avg:32.55ms
step:347/1288 train_time:11291ms step_avg:32.54ms
step:348/1288 train_time:11328ms step_avg:32.55ms
step:349/1288 train_time:11356ms step_avg:32.54ms
step:350/1288 train_time:11393ms step_avg:32.55ms
step:351/1288 train_time:11420ms step_avg:32.54ms
step:352/1288 train_time:11457ms step_avg:32.55ms
step:353/1288 train_time:11485ms step_avg:32.54ms
step:354/1288 train_time:11522ms step_avg:32.55ms
step:355/1288 train_time:11550ms step_avg:32.54ms
step:356/1288 train_time:11587ms step_avg:32.55ms
step:357/1288 train_time:11614ms step_avg:32.53ms
step:358/1288 train_time:11651ms step_avg:32.55ms
step:359/1288 train_time:11679ms step_avg:32.53ms
step:360/1288 train_time:11716ms step_avg:32.54ms
step:361/1288 train_time:11744ms step_avg:32.53ms
step:362/1288 train_time:11781ms step_avg:32.54ms
step:363/1288 train_time:11808ms step_avg:32.53ms
step:364/1288 train_time:11845ms step_avg:32.54ms
step:365/1288 train_time:11873ms step_avg:32.53ms
step:366/1288 train_time:11910ms step_avg:32.54ms
step:367/1288 train_time:11938ms step_avg:32.53ms
step:368/1288 train_time:11975ms step_avg:32.54ms
step:369/1288 train_time:12003ms step_avg:32.53ms
step:370/1288 train_time:12040ms step_avg:32.54ms
step:371/1288 train_time:12068ms step_avg:32.53ms
step:372/1288 train_time:12105ms step_avg:32.54ms
step:373/1288 train_time:12133ms step_avg:32.53ms
step:374/1288 train_time:12170ms step_avg:32.54ms
step:375/1288 train_time:12198ms step_avg:32.53ms
step:376/1288 train_time:12235ms step_avg:32.54ms
step:377/1288 train_time:12263ms step_avg:32.53ms
step:378/1288 train_time:12300ms step_avg:32.54ms
step:379/1288 train_time:12328ms step_avg:32.53ms
step:380/1288 train_time:12365ms step_avg:32.54ms
step:381/1288 train_time:12393ms step_avg:32.53ms
step:382/1288 train_time:12430ms step_avg:32.54ms
step:383/1288 train_time:12458ms step_avg:32.53ms
step:384/1288 train_time:12495ms step_avg:32.54ms
step:385/1288 train_time:12522ms step_avg:32.53ms
step:386/1288 train_time:12560ms step_avg:32.54ms
step:387/1288 train_time:12588ms step_avg:32.53ms
step:388/1288 train_time:12625ms step_avg:32.54ms
step:389/1288 train_time:12653ms step_avg:32.53ms
step:390/1288 train_time:12691ms step_avg:32.54ms
step:391/1288 train_time:12718ms step_avg:32.53ms
step:392/1288 train_time:12756ms step_avg:32.54ms
step:393/1288 train_time:12783ms step_avg:32.53ms
step:394/1288 train_time:12819ms step_avg:32.54ms
step:395/1288 train_time:12847ms step_avg:32.52ms
step:396/1288 train_time:12884ms step_avg:32.53ms
step:397/1288 train_time:12911ms step_avg:32.52ms
step:398/1288 train_time:12948ms step_avg:32.53ms
step:399/1288 train_time:12976ms step_avg:32.52ms
step:400/1288 train_time:13014ms step_avg:32.53ms
step:401/1288 train_time:13041ms step_avg:32.52ms
step:402/1288 train_time:13078ms step_avg:32.53ms
step:403/1288 train_time:13105ms step_avg:32.52ms
step:404/1288 train_time:13142ms step_avg:32.53ms
step:405/1288 train_time:13170ms step_avg:32.52ms
step:406/1288 train_time:13208ms step_avg:32.53ms
step:407/1288 train_time:13235ms step_avg:32.52ms
step:408/1288 train_time:13272ms step_avg:32.53ms
step:409/1288 train_time:13300ms step_avg:32.52ms
step:410/1288 train_time:13337ms step_avg:32.53ms
step:411/1288 train_time:13364ms step_avg:32.52ms
step:412/1288 train_time:13401ms step_avg:32.53ms
step:413/1288 train_time:13429ms step_avg:32.52ms
step:414/1288 train_time:13466ms step_avg:32.53ms
step:415/1288 train_time:13495ms step_avg:32.52ms
step:416/1288 train_time:13532ms step_avg:32.53ms
step:417/1288 train_time:13559ms step_avg:32.52ms
step:418/1288 train_time:13596ms step_avg:32.53ms
step:419/1288 train_time:13624ms step_avg:32.52ms
step:420/1288 train_time:13661ms step_avg:32.53ms
step:421/1288 train_time:13689ms step_avg:32.52ms
step:422/1288 train_time:13726ms step_avg:32.53ms
step:423/1288 train_time:13754ms step_avg:32.52ms
step:424/1288 train_time:13790ms step_avg:32.52ms
step:425/1288 train_time:13820ms step_avg:32.52ms
step:426/1288 train_time:13884ms step_avg:32.59ms
step:427/1288 train_time:13938ms step_avg:32.64ms
step:428/1288 train_time:13999ms step_avg:32.71ms
step:429/1288 train_time:14053ms step_avg:32.76ms
step:430/1288 train_time:14115ms step_avg:32.83ms
step:431/1288 train_time:14169ms step_avg:32.88ms
step:432/1288 train_time:14230ms step_avg:32.94ms
step:433/1288 train_time:14285ms step_avg:32.99ms
step:434/1288 train_time:14347ms step_avg:33.06ms
step:435/1288 train_time:14402ms step_avg:33.11ms
step:436/1288 train_time:14464ms step_avg:33.18ms
step:437/1288 train_time:14519ms step_avg:33.22ms
step:438/1288 train_time:14581ms step_avg:33.29ms
step:439/1288 train_time:14635ms step_avg:33.34ms
step:440/1288 train_time:14697ms step_avg:33.40ms
step:441/1288 train_time:14753ms step_avg:33.45ms
step:442/1288 train_time:14814ms step_avg:33.52ms
step:443/1288 train_time:14868ms step_avg:33.56ms
step:444/1288 train_time:14930ms step_avg:33.63ms
step:445/1288 train_time:14984ms step_avg:33.67ms
step:446/1288 train_time:15046ms step_avg:33.74ms
step:447/1288 train_time:15101ms step_avg:33.78ms
step:448/1288 train_time:15163ms step_avg:33.84ms
step:449/1288 train_time:15217ms step_avg:33.89ms
step:450/1288 train_time:15278ms step_avg:33.95ms
step:451/1288 train_time:15332ms step_avg:34.00ms
step:452/1288 train_time:15394ms step_avg:34.06ms
step:453/1288 train_time:15449ms step_avg:34.10ms
step:454/1288 train_time:15511ms step_avg:34.17ms
step:455/1288 train_time:15566ms step_avg:34.21ms
step:456/1288 train_time:15628ms step_avg:34.27ms
step:457/1288 train_time:15684ms step_avg:34.32ms
step:458/1288 train_time:15746ms step_avg:34.38ms
step:459/1288 train_time:15801ms step_avg:34.42ms
step:460/1288 train_time:15862ms step_avg:34.48ms
step:461/1288 train_time:15916ms step_avg:34.53ms
step:462/1288 train_time:15978ms step_avg:34.58ms
step:463/1288 train_time:16031ms step_avg:34.63ms
step:464/1288 train_time:16094ms step_avg:34.68ms
step:465/1288 train_time:16148ms step_avg:34.73ms
step:466/1288 train_time:16210ms step_avg:34.79ms
step:467/1288 train_time:16265ms step_avg:34.83ms
step:468/1288 train_time:16327ms step_avg:34.89ms
step:469/1288 train_time:16382ms step_avg:34.93ms
step:470/1288 train_time:16445ms step_avg:34.99ms
step:471/1288 train_time:16499ms step_avg:35.03ms
step:472/1288 train_time:16561ms step_avg:35.09ms
step:473/1288 train_time:16616ms step_avg:35.13ms
step:474/1288 train_time:16678ms step_avg:35.18ms
step:475/1288 train_time:16732ms step_avg:35.23ms
step:476/1288 train_time:16794ms step_avg:35.28ms
step:477/1288 train_time:16849ms step_avg:35.32ms
step:478/1288 train_time:16911ms step_avg:35.38ms
step:479/1288 train_time:16965ms step_avg:35.42ms
step:480/1288 train_time:17028ms step_avg:35.47ms
step:481/1288 train_time:17082ms step_avg:35.51ms
step:482/1288 train_time:17144ms step_avg:35.57ms
step:483/1288 train_time:17197ms step_avg:35.60ms
step:484/1288 train_time:17258ms step_avg:35.66ms
step:485/1288 train_time:17312ms step_avg:35.69ms
step:486/1288 train_time:17374ms step_avg:35.75ms
step:487/1288 train_time:17429ms step_avg:35.79ms
step:488/1288 train_time:17491ms step_avg:35.84ms
step:489/1288 train_time:17546ms step_avg:35.88ms
step:490/1288 train_time:17608ms step_avg:35.93ms
step:491/1288 train_time:17663ms step_avg:35.97ms
step:492/1288 train_time:17725ms step_avg:36.03ms
step:493/1288 train_time:17779ms step_avg:36.06ms
step:494/1288 train_time:17841ms step_avg:36.12ms
step:495/1288 train_time:17895ms step_avg:36.15ms
step:496/1288 train_time:17958ms step_avg:36.20ms
step:497/1288 train_time:18012ms step_avg:36.24ms
step:498/1288 train_time:18074ms step_avg:36.29ms
step:499/1288 train_time:18128ms step_avg:36.33ms
step:500/1288 train_time:18190ms step_avg:36.38ms
step:500/1288 val_loss:4.1052 train_time:18254ms step_avg:36.51ms
step:501/1288 train_time:18273ms step_avg:36.47ms
step:502/1288 train_time:18308ms step_avg:36.47ms
step:503/1288 train_time:18364ms step_avg:36.51ms
step:504/1288 train_time:18428ms step_avg:36.56ms
step:505/1288 train_time:18482ms step_avg:36.60ms
step:506/1288 train_time:18544ms step_avg:36.65ms
step:507/1288 train_time:18597ms step_avg:36.68ms
step:508/1288 train_time:18660ms step_avg:36.73ms
step:509/1288 train_time:18714ms step_avg:36.77ms
step:510/1288 train_time:18775ms step_avg:36.81ms
step:511/1288 train_time:18830ms step_avg:36.85ms
step:512/1288 train_time:18891ms step_avg:36.90ms
step:513/1288 train_time:18944ms step_avg:36.93ms
step:514/1288 train_time:19006ms step_avg:36.98ms
step:515/1288 train_time:19061ms step_avg:37.01ms
step:516/1288 train_time:19123ms step_avg:37.06ms
step:517/1288 train_time:19176ms step_avg:37.09ms
step:518/1288 train_time:19238ms step_avg:37.14ms
step:519/1288 train_time:19293ms step_avg:37.17ms
step:520/1288 train_time:19356ms step_avg:37.22ms
step:521/1288 train_time:19413ms step_avg:37.26ms
step:522/1288 train_time:19475ms step_avg:37.31ms
step:523/1288 train_time:19530ms step_avg:37.34ms
step:524/1288 train_time:19591ms step_avg:37.39ms
step:525/1288 train_time:19645ms step_avg:37.42ms
step:526/1288 train_time:19707ms step_avg:37.47ms
step:527/1288 train_time:19761ms step_avg:37.50ms
step:528/1288 train_time:19824ms step_avg:37.54ms
step:529/1288 train_time:19877ms step_avg:37.58ms
step:530/1288 train_time:19939ms step_avg:37.62ms
step:531/1288 train_time:19992ms step_avg:37.65ms
step:532/1288 train_time:20054ms step_avg:37.70ms
step:533/1288 train_time:20109ms step_avg:37.73ms
step:534/1288 train_time:20171ms step_avg:37.77ms
step:535/1288 train_time:20225ms step_avg:37.80ms
step:536/1288 train_time:20287ms step_avg:37.85ms
step:537/1288 train_time:20341ms step_avg:37.88ms
step:538/1288 train_time:20404ms step_avg:37.93ms
step:539/1288 train_time:20459ms step_avg:37.96ms
step:540/1288 train_time:20521ms step_avg:38.00ms
step:541/1288 train_time:20575ms step_avg:38.03ms
step:542/1288 train_time:20638ms step_avg:38.08ms
step:543/1288 train_time:20692ms step_avg:38.11ms
step:544/1288 train_time:20754ms step_avg:38.15ms
step:545/1288 train_time:20808ms step_avg:38.18ms
step:546/1288 train_time:20870ms step_avg:38.22ms
step:547/1288 train_time:20924ms step_avg:38.25ms
step:548/1288 train_time:20986ms step_avg:38.29ms
step:549/1288 train_time:21039ms step_avg:38.32ms
step:550/1288 train_time:21103ms step_avg:38.37ms
step:551/1288 train_time:21157ms step_avg:38.40ms
step:552/1288 train_time:21218ms step_avg:38.44ms
step:553/1288 train_time:21273ms step_avg:38.47ms
step:554/1288 train_time:21336ms step_avg:38.51ms
step:555/1288 train_time:21390ms step_avg:38.54ms
step:556/1288 train_time:21451ms step_avg:38.58ms
step:557/1288 train_time:21506ms step_avg:38.61ms
step:558/1288 train_time:21569ms step_avg:38.65ms
step:559/1288 train_time:21621ms step_avg:38.68ms
step:560/1288 train_time:21684ms step_avg:38.72ms
step:561/1288 train_time:21738ms step_avg:38.75ms
step:562/1288 train_time:21801ms step_avg:38.79ms
step:563/1288 train_time:21855ms step_avg:38.82ms
step:564/1288 train_time:21918ms step_avg:38.86ms
step:565/1288 train_time:21972ms step_avg:38.89ms
step:566/1288 train_time:22033ms step_avg:38.93ms
step:567/1288 train_time:22087ms step_avg:38.95ms
step:568/1288 train_time:22149ms step_avg:38.99ms
step:569/1288 train_time:22203ms step_avg:39.02ms
step:570/1288 train_time:22266ms step_avg:39.06ms
step:571/1288 train_time:22319ms step_avg:39.09ms
step:572/1288 train_time:22382ms step_avg:39.13ms
step:573/1288 train_time:22436ms step_avg:39.16ms
step:574/1288 train_time:22498ms step_avg:39.20ms
step:575/1288 train_time:22553ms step_avg:39.22ms
step:576/1288 train_time:22615ms step_avg:39.26ms
step:577/1288 train_time:22668ms step_avg:39.29ms
step:578/1288 train_time:22729ms step_avg:39.32ms
step:579/1288 train_time:22784ms step_avg:39.35ms
step:580/1288 train_time:22847ms step_avg:39.39ms
step:581/1288 train_time:22901ms step_avg:39.42ms
step:582/1288 train_time:22964ms step_avg:39.46ms
step:583/1288 train_time:23017ms step_avg:39.48ms
step:584/1288 train_time:23080ms step_avg:39.52ms
step:585/1288 train_time:23134ms step_avg:39.55ms
step:586/1288 train_time:23196ms step_avg:39.58ms
step:587/1288 train_time:23251ms step_avg:39.61ms
step:588/1288 train_time:23312ms step_avg:39.65ms
step:589/1288 train_time:23367ms step_avg:39.67ms
step:590/1288 train_time:23429ms step_avg:39.71ms
step:591/1288 train_time:23483ms step_avg:39.73ms
step:592/1288 train_time:23545ms step_avg:39.77ms
step:593/1288 train_time:23598ms step_avg:39.79ms
step:594/1288 train_time:23662ms step_avg:39.83ms
step:595/1288 train_time:23715ms step_avg:39.86ms
step:596/1288 train_time:23778ms step_avg:39.90ms
step:597/1288 train_time:23832ms step_avg:39.92ms
step:598/1288 train_time:23894ms step_avg:39.96ms
step:599/1288 train_time:23949ms step_avg:39.98ms
step:600/1288 train_time:24011ms step_avg:40.02ms
step:601/1288 train_time:24065ms step_avg:40.04ms
step:602/1288 train_time:24126ms step_avg:40.08ms
step:603/1288 train_time:24180ms step_avg:40.10ms
step:604/1288 train_time:24242ms step_avg:40.14ms
step:605/1288 train_time:24297ms step_avg:40.16ms
step:606/1288 train_time:24359ms step_avg:40.20ms
step:607/1288 train_time:24414ms step_avg:40.22ms
step:608/1288 train_time:24477ms step_avg:40.26ms
step:609/1288 train_time:24531ms step_avg:40.28ms
step:610/1288 train_time:24592ms step_avg:40.32ms
step:611/1288 train_time:24647ms step_avg:40.34ms
step:612/1288 train_time:24709ms step_avg:40.37ms
step:613/1288 train_time:24763ms step_avg:40.40ms
step:614/1288 train_time:24826ms step_avg:40.43ms
step:615/1288 train_time:24880ms step_avg:40.46ms
step:616/1288 train_time:24943ms step_avg:40.49ms
step:617/1288 train_time:24997ms step_avg:40.51ms
step:618/1288 train_time:25059ms step_avg:40.55ms
step:619/1288 train_time:25114ms step_avg:40.57ms
step:620/1288 train_time:25176ms step_avg:40.61ms
step:621/1288 train_time:25230ms step_avg:40.63ms
step:622/1288 train_time:25291ms step_avg:40.66ms
step:623/1288 train_time:25347ms step_avg:40.68ms
step:624/1288 train_time:25408ms step_avg:40.72ms
step:625/1288 train_time:25463ms step_avg:40.74ms
step:626/1288 train_time:25524ms step_avg:40.77ms
step:627/1288 train_time:25579ms step_avg:40.80ms
step:628/1288 train_time:25641ms step_avg:40.83ms
step:629/1288 train_time:25696ms step_avg:40.85ms
step:630/1288 train_time:25758ms step_avg:40.89ms
step:631/1288 train_time:25813ms step_avg:40.91ms
step:632/1288 train_time:25875ms step_avg:40.94ms
step:633/1288 train_time:25929ms step_avg:40.96ms
step:634/1288 train_time:25991ms step_avg:41.00ms
step:635/1288 train_time:26045ms step_avg:41.02ms
step:636/1288 train_time:26106ms step_avg:41.05ms
step:637/1288 train_time:26161ms step_avg:41.07ms
step:638/1288 train_time:26224ms step_avg:41.10ms
step:639/1288 train_time:26278ms step_avg:41.12ms
step:640/1288 train_time:26340ms step_avg:41.16ms
step:641/1288 train_time:26394ms step_avg:41.18ms
step:642/1288 train_time:26456ms step_avg:41.21ms
step:643/1288 train_time:26511ms step_avg:41.23ms
step:644/1288 train_time:26572ms step_avg:41.26ms
step:645/1288 train_time:26626ms step_avg:41.28ms
step:646/1288 train_time:26688ms step_avg:41.31ms
step:647/1288 train_time:26743ms step_avg:41.33ms
step:648/1288 train_time:26806ms step_avg:41.37ms
step:649/1288 train_time:26859ms step_avg:41.39ms
step:650/1288 train_time:26921ms step_avg:41.42ms
step:651/1288 train_time:26975ms step_avg:41.44ms
step:652/1288 train_time:27038ms step_avg:41.47ms
step:653/1288 train_time:27092ms step_avg:41.49ms
step:654/1288 train_time:27154ms step_avg:41.52ms
step:655/1288 train_time:27208ms step_avg:41.54ms
step:656/1288 train_time:27270ms step_avg:41.57ms
step:657/1288 train_time:27325ms step_avg:41.59ms
step:658/1288 train_time:27387ms step_avg:41.62ms
step:659/1288 train_time:27441ms step_avg:41.64ms
step:660/1288 train_time:27503ms step_avg:41.67ms
step:661/1288 train_time:27557ms step_avg:41.69ms
step:662/1288 train_time:27619ms step_avg:41.72ms
step:663/1288 train_time:27674ms step_avg:41.74ms
step:664/1288 train_time:27736ms step_avg:41.77ms
step:665/1288 train_time:27791ms step_avg:41.79ms
step:666/1288 train_time:27853ms step_avg:41.82ms
step:667/1288 train_time:27907ms step_avg:41.84ms
step:668/1288 train_time:27969ms step_avg:41.87ms
step:669/1288 train_time:28023ms step_avg:41.89ms
step:670/1288 train_time:28085ms step_avg:41.92ms
step:671/1288 train_time:28138ms step_avg:41.93ms
step:672/1288 train_time:28201ms step_avg:41.97ms
step:673/1288 train_time:28255ms step_avg:41.98ms
step:674/1288 train_time:28318ms step_avg:42.01ms
step:675/1288 train_time:28373ms step_avg:42.03ms
step:676/1288 train_time:28435ms step_avg:42.06ms
step:677/1288 train_time:28489ms step_avg:42.08ms
step:678/1288 train_time:28551ms step_avg:42.11ms
step:679/1288 train_time:28605ms step_avg:42.13ms
step:680/1288 train_time:28667ms step_avg:42.16ms
step:681/1288 train_time:28721ms step_avg:42.17ms
step:682/1288 train_time:28784ms step_avg:42.21ms
step:683/1288 train_time:28837ms step_avg:42.22ms
step:684/1288 train_time:28900ms step_avg:42.25ms
step:685/1288 train_time:28955ms step_avg:42.27ms
step:686/1288 train_time:29017ms step_avg:42.30ms
step:687/1288 train_time:29071ms step_avg:42.32ms
step:688/1288 train_time:29133ms step_avg:42.34ms
step:689/1288 train_time:29187ms step_avg:42.36ms
step:690/1288 train_time:29249ms step_avg:42.39ms
step:691/1288 train_time:29305ms step_avg:42.41ms
step:692/1288 train_time:29367ms step_avg:42.44ms
step:693/1288 train_time:29420ms step_avg:42.45ms
step:694/1288 train_time:29483ms step_avg:42.48ms
step:695/1288 train_time:29536ms step_avg:42.50ms
step:696/1288 train_time:29598ms step_avg:42.53ms
step:697/1288 train_time:29653ms step_avg:42.54ms
step:698/1288 train_time:29716ms step_avg:42.57ms
step:699/1288 train_time:29770ms step_avg:42.59ms
step:700/1288 train_time:29831ms step_avg:42.62ms
step:701/1288 train_time:29887ms step_avg:42.63ms
step:702/1288 train_time:29948ms step_avg:42.66ms
step:703/1288 train_time:30003ms step_avg:42.68ms
step:704/1288 train_time:30065ms step_avg:42.71ms
step:705/1288 train_time:30119ms step_avg:42.72ms
step:706/1288 train_time:30181ms step_avg:42.75ms
step:707/1288 train_time:30236ms step_avg:42.77ms
step:708/1288 train_time:30298ms step_avg:42.79ms
step:709/1288 train_time:30352ms step_avg:42.81ms
step:710/1288 train_time:30415ms step_avg:42.84ms
step:711/1288 train_time:30469ms step_avg:42.85ms
step:712/1288 train_time:30530ms step_avg:42.88ms
step:713/1288 train_time:30584ms step_avg:42.90ms
step:714/1288 train_time:30646ms step_avg:42.92ms
step:715/1288 train_time:30700ms step_avg:42.94ms
step:716/1288 train_time:30762ms step_avg:42.96ms
step:717/1288 train_time:30816ms step_avg:42.98ms
step:718/1288 train_time:30879ms step_avg:43.01ms
step:719/1288 train_time:30934ms step_avg:43.02ms
step:720/1288 train_time:30996ms step_avg:43.05ms
step:721/1288 train_time:31051ms step_avg:43.07ms
step:722/1288 train_time:31112ms step_avg:43.09ms
step:723/1288 train_time:31166ms step_avg:43.11ms
step:724/1288 train_time:31228ms step_avg:43.13ms
step:725/1288 train_time:31282ms step_avg:43.15ms
step:726/1288 train_time:31344ms step_avg:43.17ms
step:727/1288 train_time:31399ms step_avg:43.19ms
step:728/1288 train_time:31462ms step_avg:43.22ms
step:729/1288 train_time:31516ms step_avg:43.23ms
step:730/1288 train_time:31579ms step_avg:43.26ms
step:731/1288 train_time:31633ms step_avg:43.27ms
step:732/1288 train_time:31695ms step_avg:43.30ms
step:733/1288 train_time:31749ms step_avg:43.31ms
step:734/1288 train_time:31811ms step_avg:43.34ms
step:735/1288 train_time:31866ms step_avg:43.36ms
step:736/1288 train_time:31929ms step_avg:43.38ms
step:737/1288 train_time:31984ms step_avg:43.40ms
step:738/1288 train_time:32045ms step_avg:43.42ms
step:739/1288 train_time:32100ms step_avg:43.44ms
step:740/1288 train_time:32163ms step_avg:43.46ms
step:741/1288 train_time:32217ms step_avg:43.48ms
step:742/1288 train_time:32278ms step_avg:43.50ms
step:743/1288 train_time:32333ms step_avg:43.52ms
step:744/1288 train_time:32395ms step_avg:43.54ms
step:745/1288 train_time:32449ms step_avg:43.56ms
step:746/1288 train_time:32511ms step_avg:43.58ms
step:747/1288 train_time:32566ms step_avg:43.60ms
step:748/1288 train_time:32627ms step_avg:43.62ms
step:749/1288 train_time:32681ms step_avg:43.63ms
step:750/1288 train_time:32743ms step_avg:43.66ms
step:750/1288 val_loss:3.6994 train_time:32807ms step_avg:43.74ms
step:751/1288 train_time:32827ms step_avg:43.71ms
step:752/1288 train_time:32862ms step_avg:43.70ms
step:753/1288 train_time:32919ms step_avg:43.72ms
step:754/1288 train_time:32982ms step_avg:43.74ms
step:755/1288 train_time:33037ms step_avg:43.76ms
step:756/1288 train_time:33100ms step_avg:43.78ms
step:757/1288 train_time:33153ms step_avg:43.80ms
step:758/1288 train_time:33215ms step_avg:43.82ms
step:759/1288 train_time:33270ms step_avg:43.83ms
step:760/1288 train_time:33332ms step_avg:43.86ms
step:761/1288 train_time:33385ms step_avg:43.87ms
step:762/1288 train_time:33446ms step_avg:43.89ms
step:763/1288 train_time:33500ms step_avg:43.91ms
step:764/1288 train_time:33563ms step_avg:43.93ms
step:765/1288 train_time:33616ms step_avg:43.94ms
step:766/1288 train_time:33678ms step_avg:43.97ms
step:767/1288 train_time:33732ms step_avg:43.98ms
step:768/1288 train_time:33794ms step_avg:44.00ms
step:769/1288 train_time:33849ms step_avg:44.02ms
step:770/1288 train_time:33913ms step_avg:44.04ms
step:771/1288 train_time:33968ms step_avg:44.06ms
step:772/1288 train_time:34030ms step_avg:44.08ms
step:773/1288 train_time:34084ms step_avg:44.09ms
step:774/1288 train_time:34146ms step_avg:44.12ms
step:775/1288 train_time:34201ms step_avg:44.13ms
step:776/1288 train_time:34263ms step_avg:44.15ms
step:777/1288 train_time:34317ms step_avg:44.17ms
step:778/1288 train_time:34379ms step_avg:44.19ms
step:779/1288 train_time:34433ms step_avg:44.20ms
step:780/1288 train_time:34494ms step_avg:44.22ms
step:781/1288 train_time:34548ms step_avg:44.24ms
step:782/1288 train_time:34609ms step_avg:44.26ms
step:783/1288 train_time:34663ms step_avg:44.27ms
step:784/1288 train_time:34725ms step_avg:44.29ms
step:785/1288 train_time:34780ms step_avg:44.31ms
step:786/1288 train_time:34843ms step_avg:44.33ms
step:787/1288 train_time:34898ms step_avg:44.34ms
step:788/1288 train_time:34960ms step_avg:44.37ms
step:789/1288 train_time:35016ms step_avg:44.38ms
step:790/1288 train_time:35078ms step_avg:44.40ms
step:791/1288 train_time:35131ms step_avg:44.41ms
step:792/1288 train_time:35194ms step_avg:44.44ms
step:793/1288 train_time:35247ms step_avg:44.45ms
step:794/1288 train_time:35311ms step_avg:44.47ms
step:795/1288 train_time:35363ms step_avg:44.48ms
step:796/1288 train_time:35426ms step_avg:44.51ms
step:797/1288 train_time:35480ms step_avg:44.52ms
step:798/1288 train_time:35542ms step_avg:44.54ms
step:799/1288 train_time:35595ms step_avg:44.55ms
step:800/1288 train_time:35658ms step_avg:44.57ms
step:801/1288 train_time:35712ms step_avg:44.58ms
step:802/1288 train_time:35775ms step_avg:44.61ms
step:803/1288 train_time:35828ms step_avg:44.62ms
step:804/1288 train_time:35890ms step_avg:44.64ms
step:805/1288 train_time:35944ms step_avg:44.65ms
step:806/1288 train_time:36007ms step_avg:44.67ms
step:807/1288 train_time:36060ms step_avg:44.68ms
step:808/1288 train_time:36123ms step_avg:44.71ms
step:809/1288 train_time:36178ms step_avg:44.72ms
step:810/1288 train_time:36240ms step_avg:44.74ms
step:811/1288 train_time:36294ms step_avg:44.75ms
step:812/1288 train_time:36356ms step_avg:44.77ms
step:813/1288 train_time:36411ms step_avg:44.79ms
step:814/1288 train_time:36472ms step_avg:44.81ms
step:815/1288 train_time:36527ms step_avg:44.82ms
step:816/1288 train_time:36588ms step_avg:44.84ms
step:817/1288 train_time:36642ms step_avg:44.85ms
step:818/1288 train_time:36703ms step_avg:44.87ms
step:819/1288 train_time:36758ms step_avg:44.88ms
step:820/1288 train_time:36820ms step_avg:44.90ms
step:821/1288 train_time:36875ms step_avg:44.91ms
step:822/1288 train_time:36937ms step_avg:44.94ms
step:823/1288 train_time:36991ms step_avg:44.95ms
step:824/1288 train_time:37052ms step_avg:44.97ms
step:825/1288 train_time:37106ms step_avg:44.98ms
step:826/1288 train_time:37168ms step_avg:45.00ms
step:827/1288 train_time:37222ms step_avg:45.01ms
step:828/1288 train_time:37284ms step_avg:45.03ms
step:829/1288 train_time:37338ms step_avg:45.04ms
step:830/1288 train_time:37400ms step_avg:45.06ms
step:831/1288 train_time:37456ms step_avg:45.07ms
step:832/1288 train_time:37517ms step_avg:45.09ms
step:833/1288 train_time:37571ms step_avg:45.10ms
step:834/1288 train_time:37632ms step_avg:45.12ms
step:835/1288 train_time:37686ms step_avg:45.13ms
step:836/1288 train_time:37748ms step_avg:45.15ms
step:837/1288 train_time:37803ms step_avg:45.16ms
step:838/1288 train_time:37865ms step_avg:45.19ms
step:839/1288 train_time:37919ms step_avg:45.20ms
step:840/1288 train_time:37981ms step_avg:45.22ms
step:841/1288 train_time:38037ms step_avg:45.23ms
step:842/1288 train_time:38099ms step_avg:45.25ms
step:843/1288 train_time:38153ms step_avg:45.26ms
step:844/1288 train_time:38215ms step_avg:45.28ms
step:845/1288 train_time:38269ms step_avg:45.29ms
step:846/1288 train_time:38330ms step_avg:45.31ms
step:847/1288 train_time:38385ms step_avg:45.32ms
step:848/1288 train_time:38446ms step_avg:45.34ms
step:849/1288 train_time:38500ms step_avg:45.35ms
step:850/1288 train_time:38564ms step_avg:45.37ms
step:851/1288 train_time:38647ms step_avg:45.41ms
step:852/1288 train_time:38735ms step_avg:45.46ms
step:853/1288 train_time:38815ms step_avg:45.50ms
step:854/1288 train_time:38903ms step_avg:45.55ms
step:855/1288 train_time:38986ms step_avg:45.60ms
step:856/1288 train_time:39072ms step_avg:45.65ms
step:857/1288 train_time:39153ms step_avg:45.69ms
step:858/1288 train_time:39240ms step_avg:45.73ms
step:859/1288 train_time:39322ms step_avg:45.78ms
step:860/1288 train_time:39409ms step_avg:45.82ms
step:861/1288 train_time:39491ms step_avg:45.87ms
step:862/1288 train_time:39577ms step_avg:45.91ms
step:863/1288 train_time:39659ms step_avg:45.95ms
step:864/1288 train_time:39747ms step_avg:46.00ms
step:865/1288 train_time:39827ms step_avg:46.04ms
step:866/1288 train_time:39914ms step_avg:46.09ms
step:867/1288 train_time:39995ms step_avg:46.13ms
step:868/1288 train_time:40083ms step_avg:46.18ms
step:869/1288 train_time:40163ms step_avg:46.22ms
step:870/1288 train_time:40250ms step_avg:46.26ms
step:871/1288 train_time:40331ms step_avg:46.30ms
step:872/1288 train_time:40419ms step_avg:46.35ms
step:873/1288 train_time:40502ms step_avg:46.39ms
step:874/1288 train_time:40590ms step_avg:46.44ms
step:875/1288 train_time:40670ms step_avg:46.48ms
step:876/1288 train_time:40756ms step_avg:46.52ms
step:877/1288 train_time:40837ms step_avg:46.56ms
step:878/1288 train_time:40925ms step_avg:46.61ms
step:879/1288 train_time:41007ms step_avg:46.65ms
step:880/1288 train_time:41094ms step_avg:46.70ms
step:881/1288 train_time:41173ms step_avg:46.73ms
step:882/1288 train_time:41260ms step_avg:46.78ms
step:883/1288 train_time:41342ms step_avg:46.82ms
step:884/1288 train_time:41430ms step_avg:46.87ms
step:885/1288 train_time:41510ms step_avg:46.90ms
step:886/1288 train_time:41596ms step_avg:46.95ms
step:887/1288 train_time:41678ms step_avg:46.99ms
step:888/1288 train_time:41766ms step_avg:47.03ms
step:889/1288 train_time:41847ms step_avg:47.07ms
step:890/1288 train_time:41934ms step_avg:47.12ms
step:891/1288 train_time:42015ms step_avg:47.15ms
step:892/1288 train_time:42102ms step_avg:47.20ms
step:893/1288 train_time:42183ms step_avg:47.24ms
step:894/1288 train_time:42271ms step_avg:47.28ms
step:895/1288 train_time:42351ms step_avg:47.32ms
step:896/1288 train_time:42439ms step_avg:47.36ms
step:897/1288 train_time:42521ms step_avg:47.40ms
step:898/1288 train_time:42608ms step_avg:47.45ms
step:899/1288 train_time:42689ms step_avg:47.48ms
step:900/1288 train_time:42775ms step_avg:47.53ms
step:901/1288 train_time:42856ms step_avg:47.56ms
step:902/1288 train_time:42944ms step_avg:47.61ms
step:903/1288 train_time:43025ms step_avg:47.65ms
step:904/1288 train_time:43112ms step_avg:47.69ms
step:905/1288 train_time:43192ms step_avg:47.73ms
step:906/1288 train_time:43280ms step_avg:47.77ms
step:907/1288 train_time:43362ms step_avg:47.81ms
step:908/1288 train_time:43449ms step_avg:47.85ms
step:909/1288 train_time:43530ms step_avg:47.89ms
step:910/1288 train_time:43616ms step_avg:47.93ms
step:911/1288 train_time:43698ms step_avg:47.97ms
step:912/1288 train_time:43785ms step_avg:48.01ms
step:913/1288 train_time:43866ms step_avg:48.05ms
step:914/1288 train_time:43953ms step_avg:48.09ms
step:915/1288 train_time:44033ms step_avg:48.12ms
step:916/1288 train_time:44122ms step_avg:48.17ms
step:917/1288 train_time:44203ms step_avg:48.20ms
step:918/1288 train_time:44290ms step_avg:48.25ms
step:919/1288 train_time:44369ms step_avg:48.28ms
step:920/1288 train_time:44458ms step_avg:48.32ms
step:921/1288 train_time:44540ms step_avg:48.36ms
step:922/1288 train_time:44628ms step_avg:48.40ms
step:923/1288 train_time:44709ms step_avg:48.44ms
step:924/1288 train_time:44795ms step_avg:48.48ms
step:925/1288 train_time:44875ms step_avg:48.51ms
step:926/1288 train_time:44963ms step_avg:48.56ms
step:927/1288 train_time:45045ms step_avg:48.59ms
step:928/1288 train_time:45133ms step_avg:48.63ms
step:929/1288 train_time:45214ms step_avg:48.67ms
step:930/1288 train_time:45301ms step_avg:48.71ms
step:931/1288 train_time:45382ms step_avg:48.75ms
step:932/1288 train_time:45471ms step_avg:48.79ms
step:933/1288 train_time:45553ms step_avg:48.82ms
step:934/1288 train_time:45641ms step_avg:48.87ms
step:935/1288 train_time:45722ms step_avg:48.90ms
step:936/1288 train_time:45809ms step_avg:48.94ms
step:937/1288 train_time:45890ms step_avg:48.98ms
step:938/1288 train_time:45976ms step_avg:49.01ms
step:939/1288 train_time:46057ms step_avg:49.05ms
step:940/1288 train_time:46144ms step_avg:49.09ms
step:941/1288 train_time:46225ms step_avg:49.12ms
step:942/1288 train_time:46313ms step_avg:49.16ms
step:943/1288 train_time:46394ms step_avg:49.20ms
step:944/1288 train_time:46481ms step_avg:49.24ms
step:945/1288 train_time:46563ms step_avg:49.27ms
step:946/1288 train_time:46650ms step_avg:49.31ms
step:947/1288 train_time:46731ms step_avg:49.35ms
step:948/1288 train_time:46818ms step_avg:49.39ms
step:949/1288 train_time:46901ms step_avg:49.42ms
step:950/1288 train_time:46989ms step_avg:49.46ms
step:951/1288 train_time:47069ms step_avg:49.49ms
step:952/1288 train_time:47156ms step_avg:49.53ms
step:953/1288 train_time:47236ms step_avg:49.57ms
step:954/1288 train_time:47324ms step_avg:49.61ms
step:955/1288 train_time:47406ms step_avg:49.64ms
step:956/1288 train_time:47493ms step_avg:49.68ms
step:957/1288 train_time:47574ms step_avg:49.71ms
step:958/1288 train_time:47662ms step_avg:49.75ms
step:959/1288 train_time:47743ms step_avg:49.78ms
step:960/1288 train_time:47831ms step_avg:49.82ms
step:961/1288 train_time:47912ms step_avg:49.86ms
step:962/1288 train_time:47999ms step_avg:49.90ms
step:963/1288 train_time:48080ms step_avg:49.93ms
step:964/1288 train_time:48167ms step_avg:49.97ms
step:965/1288 train_time:48247ms step_avg:50.00ms
step:966/1288 train_time:48334ms step_avg:50.04ms
step:967/1288 train_time:48414ms step_avg:50.07ms
step:968/1288 train_time:48502ms step_avg:50.11ms
step:969/1288 train_time:48584ms step_avg:50.14ms
step:970/1288 train_time:48672ms step_avg:50.18ms
step:971/1288 train_time:48752ms step_avg:50.21ms
step:972/1288 train_time:48841ms step_avg:50.25ms
step:973/1288 train_time:48923ms step_avg:50.28ms
step:974/1288 train_time:49011ms step_avg:50.32ms
step:975/1288 train_time:49092ms step_avg:50.35ms
step:976/1288 train_time:49179ms step_avg:50.39ms
step:977/1288 train_time:49261ms step_avg:50.42ms
step:978/1288 train_time:49348ms step_avg:50.46ms
step:979/1288 train_time:49429ms step_avg:50.49ms
step:980/1288 train_time:49515ms step_avg:50.53ms
step:981/1288 train_time:49597ms step_avg:50.56ms
step:982/1288 train_time:49683ms step_avg:50.59ms
step:983/1288 train_time:49764ms step_avg:50.62ms
step:984/1288 train_time:49852ms step_avg:50.66ms
step:985/1288 train_time:49934ms step_avg:50.69ms
step:986/1288 train_time:50022ms step_avg:50.73ms
step:987/1288 train_time:50103ms step_avg:50.76ms
step:988/1288 train_time:50190ms step_avg:50.80ms
step:989/1288 train_time:50271ms step_avg:50.83ms
step:990/1288 train_time:50358ms step_avg:50.87ms
step:991/1288 train_time:50441ms step_avg:50.90ms
step:992/1288 train_time:50528ms step_avg:50.94ms
step:993/1288 train_time:50609ms step_avg:50.97ms
step:994/1288 train_time:50696ms step_avg:51.00ms
step:995/1288 train_time:50776ms step_avg:51.03ms
step:996/1288 train_time:50862ms step_avg:51.07ms
step:997/1288 train_time:50945ms step_avg:51.10ms
step:998/1288 train_time:51033ms step_avg:51.14ms
step:999/1288 train_time:51113ms step_avg:51.16ms
step:1000/1288 train_time:51201ms step_avg:51.20ms
step:1000/1288 val_loss:3.4248 train_time:51294ms step_avg:51.29ms
step:1001/1288 train_time:51315ms step_avg:51.26ms
step:1002/1288 train_time:51376ms step_avg:51.27ms
step:1003/1288 train_time:51460ms step_avg:51.31ms
step:1004/1288 train_time:51547ms step_avg:51.34ms
step:1005/1288 train_time:51627ms step_avg:51.37ms
step:1006/1288 train_time:51713ms step_avg:51.40ms
step:1007/1288 train_time:51793ms step_avg:51.43ms
step:1008/1288 train_time:51881ms step_avg:51.47ms
step:1009/1288 train_time:51961ms step_avg:51.50ms
step:1010/1288 train_time:52047ms step_avg:51.53ms
step:1011/1288 train_time:52126ms step_avg:51.56ms
step:1012/1288 train_time:52215ms step_avg:51.60ms
step:1013/1288 train_time:52299ms step_avg:51.63ms
step:1014/1288 train_time:52389ms step_avg:51.67ms
step:1015/1288 train_time:52471ms step_avg:51.70ms
step:1016/1288 train_time:52559ms step_avg:51.73ms
step:1017/1288 train_time:52640ms step_avg:51.76ms
step:1018/1288 train_time:52726ms step_avg:51.79ms
step:1019/1288 train_time:52806ms step_avg:51.82ms
step:1020/1288 train_time:52893ms step_avg:51.86ms
step:1021/1288 train_time:52974ms step_avg:51.88ms
step:1022/1288 train_time:53061ms step_avg:51.92ms
step:1023/1288 train_time:53142ms step_avg:51.95ms
step:1024/1288 train_time:53229ms step_avg:51.98ms
step:1025/1288 train_time:53312ms step_avg:52.01ms
step:1026/1288 train_time:53402ms step_avg:52.05ms
step:1027/1288 train_time:53483ms step_avg:52.08ms
step:1028/1288 train_time:53570ms step_avg:52.11ms
step:1029/1288 train_time:53651ms step_avg:52.14ms
step:1030/1288 train_time:53739ms step_avg:52.17ms
step:1031/1288 train_time:53820ms step_avg:52.20ms
step:1032/1288 train_time:53906ms step_avg:52.23ms
step:1033/1288 train_time:53987ms step_avg:52.26ms
step:1034/1288 train_time:54072ms step_avg:52.29ms
step:1035/1288 train_time:54154ms step_avg:52.32ms
step:1036/1288 train_time:54242ms step_avg:52.36ms
step:1037/1288 train_time:54324ms step_avg:52.39ms
step:1038/1288 train_time:54412ms step_avg:52.42ms
step:1039/1288 train_time:54495ms step_avg:52.45ms
step:1040/1288 train_time:54583ms step_avg:52.48ms
step:1041/1288 train_time:54664ms step_avg:52.51ms
step:1042/1288 train_time:54750ms step_avg:52.54ms
step:1043/1288 train_time:54832ms step_avg:52.57ms
step:1044/1288 train_time:54920ms step_avg:52.61ms
step:1045/1288 train_time:55000ms step_avg:52.63ms
step:1046/1288 train_time:55087ms step_avg:52.66ms
step:1047/1288 train_time:55167ms step_avg:52.69ms
step:1048/1288 train_time:55255ms step_avg:52.72ms
step:1049/1288 train_time:55339ms step_avg:52.75ms
step:1050/1288 train_time:55427ms step_avg:52.79ms
step:1051/1288 train_time:55508ms step_avg:52.81ms
step:1052/1288 train_time:55595ms step_avg:52.85ms
step:1053/1288 train_time:55677ms step_avg:52.87ms
step:1054/1288 train_time:55764ms step_avg:52.91ms
step:1055/1288 train_time:55846ms step_avg:52.93ms
step:1056/1288 train_time:55934ms step_avg:52.97ms
step:1057/1288 train_time:56015ms step_avg:52.99ms
step:1058/1288 train_time:56102ms step_avg:53.03ms
step:1059/1288 train_time:56183ms step_avg:53.05ms
step:1060/1288 train_time:56269ms step_avg:53.08ms
step:1061/1288 train_time:56350ms step_avg:53.11ms
step:1062/1288 train_time:56439ms step_avg:53.14ms
step:1063/1288 train_time:56522ms step_avg:53.17ms
step:1064/1288 train_time:56608ms step_avg:53.20ms
step:1065/1288 train_time:56689ms step_avg:53.23ms
step:1066/1288 train_time:56777ms step_avg:53.26ms
step:1067/1288 train_time:56859ms step_avg:53.29ms
step:1068/1288 train_time:56946ms step_avg:53.32ms
step:1069/1288 train_time:57027ms step_avg:53.35ms
step:1070/1288 train_time:57115ms step_avg:53.38ms
step:1071/1288 train_time:57196ms step_avg:53.40ms
step:1072/1288 train_time:57284ms step_avg:53.44ms
step:1073/1288 train_time:57364ms step_avg:53.46ms
step:1074/1288 train_time:57452ms step_avg:53.49ms
step:1075/1288 train_time:57534ms step_avg:53.52ms
step:1076/1288 train_time:57621ms step_avg:53.55ms
step:1077/1288 train_time:57702ms step_avg:53.58ms
step:1078/1288 train_time:57790ms step_avg:53.61ms
step:1079/1288 train_time:57870ms step_avg:53.63ms
step:1080/1288 train_time:57958ms step_avg:53.66ms
step:1081/1288 train_time:58040ms step_avg:53.69ms
step:1082/1288 train_time:58127ms step_avg:53.72ms
step:1083/1288 train_time:58207ms step_avg:53.75ms
step:1084/1288 train_time:58295ms step_avg:53.78ms
step:1085/1288 train_time:58376ms step_avg:53.80ms
step:1086/1288 train_time:58463ms step_avg:53.83ms
step:1087/1288 train_time:58545ms step_avg:53.86ms
step:1088/1288 train_time:58633ms step_avg:53.89ms
step:1089/1288 train_time:58715ms step_avg:53.92ms
step:1090/1288 train_time:58802ms step_avg:53.95ms
step:1091/1288 train_time:58882ms step_avg:53.97ms
step:1092/1288 train_time:58969ms step_avg:54.00ms
step:1093/1288 train_time:59049ms step_avg:54.02ms
step:1094/1288 train_time:59136ms step_avg:54.06ms
step:1095/1288 train_time:59218ms step_avg:54.08ms
step:1096/1288 train_time:59305ms step_avg:54.11ms
step:1097/1288 train_time:59386ms step_avg:54.13ms
step:1098/1288 train_time:59473ms step_avg:54.16ms
step:1099/1288 train_time:59555ms step_avg:54.19ms
step:1100/1288 train_time:59643ms step_avg:54.22ms
step:1101/1288 train_time:59725ms step_avg:54.25ms
step:1102/1288 train_time:59812ms step_avg:54.28ms
step:1103/1288 train_time:59893ms step_avg:54.30ms
step:1104/1288 train_time:59981ms step_avg:54.33ms
step:1105/1288 train_time:60061ms step_avg:54.35ms
step:1106/1288 train_time:60147ms step_avg:54.38ms
step:1107/1288 train_time:60228ms step_avg:54.41ms
step:1108/1288 train_time:60316ms step_avg:54.44ms
step:1109/1288 train_time:60397ms step_avg:54.46ms
step:1110/1288 train_time:60485ms step_avg:54.49ms
step:1111/1288 train_time:60565ms step_avg:54.51ms
step:1112/1288 train_time:60653ms step_avg:54.54ms
step:1113/1288 train_time:60736ms step_avg:54.57ms
step:1114/1288 train_time:60824ms step_avg:54.60ms
step:1115/1288 train_time:60905ms step_avg:54.62ms
step:1116/1288 train_time:60992ms step_avg:54.65ms
step:1117/1288 train_time:61074ms step_avg:54.68ms
step:1118/1288 train_time:61161ms step_avg:54.71ms
step:1119/1288 train_time:61242ms step_avg:54.73ms
step:1120/1288 train_time:61329ms step_avg:54.76ms
step:1121/1288 train_time:61410ms step_avg:54.78ms
step:1122/1288 train_time:61498ms step_avg:54.81ms
step:1123/1288 train_time:61580ms step_avg:54.84ms
step:1124/1288 train_time:61667ms step_avg:54.86ms
step:1125/1288 train_time:61747ms step_avg:54.89ms
step:1126/1288 train_time:61835ms step_avg:54.92ms
step:1127/1288 train_time:61916ms step_avg:54.94ms
step:1128/1288 train_time:62004ms step_avg:54.97ms
step:1129/1288 train_time:62085ms step_avg:54.99ms
step:1130/1288 train_time:62171ms step_avg:55.02ms
step:1131/1288 train_time:62253ms step_avg:55.04ms
step:1132/1288 train_time:62341ms step_avg:55.07ms
step:1133/1288 train_time:62422ms step_avg:55.09ms
step:1134/1288 train_time:62509ms step_avg:55.12ms
step:1135/1288 train_time:62591ms step_avg:55.15ms
step:1136/1288 train_time:62680ms step_avg:55.18ms
step:1137/1288 train_time:62761ms step_avg:55.20ms
step:1138/1288 train_time:62848ms step_avg:55.23ms
step:1139/1288 train_time:62927ms step_avg:55.25ms
step:1140/1288 train_time:63017ms step_avg:55.28ms
step:1141/1288 train_time:63100ms step_avg:55.30ms
step:1142/1288 train_time:63186ms step_avg:55.33ms
step:1143/1288 train_time:63267ms step_avg:55.35ms
step:1144/1288 train_time:63354ms step_avg:55.38ms
step:1145/1288 train_time:63435ms step_avg:55.40ms
step:1146/1288 train_time:63524ms step_avg:55.43ms
step:1147/1288 train_time:63605ms step_avg:55.45ms
step:1148/1288 train_time:63693ms step_avg:55.48ms
step:1149/1288 train_time:63776ms step_avg:55.51ms
step:1150/1288 train_time:63863ms step_avg:55.53ms
step:1151/1288 train_time:63944ms step_avg:55.56ms
step:1152/1288 train_time:64032ms step_avg:55.58ms
step:1153/1288 train_time:64114ms step_avg:55.61ms
step:1154/1288 train_time:64202ms step_avg:55.63ms
step:1155/1288 train_time:64282ms step_avg:55.66ms
step:1156/1288 train_time:64369ms step_avg:55.68ms
step:1157/1288 train_time:64451ms step_avg:55.70ms
step:1158/1288 train_time:64538ms step_avg:55.73ms
step:1159/1288 train_time:64620ms step_avg:55.76ms
step:1160/1288 train_time:64707ms step_avg:55.78ms
step:1161/1288 train_time:64789ms step_avg:55.80ms
step:1162/1288 train_time:64877ms step_avg:55.83ms
step:1163/1288 train_time:64958ms step_avg:55.85ms
step:1164/1288 train_time:65046ms step_avg:55.88ms
step:1165/1288 train_time:65126ms step_avg:55.90ms
step:1166/1288 train_time:65214ms step_avg:55.93ms
step:1167/1288 train_time:65295ms step_avg:55.95ms
step:1168/1288 train_time:65384ms step_avg:55.98ms
step:1169/1288 train_time:65465ms step_avg:56.00ms
step:1170/1288 train_time:65552ms step_avg:56.03ms
step:1171/1288 train_time:65634ms step_avg:56.05ms
step:1172/1288 train_time:65722ms step_avg:56.08ms
step:1173/1288 train_time:65804ms step_avg:56.10ms
step:1174/1288 train_time:65890ms step_avg:56.12ms
step:1175/1288 train_time:65973ms step_avg:56.15ms
step:1176/1288 train_time:66060ms step_avg:56.17ms
step:1177/1288 train_time:66141ms step_avg:56.19ms
step:1178/1288 train_time:66227ms step_avg:56.22ms
step:1179/1288 train_time:66308ms step_avg:56.24ms
step:1180/1288 train_time:66396ms step_avg:56.27ms
step:1181/1288 train_time:66477ms step_avg:56.29ms
step:1182/1288 train_time:66565ms step_avg:56.32ms
step:1183/1288 train_time:66646ms step_avg:56.34ms
step:1184/1288 train_time:66733ms step_avg:56.36ms
step:1185/1288 train_time:66816ms step_avg:56.38ms
step:1186/1288 train_time:66903ms step_avg:56.41ms
step:1187/1288 train_time:66985ms step_avg:56.43ms
step:1188/1288 train_time:67072ms step_avg:56.46ms
step:1189/1288 train_time:67153ms step_avg:56.48ms
step:1190/1288 train_time:67240ms step_avg:56.50ms
step:1191/1288 train_time:67321ms step_avg:56.53ms
step:1192/1288 train_time:67408ms step_avg:56.55ms
step:1193/1288 train_time:67489ms step_avg:56.57ms
step:1194/1288 train_time:67577ms step_avg:56.60ms
step:1195/1288 train_time:67659ms step_avg:56.62ms
step:1196/1288 train_time:67746ms step_avg:56.64ms
step:1197/1288 train_time:67827ms step_avg:56.66ms
step:1198/1288 train_time:67915ms step_avg:56.69ms
step:1199/1288 train_time:67996ms step_avg:56.71ms
step:1200/1288 train_time:68084ms step_avg:56.74ms
step:1201/1288 train_time:68165ms step_avg:56.76ms
step:1202/1288 train_time:68252ms step_avg:56.78ms
step:1203/1288 train_time:68334ms step_avg:56.80ms
step:1204/1288 train_time:68422ms step_avg:56.83ms
step:1205/1288 train_time:68503ms step_avg:56.85ms
step:1206/1288 train_time:68590ms step_avg:56.87ms
step:1207/1288 train_time:68672ms step_avg:56.89ms
step:1208/1288 train_time:68759ms step_avg:56.92ms
step:1209/1288 train_time:68841ms step_avg:56.94ms
step:1210/1288 train_time:68928ms step_avg:56.97ms
step:1211/1288 train_time:69008ms step_avg:56.98ms
step:1212/1288 train_time:69096ms step_avg:57.01ms
step:1213/1288 train_time:69177ms step_avg:57.03ms
step:1214/1288 train_time:69264ms step_avg:57.05ms
step:1215/1288 train_time:69345ms step_avg:57.07ms
step:1216/1288 train_time:69432ms step_avg:57.10ms
step:1217/1288 train_time:69515ms step_avg:57.12ms
step:1218/1288 train_time:69604ms step_avg:57.15ms
step:1219/1288 train_time:69685ms step_avg:57.17ms
step:1220/1288 train_time:69772ms step_avg:57.19ms
step:1221/1288 train_time:69853ms step_avg:57.21ms
step:1222/1288 train_time:69942ms step_avg:57.24ms
step:1223/1288 train_time:70023ms step_avg:57.26ms
step:1224/1288 train_time:70110ms step_avg:57.28ms
step:1225/1288 train_time:70191ms step_avg:57.30ms
step:1226/1288 train_time:70280ms step_avg:57.32ms
step:1227/1288 train_time:70361ms step_avg:57.34ms
step:1228/1288 train_time:70447ms step_avg:57.37ms
step:1229/1288 train_time:70527ms step_avg:57.39ms
step:1230/1288 train_time:70616ms step_avg:57.41ms
step:1231/1288 train_time:70698ms step_avg:57.43ms
step:1232/1288 train_time:70785ms step_avg:57.46ms
step:1233/1288 train_time:70866ms step_avg:57.47ms
step:1234/1288 train_time:70954ms step_avg:57.50ms
step:1235/1288 train_time:71036ms step_avg:57.52ms
step:1236/1288 train_time:71124ms step_avg:57.54ms
step:1237/1288 train_time:71205ms step_avg:57.56ms
step:1238/1288 train_time:71293ms step_avg:57.59ms
step:1239/1288 train_time:71374ms step_avg:57.61ms
step:1240/1288 train_time:71461ms step_avg:57.63ms
step:1241/1288 train_time:71542ms step_avg:57.65ms
step:1242/1288 train_time:71629ms step_avg:57.67ms
step:1243/1288 train_time:71711ms step_avg:57.69ms
step:1244/1288 train_time:71799ms step_avg:57.72ms
step:1245/1288 train_time:71881ms step_avg:57.74ms
step:1246/1288 train_time:71967ms step_avg:57.76ms
step:1247/1288 train_time:72048ms step_avg:57.78ms
step:1248/1288 train_time:72136ms step_avg:57.80ms
step:1249/1288 train_time:72217ms step_avg:57.82ms
step:1250/1288 train_time:72305ms step_avg:57.84ms
step:1250/1288 val_loss:3.3013 train_time:72397ms step_avg:57.92ms
step:1251/1288 train_time:72417ms step_avg:57.89ms
step:1252/1288 train_time:72478ms step_avg:57.89ms
step:1253/1288 train_time:72560ms step_avg:57.91ms
step:1254/1288 train_time:72649ms step_avg:57.93ms
step:1255/1288 train_time:72730ms step_avg:57.95ms
step:1256/1288 train_time:72817ms step_avg:57.98ms
step:1257/1288 train_time:72896ms step_avg:57.99ms
step:1258/1288 train_time:72983ms step_avg:58.02ms
step:1259/1288 train_time:73064ms step_avg:58.03ms
step:1260/1288 train_time:73152ms step_avg:58.06ms
step:1261/1288 train_time:73233ms step_avg:58.08ms
step:1262/1288 train_time:73322ms step_avg:58.10ms
step:1263/1288 train_time:73408ms step_avg:58.12ms
step:1264/1288 train_time:73496ms step_avg:58.15ms
step:1265/1288 train_time:73577ms step_avg:58.16ms
step:1266/1288 train_time:73665ms step_avg:58.19ms
step:1267/1288 train_time:73747ms step_avg:58.21ms
step:1268/1288 train_time:73835ms step_avg:58.23ms
step:1269/1288 train_time:73914ms step_avg:58.25ms
step:1270/1288 train_time:74001ms step_avg:58.27ms
step:1271/1288 train_time:74083ms step_avg:58.29ms
step:1272/1288 train_time:74170ms step_avg:58.31ms
step:1273/1288 train_time:74252ms step_avg:58.33ms
step:1274/1288 train_time:74342ms step_avg:58.35ms
step:1275/1288 train_time:74430ms step_avg:58.38ms
step:1276/1288 train_time:74518ms step_avg:58.40ms
step:1277/1288 train_time:74599ms step_avg:58.42ms
step:1278/1288 train_time:74687ms step_avg:58.44ms
step:1279/1288 train_time:74769ms step_avg:58.46ms
step:1280/1288 train_time:74857ms step_avg:58.48ms
step:1281/1288 train_time:74937ms step_avg:58.50ms
step:1282/1288 train_time:75025ms step_avg:58.52ms
step:1283/1288 train_time:75105ms step_avg:58.54ms
step:1284/1288 train_time:75192ms step_avg:58.56ms
step:1285/1288 train_time:75275ms step_avg:58.58ms
step:1286/1288 train_time:75364ms step_avg:58.60ms
step:1287/1288 train_time:75448ms step_avg:58.62ms
step:1288/1288 train_time:75536ms step_avg:58.65ms
W0727 22:44:58.032000 89304 torch/distributed/elastic/agent/server/api.py:739] Received 15 death signal, shutting down workers
W0727 22:44:58.034000 89304 torch/distributed/elastic/multiprocessing/api.py:1010] Sending process 89401 closing signal SIGTERM
W0727 22:44:58.034000 89304 torch/distributed/elastic/multiprocessing/api.py:1010] Sending process 89402 closing signal SIGTERM
W0727 22:44:58.035000 89304 torch/distributed/elastic/multiprocessing/api.py:1010] Sending process 89403 closing signal SIGTERM
W0727 22:44:58.036000 89304 torch/distributed/elastic/multiprocessing/api.py:1010] Sending process 89404 closing signal SIGTERM
W0727 22:44:58.037000 89304 torch/distributed/elastic/multiprocessing/api.py:1010] Sending process 89405 closing signal SIGTERM
W0727 22:44:58.037000 89304 torch/distributed/elastic/multiprocessing/api.py:1010] Sending process 89406 closing signal SIGTERM
W0727 22:44:58.038000 89304 torch/distributed/elastic/multiprocessing/api.py:1010] Sending process 89407 closing signal SIGTERM
W0727 22:44:58.038000 89304 torch/distributed/elastic/multiprocessing/api.py:1010] Sending process 89408 closing signal SIGTERM
Traceback (most recent call last):
  File "/home/karan/speedrun/venv/bin/torchrun", line 6, in <module>
    sys.exit(main())
             ^^^^^^
  File "/home/karan/speedrun/venv/lib/python3.12/site-packages/torch/distributed/elastic/multiprocessing/errors/__init__.py", line 362, in wrapper
    return f(*args, **kwargs)
           ^^^^^^^^^^^^^^^^^^
  File "/home/karan/speedrun/venv/lib/python3.12/site-packages/torch/distributed/run.py", line 991, in main
    run(args)
  File "/home/karan/speedrun/venv/lib/python3.12/site-packages/torch/distributed/run.py", line 982, in run
    elastic_launch(
  File "/home/karan/speedrun/venv/lib/python3.12/site-packages/torch/distributed/launcher/api.py", line 170, in __call__
    return launch_agent(self._config, self._entrypoint, list(args))
           ^^^^^^^^^^^^^^^^^^^^^^^^^^^^^^^^^^^^^^^^^^^^^^^^^^^^^^^^
  File "/home/karan/speedrun/venv/lib/python3.12/site-packages/torch/distributed/launcher/api.py", line 308, in launch_agent
    result = agent.run()
             ^^^^^^^^^^^
  File "/home/karan/speedrun/venv/lib/python3.12/site-packages/torch/distributed/elastic/metrics/api.py", line 134, in wrapper
    result = f(*args, **kwargs)
             ^^^^^^^^^^^^^^^^^^
  File "/home/karan/speedrun/venv/lib/python3.12/site-packages/torch/distributed/elastic/agent/server/api.py", line 731, in run
    result = self._invoke_run(role)
             ^^^^^^^^^^^^^^^^^^^^^^
  File "/home/karan/speedrun/venv/lib/python3.12/site-packages/torch/distributed/elastic/agent/server/api.py", line 908, in _invoke_run
    time.sleep(monitor_interval)
  File "/home/karan/speedrun/venv/lib/python3.12/site-packages/torch/distributed/elastic/multiprocessing/api.py", line 86, in _terminate_process_handler
    raise SignalException(f"Process {os.getpid()} got signal: {sigval}", sigval=sigval)
torch.distributed.elastic.multiprocessing.api.SignalException: Process 89304 got signal: 15
INFRASTRUCTURE_FAILURE 10-candidate exit=1
